analysis_group,zone,model,relation_label,x_label,y_label,Equal-width bins | raw_amplitude,Equal-width bins | amplitude_norm_by_y_sd,Equal-width bins | amplitude_norm_by_y_range,Equal-width bins | strength_raw_net_change,Equal-width bins | strength_absolute_net_change,Equal-width bins | net_change_by_sd,Equal-width bins | absolute_net_change_by_sd,Equal-width bins | strength_normalized_net_change,Equal-width bins | strength_normalized_absolute_net_change,Equal-width bins | raw_total_variation,Equal-width bins | total_variation_by_sd,Equal-width bins | normalized_total_variation,Equal-width bins | mean_absolute_slope,Equal-width bins | median_absolute_slope,Equal-width bins | max_absolute_slope,Equal-width bins | slope_standard_deviation,Equal-width bins | slope_interquartile_range,Equal-width bins | overall_standardized_slope,Equal-width bins | mean_standardized_absolute_slope,Equal-width bins | max_standardized_absolute_slope,Equal-width bins | early_absolute_standardized_slope,Equal-width bins | middle_absolute_standardized_slope,Equal-width bins | late_absolute_standardized_slope,Equal-width bins | middle_to_early_absolute_slope_ratio,Equal-width bins | late_to_early_absolute_slope_ratio,Equal-width bins | accumulated_absolute_variation_final_value,Equal-width bins | accumulated_absolute_variation_early_value,Equal-width bins | accumulated_absolute_variation_middle_value,Equal-width bins | accumulated_absolute_variation_late_value,Equal-count bins | raw_amplitude,Equal-count bins | amplitude_norm_by_y_sd,Equal-count bins | amplitude_norm_by_y_range,Equal-count bins | strength_raw_net_change,Equal-count bins | strength_absolute_net_change,Equal-count bins | net_change_by_sd,Equal-count bins | absolute_net_change_by_sd,Equal-count bins | strength_normalized_net_change,Equal-count bins | strength_normalized_absolute_net_change,Equal-count bins | raw_total_variation,Equal-count bins | total_variation_by_sd,Equal-count bins | normalized_total_variation,Equal-count bins | mean_absolute_slope,Equal-count bins | median_absolute_slope,Equal-count bins | max_absolute_slope,Equal-count bins | slope_standard_deviation,Equal-count bins | slope_interquartile_range,Equal-count bins | overall_standardized_slope,Equal-count bins | mean_standardized_absolute_slope,Equal-count bins | max_standardized_absolute_slope,Equal-count bins | early_absolute_standardized_slope,Equal-count bins | middle_absolute_standardized_slope,Equal-count bins | late_absolute_standardized_slope,Equal-count bins | middle_to_early_absolute_slope_ratio,Equal-count bins | late_to_early_absolute_slope_ratio,Equal-count bins | accumulated_absolute_variation_final_value,Equal-count bins | accumulated_absolute_variation_early_value,Equal-count bins | accumulated_absolute_variation_middle_value,Equal-count bins | accumulated_absolute_variation_late_value,LOWESS | raw_amplitude,LOWESS | amplitude_norm_by_y_sd,LOWESS | amplitude_norm_by_y_range,LOWESS | strength_raw_net_change,LOWESS | strength_absolute_net_change,LOWESS | net_change_by_sd,LOWESS | absolute_net_change_by_sd,LOWESS | strength_normalized_net_change,LOWESS | strength_normalized_absolute_net_change,LOWESS | raw_total_variation,LOWESS | total_variation_by_sd,LOWESS | normalized_total_variation,LOWESS | mean_absolute_slope,LOWESS | median_absolute_slope,LOWESS | max_absolute_slope,LOWESS | slope_standard_deviation,LOWESS | slope_interquartile_range,LOWESS | overall_standardized_slope,LOWESS | mean_standardized_absolute_slope,LOWESS | max_standardized_absolute_slope,LOWESS | early_absolute_standardized_slope,LOWESS | middle_absolute_standardized_slope,LOWESS | late_absolute_standardized_slope,LOWESS | middle_to_early_absolute_slope_ratio,LOWESS | late_to_early_absolute_slope_ratio,LOWESS | accumulated_absolute_variation_final_value,LOWESS | accumulated_absolute_variation_early_value,LOWESS | accumulated_absolute_variation_middle_value,LOWESS | accumulated_absolute_variation_late_value,Generalized Additive Model (GAM) | raw_amplitude,Generalized Additive Model (GAM) | amplitude_norm_by_y_sd,Generalized Additive Model (GAM) | amplitude_norm_by_y_range,Generalized Additive Model (GAM) | strength_raw_net_change,Generalized Additive Model (GAM) | strength_absolute_net_change,Generalized Additive Model (GAM) | net_change_by_sd,Generalized Additive Model (GAM) | absolute_net_change_by_sd,Generalized Additive Model (GAM) | strength_normalized_net_change,Generalized Additive Model (GAM) | strength_normalized_absolute_net_change,Generalized Additive Model (GAM) | raw_total_variation,Generalized Additive Model (GAM) | total_variation_by_sd,Generalized Additive Model (GAM) | normalized_total_variation,Generalized Additive Model (GAM) | mean_absolute_slope,Generalized Additive Model (GAM) | median_absolute_slope,Generalized Additive Model (GAM) | max_absolute_slope,Generalized Additive Model (GAM) | slope_standard_deviation,Generalized Additive Model (GAM) | slope_interquartile_range,Generalized Additive Model (GAM) | overall_standardized_slope,Generalized Additive Model (GAM) | mean_standardized_absolute_slope,Generalized Additive Model (GAM) | max_standardized_absolute_slope,Generalized Additive Model (GAM) | early_absolute_standardized_slope,Generalized Additive Model (GAM) | middle_absolute_standardized_slope,Generalized Additive Model (GAM) | late_absolute_standardized_slope,Generalized Additive Model (GAM) | middle_to_early_absolute_slope_ratio,Generalized Additive Model (GAM) | late_to_early_absolute_slope_ratio,Generalized Additive Model (GAM) | accumulated_absolute_variation_final_value,Generalized Additive Model (GAM) | accumulated_absolute_variation_early_value,Generalized Additive Model (GAM) | accumulated_absolute_variation_middle_value,Generalized Additive Model (GAM) | accumulated_absolute_variation_late_value
HW_T,HW,CLASSIC,CLASSIC: LAI -> T,LAI,T,318.94726,2.4207363413237184,0.5143031481984389,318.65449,318.65449,2.4185142843646794,2.4185142843646794,0.9990820739453914,0.9990820739453914,319.24003,2.4229583982827565,1.0009179260546086,0.9896857651752224,0.9377798365503291,2.3361943775976317,0.6238550437870677,0.5248041100898868,0.986826426091396,0.9896857651752224,2.3361943775976317,1.5429807161907734,0.9151139181786484,0.5023846439047662,0.593081889213646,0.3255935985674701,1.0009179260546086,0.4974793324764726,0.8182973730515821,1.0009179260546086,306.542895,2.3265900641412647,0.494301082744412,286.58876499999997,286.58876499999997,2.1751428071543324,2.1751428071543324,0.9349059125966692,0.9349059125966692,326.497025,2.478037321128197,1.0650940874033306,1.0730512539950148,0.9341002313097618,2.08664800702389,0.7192812316802074,0.3158010170395149,0.9058957100339184,1.0730512539950148,2.08664800702389,1.3694406321228767,1.002713050440395,0.3455334475384823,0.7322062942487775,0.2523172158276361,1.0650940874033306,0.4766564235651261,0.8163501554978138,1.0650940874033306,463.73956202095167,3.5196766095236622,0.7477810491036688,463.73956202095167,463.73956202095167,3.5196766095236622,3.5196766095236622,1.0,1.0,475.60036110029824,3.6096973463956865,1.0255764227396478,0.9296188423296966,0.852047633570697,1.9534468753435592,0.4974071939783598,0.5170801006560493,0.8917260814565098,0.9296188423296966,1.9534468753435592,1.2223444168740962,0.8294611962035885,0.6588651529989306,0.678582226705605,0.5390175992163058,1.025576422739647,0.4443879803689766,0.7095168822485907,1.025576422739647,498.13347171381815,3.78071847303968,0.8032413030462612,498.13347171381815,498.13347171381815,3.78071847303968,3.78071847303968,1.0,1.0,498.13347171381815,3.78071847303968,1.0,0.9999999999999996,0.8876162466735862,2.749984549416216,0.5608828387256637,0.4410852581935471,0.9999999999999996,0.9999999999999996,2.749984549416216,1.3125721803417338,0.7544241544566117,0.93054790674622,0.574767746685134,0.7089498929528949,1.0,0.4389873512848607,0.6887799642989227,1.0
HW_T,HW,CLASSIC,CLASSIC: P -> T,P,T,250.48602,1.901131276711829,0.4039092502807427,115.13126500000004,115.13126500000004,0.8738198196406249,0.8738198196406249,0.4596314995942689,0.4596314995942689,385.8407749999999,2.9284427337830325,1.540368500405731,1.5308130605060342,1.5905596373725726,4.139313020192588,1.8871697903857776,2.185571762464553,0.8608656949442675,1.5308130605060342,4.139313020192588,1.6129187014550233,1.1819815821092003,0.2123031987314208,0.7328215495566689,0.1316267202679843,1.540368500405731,1.0960245406110884,1.4726593324449804,1.540368500405731,219.14147,1.663233351871721,0.35336609545363,215.54232,215.54232,1.6359166312236888,1.6359166312236888,0.9835761346312042,0.9835761346312042,222.74062,1.6905500725197533,1.0164238653687958,1.367842381392287,1.650385075031957,2.2920627783647394,0.7768311773863074,1.303266099542217,1.3545304439783223,1.367842381392287,2.2920627783647394,1.9584490115421984,0.8194775521522507,0.0599037183628406,0.4184319057185694,0.0305873259961304,1.0164238653687958,0.688321840681273,1.0,1.0164238653687958,294.38547624967725,2.234318052192968,0.4746972186533465,134.08443235806806,134.08443235806806,1.0176700004099022,1.0176700004099022,0.4554723081662729,0.4554723081662729,454.6946131818908,3.451027528292714,1.5445551831376734,2.0422763104890485,2.487637545272869,16.53910584243198,1.3465888717061054,2.2857562621738565,2.007190175937333,2.0422763104890485,16.53910584243198,3.0504277661337293,1.5624738513244651,0.1029729512716907,0.5122146699132711,0.0337568889238783,1.5445551831376756,1.1287971237004233,1.5152955552157206,1.5445551831376756,311.264947252135,2.3624293546006743,0.5019154022379564,165.3750354536736,165.3750354536736,1.2551584806541558,1.2551584806541558,0.5312999003376834,0.5312999003376834,490.92871439084865,3.726036022147547,1.5772052674893071,1.5772052674893071,1.2293039292407484,5.413298598501635,2.056137363706592,2.064596037693623,0.5312999003376833,1.5772052674893071,5.413298598501635,0.2557184947455685,1.0096056547246712,0.33335860908668,3.9481135524796342,1.3036155613944187,1.5772052674893065,1.0229247795070977,1.357208926054731,1.5772052674893065
HW_T,HW,LPJ-GUESS,LPJ-GUESS: LAI -> T,LAI,T,737.9480000000001,3.5281664885828357,0.7334390878602974,737.9480000000001,737.9480000000001,3.5281664885828357,3.5281664885828357,1.0,1.0,737.9480000000001,3.5281664885828357,1.0,1.0146108421374054,0.9836512797921708,1.6141838695228838,0.3036626189790348,0.3501503158844118,1.0146108421374054,1.0146108421374054,1.6141838695228838,1.361925328788309,0.7571411293179136,0.9247660683059934,0.5559343917860271,0.679013782002827,1.0,0.4342988733623505,0.7020046466688709,1.0,636.5009400000001,3.04314299443792,0.632611876251202,636.5009400000001,636.5009400000001,3.04314299443792,3.04314299443792,1.0,1.0,636.50094,3.0431429944379196,1.0,1.0486006272431811,1.094051749213237,1.682195303216718,0.3135572505067796,0.2300655956669897,1.0486006272431811,1.0486006272431811,1.682195303216718,1.2791190453804784,0.8049502169502483,0.903676343255406,0.6293004703958677,0.706483377383068,1.0,0.4553036323874086,0.6379812102084247,1.0,863.4225181031212,4.128066467907276,0.8581469481800809,863.4225181031212,863.4225181031212,4.128066467907276,4.128066467907276,1.0,1.0,863.4225181031212,4.128066467907276,1.0,1.0544576213494326,1.007446959636047,1.594138335172828,0.2906991875133295,0.3656260961482361,1.0544576213494326,1.0544576213494326,1.594138335172828,1.2965438764229864,0.8399400666040447,0.9224073166159026,0.6478300363589249,0.7114354811969164,1.0,0.4519262581196623,0.7102794675373255,1.0,822.8785346847316,3.9342236448216106,0.8178506912397453,822.8785346847316,822.8785346847316,3.9342236448216106,3.9342236448216106,1.0,1.0,822.8785346847316,3.9342236448216106,1.0,1.0,1.0381926231163905,1.8696673075756136,0.409999379745774,0.6007776511692202,1.0,1.0,1.8696673075756136,1.4366327037505204,0.8125847038775178,0.7489084394107371,0.5656175734800952,0.5212942998273756,1.0,0.4804791651339533,0.7495289500298538,1.0
HW_T,HW,LPJ-GUESS,LPJ-GUESS: P -> T,P,T,547.4558300000001,2.617413846755194,0.5441108378896644,534.2467800000002,534.2467800000002,2.554260714615782,2.554260714615782,0.9758719347275928,0.9758719347275928,592.0112400000003,2.830435502003354,1.0813863101978478,1.2068995161943246,1.0227573979768048,2.506616311914669,1.011120899570071,1.8799274372958883,1.1001716157372474,1.2068995161943246,2.506616311914669,1.6728435829982218,1.5626026755167697,0.0650685886967509,0.9340996919246516,0.0388969951273801,1.0813863101978478,0.472725132911636,0.9627013835983806,1.0813863101978478,493.10777500000006,2.3575730634335277,0.4900948531777588,493.10777500000006,493.10777500000006,2.3575730634335277,2.3575730634335277,1.0,1.0,493.10777500000006,2.3575730634335277,1.0,1.2632575083700548,1.3423269833232114,2.258601265475663,0.5558509277666775,0.6506218616832836,1.2632575083700548,1.2632575083700548,2.258601265475663,1.6673089359126243,0.9480284326200876,0.1886875979071083,0.5685979437884865,0.1131689477834097,1.0,0.5891209076960915,0.9502048005631224,1.0,581.664413232171,2.7809668030361814,0.5781104043669725,519.7819206309831,519.7819206309831,2.485103494746862,2.485103494746862,0.8936113484108102,0.8936113484108102,678.1553916897328,3.2422950221580407,1.1658877116469697,1.7931695435545372,1.9437632172285408,6.666057771620048,0.8693368553016427,1.043391501375467,1.7814618573549363,1.7931695435545372,6.666057771620048,2.278431995877336,1.7200882833084283,0.006469898066923,0.7549438764996315,0.0028396274624961,1.1658877116469737,0.6384296075820134,1.1346517515180343,1.1658877116469737,560.1373981680292,2.678045061736628,0.5567149208193525,495.3589676884112,495.3589676884112,2.3683361288562876,2.3683361288562876,0.8843526058222847,0.8843526058222847,735.8419479516675,3.5180973478572852,1.3136811617262,1.3136811617261996,1.3682142245959334,2.724686829483311,1.2219166739070793,2.050734149335809,0.8843526058222846,1.3136811617261996,2.724686829483311,1.1207640900257396,1.485938944905366,0.0523706459265795,1.3258266910311516,0.0467276266188871,1.313681161726199,0.6061322766583535,1.0981321279815344,1.313681161726199
all_zones_E_soil,CD,CLASSIC,CLASSIC: LAI -> E_soil,LAI,E_soil,150.878287,1.5711374235913338,0.3976501450748989,38.979117,38.979117,0.4059003497119845,0.4059003497119845,0.258348088217624,0.258348088217624,266.28329699999995,2.7728817811537447,1.764888124690864,1.6185397999521596,0.8712131467583311,6.593745948688833,2.5773313654394174,1.1956864636967648,0.0366308211742328,1.6185397999521596,6.593745948688833,2.442868309545782,0.7634903519040276,1.569485494119056,0.3125384814730304,0.6424765051747223,1.764888124690864,1.0,1.270715560284695,1.764888124690864,233.03582,2.426666587481165,0.6141819971129977,226.82916,226.82916,2.3620349165137755,2.3620349165137755,0.9733660687871932,0.9733660687871932,239.24248,2.491298258448555,1.0266339312128068,80.39364290955335,3.6501206608561385,593.9662695932864,194.3872853498756,12.408710576773384,80.38370522004351,80.39364290955335,593.9662695932864,91.87277035976965,0.0397507580393713,,0.0004326718121561,,1.0266339312128068,1.0,1.0266339312128068,1.0266339312128068,240.95614566730745,2.509143134043082,0.6350565623885516,171.79133436633936,171.79133436633936,1.788910782580981,1.788910782580981,0.7129568490173925,0.7129568490173925,323.8003468040074,3.371822763573851,1.3438144352254224,1187.863359763193,5.332720674201655,3749849.84138699,42207.44182332996,10.414539243340704,472.1454271932108,1187.863359763193,3749849.84138699,517.7766672731617,0.3498123809031743,0.4403495869262812,0.0006756047597614,0.0008504623996391,1.343814435225416,1.074746777794913,1.195788072156818,1.343814435225416,205.4919259392651,2.139844383897586,0.5415881621287837,103.18422018263854,103.18422018263854,1.0744858857857502,1.0744858857857502,0.5021327223004155,0.5021327223004155,310.67552691353,3.2351503760630824,1.5118624514977432,1.5118624514977437,0.6697465209937774,25.69114524405412,3.784447626756828,0.5926563084844356,0.5021327223004153,1.5118624514977437,25.69114524405412,2.857035980372857,0.390043482396243,0.9695160931223348,0.1365203256366902,0.3393433263643422,1.5118624514977457,1.0584647455798113,1.187609577543786,1.5118624514977457
all_zones_E_soil,CD,CLASSIC,CLASSIC: P -> E_soil,P,E_soil,249.848755,2.601744339914214,0.6584936484103433,170.85511000000002,170.85511000000002,1.7791616187477923,1.7791616187477923,0.6838341459816362,0.6838341459816362,346.32312,3.6063586438180626,1.3861310615696287,1.3043658532841709,1.1223858033627083,2.6745516885522083,1.4389614603618053,2.257827802158781,0.5971087611537487,1.3043658532841709,2.6745516885522083,2.341797602989255,0.0100552752376647,0.5605265947656739,0.0042938276240565,0.2393574039234533,1.3861310615696285,0.8854447563687079,1.1414163740779897,1.3861310615696285,233.08884,2.427218699437465,0.6143217349845701,233.08884,233.08884,2.4272186994374656,2.4272186994374656,1.0,1.0,233.08884,2.4272186994374656,1.0,1.2691216080083916,1.2977591103751482,3.248285581606477,0.9567269180699204,1.0545201712003085,1.2691216080083916,1.2691216080083916,3.248285581606477,1.5836154247595635,1.5797506740012597,0.3314372838923308,0.9975595395839928,0.2092915228725131,1.0,0.4933969811682103,0.9084541756696716,1.0,239.6104960405645,2.4951305114871434,0.6315100098664228,142.3711259088307,142.3711259088307,1.482549997099302,1.482549997099302,0.5941773347221325,0.5941773347221325,339.7529491959177,3.5379416340883534,1.417938507745503,1.9716494403546032,1.9945422898862637,95.62762512232084,2.335925279197674,1.7079304501337318,1.8749862786782463,1.9716494403546032,95.62762512232084,2.3673298566245977,0.5938548819081497,0.8073224051741271,0.2508543033182895,0.3410265801848285,1.4179385077454936,0.9304425654005576,1.1487705407687143,1.4179385077454936,208.6685164564328,2.172923101453198,0.5499602858127919,130.17026094895866,130.17026094895866,1.3554990083865317,1.3554990083865317,0.6238136119405271,0.6238136119405271,287.8868134487691,2.9978451860857755,1.3796370355126193,1.3796370355126193,1.3146333291795744,5.397982881863122,1.6970428483357545,2.5895482614414207,0.6238136119405275,1.3796370355126193,5.397982881863122,2.6868131455353472,0.1876565445607307,1.007390424948293,0.0698435411753727,0.3749387733278975,1.3796370355126202,0.8985997142258683,1.04238148494474,1.3796370355126202
all_zones_E_soil,CD,LPJ-GUESS,LPJ-GUESS: LAI -> E_soil,LAI,E_soil,42.10029599999999,1.1796777208422051,0.1660725413961498,15.344048,15.344048,0.4299502210895002,0.4299502210895002,0.3644641358341044,0.3644641358341044,68.85654399999999,1.9294052205949104,1.6355358641658957,1.5289051953493558,1.1190334586906618,3.3920138998544265,1.7911145039508083,1.2530181378549583,0.5513625749643504,1.5289051953493558,3.3920138998544265,1.1269978710145434,0.6736760014004299,1.5479561125141998,0.5977615563674268,1.3735217717143533,1.6355358641658957,0.7190269398580952,0.9606023672612658,1.6355358641658957,63.5286305,1.7801136133690514,0.2506006399231006,6.690939999999998,6.690939999999998,0.1874844977216299,0.1874844977216299,0.1053216470643105,0.1053216470643105,133.748201,3.747711724459733,2.1053216470643106,300.6514566332935,0.9067968871814104,2538.323158126875,793.3437682911565,1.9913732446052896,298.5264458687953,300.6514566332935,2538.323158126875,537.0186215716585,0.4090178100443344,0.4178515307321738,0.0007616454879111,0.0007780950491237,2.1053216470643106,1.8226070763480413,1.9998723410226824,2.1053216470643106,67.60649612636361,1.8943780648116113,0.2666865483937253,43.34854444905718,43.34854444905718,1.2146544555765313,1.2146544555765313,0.6411890414795971,0.6411890414795971,179.65544183411737,5.034062519650004,2.6573695151768044,829.6476735545604,1.5374144884415393,5758.091718822535,1830.4945926187424,1.9276323566616325,826.6296363542391,829.6476735545604,5758.091718822535,1105.1372219784623,0.6709103892096444,0.9808390090408692,0.0006070833339669,0.0008875268966915,2.6573695151768058,2.0629412746351403,2.359006846505591,2.6573695151768058,45.87226356534019,1.2853707093326248,0.1809517773910676,-32.52848187762999,32.52848187762999,-0.91146925341949,0.91146925341949,-0.7091100231253382,0.7091100231253382,127.23517463968506,3.565212482826811,2.7736842429511244,2.7736842429511244,2.0833632396329342,14.395525723023766,3.700423922099212,4.529303933110834,-0.7091100231253382,2.7736842429511244,14.395525723023766,0.9466519205658896,1.4915924057988363,2.6502635303197195,1.57565032446899,2.7996177610197477,2.773684242951125,1.1205265622555445,1.6789725151050257,2.773684242951125
all_zones_E_soil,CD,LPJ-GUESS,LPJ-GUESS: P -> E_soil,P,E_soil,84.67244350000001,2.372577028109742,0.3340063898426488,84.67244350000001,84.67244350000001,2.372577028109742,2.372577028109742,1.0,1.0,86.45126150000002,2.422420667309644,1.0210082280193085,1.0142107659906674,0.655785252075759,2.6166773730153485,0.784044987723833,1.0092222721813864,0.9903790680744018,1.0142107659906674,2.6166773730153485,1.192347624471646,1.1233384885007125,0.6554510912508471,0.94212330820761,0.5497147625393988,1.0210082280193085,0.4242106110945055,0.7736764854317684,1.0210082280193085,60.87688750000001,1.705810046987968,0.2401403405670237,58.063291500000005,58.063291500000005,1.6269712541051162,1.6269712541051162,0.9537821968969752,0.9537821968969752,64.0703915,1.7952941095280617,1.0524583981071634,1.0916682448954207,0.9974178991354145,3.4655176722947587,1.0369790097641078,1.0797391804119778,1.035504094216047,1.0916682448954207,3.4655176722947587,1.6296244380497071,0.6404469885604189,1.4290265145214576,0.3930028131677318,0.8769054275055423,1.0524583981071634,0.3220444458498309,0.5459192620516282,1.0524583981071634,85.80440386660783,2.404295295016074,0.3384716205584204,52.96506101882666,52.96506101882666,1.484115514697516,1.484115514697516,0.6172767204485978,0.6172767204485978,118.90621986134296,3.331829743904681,1.3857822501301391,1.8281768978566983,1.2679367929077665,8.971018386615434,2.167496488732172,1.706928574969062,1.2537242258314951,1.8281768978566983,8.971018386615434,1.1822247532865444,1.5467782270547177,0.5361578334888218,1.308362240559358,0.453515993467673,1.3857822501301449,0.8625588912102702,1.206546495013794,1.3857822501301449,96.85478902742491,2.7139342861752156,0.3820619446517046,52.6774844299516,52.6774844299516,1.4760574313307933,1.4760574313307933,0.5438810507866132,0.5438810507866132,154.22665428086754,4.321531326410926,1.592349287315029,1.592349287315029,1.0320459218403302,15.987674586452174,2.586789097825176,1.9768603668776852,0.5438810507866133,1.592349287315029,15.987674586452174,0.0270706437066576,1.2651660298348035,0.3466193286088605,46.73572019728718,12.804251438011232,1.592349287315027,0.9212916254189664,1.4054098778321098,1.592349287315027
all_zones_E_soil,CW,CLASSIC,CLASSIC: LAI -> E_soil,LAI,E_soil,108.64912399999996,1.8417021106240128,0.3171861639401276,-26.701276000000007,26.701276000000007,-0.4526110708960186,0.4526110708960186,-0.2457569377181542,0.2457569377181542,198.72393199999993,3.3685525618771,1.8290431131317728,1.8323562600491337,1.8746968517147564,5.490417746025487,2.339051343823518,2.235241432311597,-0.2400733976913991,1.8323562600491337,5.490417746025487,0.8116943831473457,0.930944015016842,1.0224182050899902,1.1469144475376385,1.2596098067422403,1.8290431131317724,0.5767542129469904,0.9553649967762275,1.8290431131317724,103.96954,1.762378878071836,0.3035247625118419,-68.56604499999999,68.56604499999999,-1.162257229001138,1.162257229001138,-0.659482046376275,0.659482046376275,152.469375,2.5844954787028396,1.4664811924723338,1.8870652906199077,1.2508524415000737,6.991146387863234,2.6441831728791976,0.6061371293774407,-0.2401690710999757,1.8870652906199077,6.991146387863234,0.4350661037996453,1.1884956650632807,0.7713651637081644,2.7317588170707077,1.7729838223926315,1.4664811924723338,0.8185025152559106,1.2461588269025718,1.4664811924723338,111.36309994493274,1.8877064872995712,0.3251092431818803,-90.72250325083576,90.72250325083576,-1.5378294786634277,1.5378294786634277,-0.8146549736465362,0.8146549736465362,167.24848635297934,2.8350149451269715,1.5018303768095629,2.9160151837415857,1.9510843659568868,11.795781269781266,3.8477480823683488,1.4165530589182609,-0.6243342277459496,2.9160151837415857,11.795781269781266,0.3790595253747388,1.3926806895908506,0.3744301538707253,3.6740421922230926,0.987787217589541,1.5018303768095609,0.961324481225492,1.3878208657995246,1.5018303768095609,88.07411651946595,1.492936899198982,0.2571202613766608,-25.998390791449552,25.998390791449552,-0.4406965231808086,0.4406965231808086,-0.2951876421684394,0.2951876421684394,150.2402194129528,2.5467092509043145,1.7058385068188229,1.7058385068188229,1.5490020545718737,4.3331335882054365,1.9843576850610547,3.321887582702184,-0.2951876421684392,1.7058385068188229,4.3331335882054365,0.0999160259657387,1.7283367983689604,0.9283584062673764,17.297893722890944,9.29138641468498,1.705838506818821,0.7210380218457589,1.293296694215414,1.705838506818821
all_zones_E_soil,CW,CLASSIC,CLASSIC: P -> E_soil,P,E_soil,73.357665,1.24347957431253,0.2141576066177484,43.92592000000002,43.92592000000002,0.7445845543596061,0.7445845543596061,0.5987911420026799,0.5987911420026799,135.00499000000002,2.2884581658272167,1.840366511120549,1.8305531717864023,2.2524006522148303,2.8480692602569215,1.9632012026557468,3.518305770822793,0.4689325065588426,1.8305531717864023,2.8480692602569215,0.8347493105308774,1.0733403972557811,0.5012921881101312,1.2858236403611605,0.6005302212125497,1.840366511120549,0.3174630762852117,1.1561869506070024,1.840366511120549,49.457575000000006,0.8383511703586808,0.1443845832758961,49.457575000000006,49.457575000000006,0.8383511703586808,0.8383511703586808,1.0,1.0,121.37304499999998,2.057384219217113,2.4540840306060288,3.284880457851988,4.360642620429321,6.746739232588172,4.047103814880646,4.229076527256554,0.4306727326565802,3.284880457851988,6.746739232588172,2.401075893682895,1.4659011588097972,0.1353556544168324,0.6105184607727338,0.0563729179793717,2.4540840306060288,0.7987412443897619,2.4072310460025577,2.4540840306060288,79.11216948379708,1.341023693061287,0.2309570904552054,50.18171351209298,50.18171351209298,0.8506259810244876,0.8506259810244876,0.634310926366021,0.634310926366021,185.4791815580367,3.1440419174686647,2.34450885076568,5.0600317783840065,5.5444802669481135,39.28399788527099,6.041857812363364,8.51746871403181,0.9000198155565545,5.0600317783840065,39.28399788527099,0.5073777699640182,2.5125110193811717,0.1806745336945878,4.951953294207888,0.3560946978567879,2.344508850765669,1.781983688892356,2.287761223825212,2.344508850765669,99.56326971360672,1.6876885631602276,0.2906612628537641,5.274644125023599,5.274644125023599,0.0894100463971206,0.0894100463971206,0.0529778113976779,0.0529778113976779,300.5759892411733,5.095038168815512,3.018944537536571,3.0189445375365707,2.7400149146561747,11.610895622719683,3.6669924564120424,5.834915958608473,0.0529778113976777,3.0189445375365707,11.610895622719683,0.0529025299078371,1.8704742261398732,1.746268357707255,35.356990098554355,33.00916536032349,3.01894453753657,0.9926138574909746,2.334002629326221,3.01894453753657
all_zones_E_soil,CW,LPJ-GUESS,LPJ-GUESS: LAI -> E_soil,LAI,E_soil,90.1068295,2.516776104265937,0.3956269990491797,54.72672499999999,54.72672499999999,1.528573522218238,1.528573522218238,0.6073537966397984,0.6073537966397984,166.94406400000005,4.662918819313727,1.8527348584604235,1.803662428976602,0.9312677540916788,8.06065934695993,2.8986829336064943,1.6513230951930695,0.559837037527013,1.803662428976602,8.06065934695993,0.2191882462804079,0.7177829524617675,2.6164823113232143,3.274732859277073,11.937146976284229,1.8527348584604235,0.5168519440582471,0.7647479151399951,1.8527348584604235,37.004695,1.03357905986082,0.1624744374518269,-37.004695,37.004695,-1.03357905986082,1.03357905986082,-1.0,1.0,91.473157,2.554939031778567,2.471933818127673,2.561903403658947,2.6273377863729763,5.153087806417517,2.686892132957727,4.158116266459437,-1.236661955901623,2.561903403658947,5.153087806417517,1.983117923283262,1.0452485818103785,2.772116526231985,0.5270733371618458,1.397857633015818,2.471933818127673,1.0968852465883043,1.6320505546661042,2.471933818127673,51.203106439678635,1.4301552442433734,0.2248146056756529,-19.694392618765377,19.694392618765377,-0.5500845719018462,0.5500845719018462,-0.3846327691458906,0.3846327691458906,128.0424761167429,3.576357596975049,2.5006778889008845,2.522008131358639,2.357819068156136,6.412695006364739,2.7712443407150964,4.370687287823388,-1.417679069999716,2.522008131358639,6.412695006364739,1.815678604665653,1.297242796805469,0.5607702205963953,0.7144671934074748,0.3088488343451389,2.500677888900884,1.2058283727808266,1.7852846540763956,2.500677888900884,123.1629762217384,3.4400681635918064,0.5407647671875065,74.62934281737594,74.62934281737594,2.084474037340782,2.084474037340782,0.6059397483462547,0.6059397483462547,233.74656951074323,6.528781268447308,1.89786392535622,1.8978639253562195,1.5756149638918573,6.00769128240605,2.449092686425754,3.168071635329059,0.6059397483462547,1.8978639253562195,6.00769128240605,0.2650809575168523,0.804927026506562,2.8737185613136504,3.036532816414734,10.840909087673548,1.8978639253562208,0.5626962925862636,0.858973812083193,1.8978639253562208
all_zones_E_soil,CW,LPJ-GUESS,LPJ-GUESS: P -> E_soil,P,E_soil,91.918657,2.5673823034003975,0.403582088364799,47.93595000000002,47.93595000000002,1.3389002161627137,1.3389002161627137,0.521504029372405,0.521504029372405,180.13949999999994,5.031480871651506,1.9597708003936565,1.8961793951385693,2.154802199304204,2.7641506046484765,1.933734193737482,2.644517413538991,0.7161976562160981,1.8961793951385693,2.7641506046484765,0.1483962441024441,1.203738483271486,0.7964582412743644,8.111650605122424,5.367105118405395,1.9597708003936565,0.7371701916837188,1.2309470426662124,1.9597708003936565,54.164145999999995,1.5128601141245506,0.2378154758851173,47.38916549999999,47.38916549999999,1.3236279646428322,1.3236279646428322,0.8749176161662365,0.8749176161662365,63.59089449999999,1.7761588618151989,1.174040379035977,1.113390943693792,0.8955924685782966,2.934193879572294,1.2380098522294498,1.154823598674853,0.7044929977628631,1.113390943693792,2.934193879572294,0.0801899335528515,1.2704681235105626,0.9378047516121129,15.84323701519497,11.69479397303684,1.174040379035977,0.2571135433391677,0.8522881630959344,1.174040379035977,98.26561496124472,2.7446593446666334,0.4314493204628782,58.08500844193249,58.08500844193249,1.6223738208738208,1.6223738208738208,0.591102070290211,0.591102070290211,140.00667357958156,3.910529894993719,1.4247778700087437,1.158314654265196,0.8703328559592506,9.932096215955436,1.2809657856944114,1.0062335520779373,0.9408615234767448,1.158314654265196,9.932096215955436,0.8252093901107757,1.3937360690161087,1.1293238393957086,1.6889483877892062,1.3685300396837567,1.4247778700087443,0.6446838149194478,1.0469084122861514,1.4247778700087443,95.89473946564333,2.678438362010493,0.4210396504894826,35.503555135685886,35.503555135685886,0.991650684834965,0.991650684834965,0.3702346482562365,0.3702346482562365,158.4376135610928,4.425324939742543,1.652203389299128,1.6522033892991284,1.3729546077197103,9.17013709098132,2.314912960923035,1.8679157635877237,0.3702346482562367,1.6522033892991284,9.17013709098132,1.1166245909776276,1.4549809145570705,0.7831950838522752,1.3030170805061754,0.7013951601823241,1.652203389299128,0.8860776630267821,1.384713884079101,1.652203389299128
all_zones_E_soil,HD,CLASSIC,CLASSIC: LAI -> E_soil,LAI,E_soil,183.4763,1.5979323656290054,0.3912804519251547,150.91365500000003,150.91365500000003,1.3143376759825092,1.3143376759825092,0.8225239717609306,0.8225239717609306,302.984135,2.6387503758720223,1.651352981284231,1.4762274687980623,1.2611291910443347,5.6388158892502025,2.0584556646573335,2.0706428594508353,0.5889191850249279,1.4762274687980623,5.6388158892502025,1.8396361068998413,0.1241073373068423,0.0512287854817848,0.067462981858944,0.0278472385324702,1.6513529812842314,1.1726415891316753,1.363117906781421,1.6513529812842314,257.777154,2.2450335955997174,0.549734005498804,229.133459,229.133459,1.9955698375464663,1.9955698375464663,0.8888819487858882,0.8888819487858882,286.420849,2.4944973536529687,1.111118051214112,14.552792755089992,1.3979350644001642,85.47058075819447,25.89010037515621,14.233367634411175,14.484878616120469,14.552792755089992,85.47058075819447,18.63169945307367,0.2476249989314129,0.3056136253628689,0.013290521326575,0.0164028851008785,1.111118051214112,0.9286820235434828,1.0,1.111118051214112,255.9269527480351,2.2289198170711444,0.5457882774564284,229.75564021100791,229.75564021100791,2.000988540094729,2.000988540094729,0.8977391312012638,0.8977391312012638,315.62499180609706,2.7488421654914132,1.2332620242496928,40.176529364371206,3.0116292441259693,612.8703683666944,92.35648157131764,30.77136692665681,39.92870008573487,40.176529364371206,612.8703683666944,45.96108613600619,0.4474399821109087,0.1287942359691734,0.0097351916529314,0.0028022452643536,1.2332620242496966,1.0840662207515654,1.1897594531258118,1.2332620242496966,232.00227240707952,2.020554916241223,0.4947666483088276,185.1154787543428,185.1154787543428,1.6122083063614914,1.6122083063614914,0.7979037310011021,0.7979037310011021,335.9553554655078,2.9259034322401987,1.4480692450978598,1.44806924509786,0.4885608681605594,24.738142594760365,3.5710444846014164,1.102228344094767,0.797903731001102,1.44806924509786,24.738142594760365,2.456926371460905,0.0228912742456595,0.048531854264407,0.0093170371369526,0.0197530763754836,1.448069245097861,1.1871841830151078,1.3027080196331282,1.448069245097861
all_zones_E_soil,HD,CLASSIC,CLASSIC: P -> E_soil,P,E_soil,246.82849700000003,2.14967951782253,0.5263849655468674,205.25766700000003,205.25766700000003,1.7876307152084532,1.7876307152084532,0.8315801031677473,0.8315801031677473,415.51568700000007,3.618810520398937,1.683418616773411,1.6154440227038367,1.5260328998892234,3.273608904569144,1.8295682338518853,2.191918379450134,0.7459306879693014,1.6154440227038367,3.273608904569144,2.5608086580714153,0.250613948121581,0.573630542285092,0.0978651596368478,0.2240036718389971,1.683418616773411,0.9077248969352189,1.0105539272477118,1.683418616773411,285.821977,2.489281655758096,0.6095422260569958,285.15463700000004,285.15463700000004,2.483469656143548,2.483469656143548,0.9976651900354044,0.9976651900354044,286.4893169999999,2.4950936553726444,1.0023348099645957,1.6194789420414215,1.4338337347652252,3.8933300052243456,1.1903667064951338,1.1016437864257045,1.6170787113791183,1.6194789420414215,3.8933300052243456,2.384311229555017,1.0610098690246803,0.2550662582938098,0.4449963812915045,0.1069769143944403,1.0023348099645957,0.6431871122352499,0.8992046542313294,1.0023348099645957,296.4144120843542,2.581533324513754,0.6321315892978829,202.31194166009416,202.31194166009416,1.7619757948678474,1.7619757948678474,0.6825307185216076,0.6825307185216076,390.60816268072614,3.4018858317200213,1.3177772292987098,2.9609157278424476,2.570770665725405,7.1399927387473054,2.257594089984887,3.9999019578506543,2.9020930314034508,2.9609157278424476,7.1399927387473054,3.7219581417212777,0.3086729730043116,0.756788656358925,0.0829329512184038,0.2033307811486929,1.3177772292987042,0.9067945164088717,1.071531185735514,1.3177772292987042,300.53422289103986,2.617413593672611,0.6409174730021331,251.8683227666922,251.8683227666922,2.1935723841476547,2.1935723841476547,0.8380686909590601,0.8380686909590601,423.49454751543783,3.688300037347215,1.4091391770346828,1.409139177034683,1.2265497275200383,7.438039218757517,1.702927689796913,1.9946261619625,0.8380686909590601,1.409139177034683,7.438039218757517,2.6724743175361345,0.139554808392909,0.3048081918775252,0.0522193262914385,0.1140546758026623,1.4091391770346835,0.8938041195773025,1.0599887699514663,1.4091391770346835
all_zones_E_soil,HD,LPJ-GUESS,LPJ-GUESS: LAI -> E_soil,LAI,E_soil,78.005136,1.8066755867857136,0.3557568732022557,23.985366000000003,23.985366000000003,0.5555246412533671,0.5555246412533671,0.3074844456395795,0.3074844456395795,151.388128,3.5062977774539195,1.9407456452611016,1.9638063374127777,1.063796980584905,6.754189889782197,2.840797366192155,0.7956665703216776,0.2154967205572976,1.9638063374127777,6.754189889782197,1.8625742418985327,0.6400616402095856,1.8561457204362253,0.3436435583674597,0.9965485824308647,1.9407456452611016,0.6398325617943926,1.1016919834611918,1.9407456452611016,56.086643,1.299021754835039,0.2557935254685176,50.521888,50.521888,1.1701365618787216,1.1701365618787216,0.9007828833685052,0.9007828833685052,64.68519599999999,1.4981726900604195,1.1533083910905488,2.058585348869052,1.944442253851974,5.807346193577582,1.8903015004052737,2.671988596611061,1.9278178869849685,2.058585348869052,5.807346193577582,2.733546535277369,0.6176108946240346,0.2861400180475678,0.2259375820581618,0.1046772075597877,1.1533083910905488,0.8615510291817607,1.0540912744590545,1.1533083910905488,66.4308383718892,1.5386034824194117,0.302970144727236,66.4308383718892,66.4308383718892,1.5386034824194117,1.5386034824194117,1.0,1.0,79.49197501608344,1.841112239159968,1.1966125517049195,3.0990660552740588,2.6499435409376715,6.968716955541703,2.6842382856154794,5.352726608076959,2.9533872447880216,3.0990660552740588,6.968716955541703,3.691309109786102,0.2346477780268606,0.4780457554105125,0.063567631712224,0.129505750180378,1.19661255170492,0.8682500914886992,1.0383458578536409,1.19661255170492,75.02303373131977,1.7376071684430694,0.3421564433706222,37.56513141618489,37.56513141618489,0.8700453498859138,0.8700453498859138,0.5007146411956228,0.5007146411956228,122.97055536772716,2.848118876125715,1.6391040091516695,1.639104009151669,0.8794165144389846,6.251466226959943,2.3272759332580253,1.5183613858885734,0.5007146411956228,1.639104009151669,6.251466226959943,2.777416837126147,0.213762793262463,1.4919052252810736,0.0769646062503343,0.5371556783765954,1.6391040091516702,0.9293397101487536,1.1394982498308996,1.6391040091516702
all_zones_E_soil,HD,LPJ-GUESS,LPJ-GUESS: P -> E_soil,P,E_soil,128.06508000000002,2.9661130717823427,0.5840645214335213,125.91254,125.91254,2.91625813059514,2.91625813059514,0.9831918271553804,0.9831918271553804,140.20722000000004,3.247336963364742,1.094812262640214,1.0872457285239276,0.509731199296018,3.4583887789216687,1.1079933895585805,1.2063058134271647,0.973972128680368,1.0872457285239276,3.4583887789216687,1.1324165793295684,1.35415677413841,0.4353430325731257,1.1958115051089413,0.3844371766712074,1.094812262640214,0.4067015770419226,0.8420997980089496,1.094812262640214,76.342409,1.768165195900818,0.3481736986980927,76.342409,76.342409,1.768165195900818,1.768165195900818,1.0,1.0,76.342409,1.768165195900818,1.0,1.278889930366936,1.3459416363985417,2.194128193320332,0.6959802571853841,1.0656402863098335,1.278889930366936,1.278889930366936,2.194128193320332,1.6851834806916088,0.8854996939453365,0.6565462909768538,0.5254618883291702,0.389599292005523,1.0,0.5270973110109742,0.7240113486594325,1.0,167.34212629638122,3.8758080521836864,0.7631947671524802,167.34212629638122,167.34212629638122,3.8758080521836864,3.8758080521836864,1.0,1.0,168.54927767618187,3.9037668641193584,1.0072136730094052,1.0382780392775235,1.042500475941771,2.511236912784347,0.7059478856253099,1.298512381344353,1.0290899790339672,1.0382780392775235,2.511236912784347,1.1614391252401437,0.5733364018152632,1.244798656023112,0.493643092742134,1.071772621544614,1.0072136730094057,0.3103011022747934,0.5904184358918109,1.0072136730094057,132.69649791898797,3.0733812609748776,0.6051869608245897,132.20200640733427,132.20200640733427,3.061928351746215,3.061928351746215,0.9962735149803608,0.9962735149803608,153.76166201147683,3.5612711570649846,1.1587469482830606,1.1587469482830606,1.1245239364342283,3.100880715669405,1.0319788606872171,1.5834178756230726,0.9962735149803608,1.1587469482830606,3.100880715669405,1.4017028811672971,1.1069708558697895,0.4812537813128897,0.7897328818700412,0.3433350874702602,1.158746948283061,0.476249920262455,0.8679441410999993,1.158746948283061
all_zones_E_soil,HW,CLASSIC,CLASSIC: LAI -> E_soil,LAI,E_soil,266.8822725,2.9111349720464466,0.6434438003712355,-266.8822725,266.8822725,-2.911134972046446,2.911134972046446,-1.0,1.0,266.8822725,2.911134972046446,1.0,0.9928140450850412,0.955434720225125,1.917137342379446,0.4292590370863806,0.3423322448699584,-0.9928140450850412,0.9928140450850412,1.917137342379446,1.1592114440484245,0.8506678215502678,0.9685628696564312,0.7338331810971427,0.8355359797638187,1.0000000000000002,0.3717032947551807,0.6707797349110177,1.0000000000000002,250.116565,2.7282556935647655,0.6030222675033582,-250.116565,250.116565,-2.728255693564765,2.728255693564765,-1.0,1.0,250.116565,2.728255693564765,1.0,1.008623516602189,0.877656979270918,1.8443493731510616,0.4072847372929855,0.2405939713329009,-1.008623516602189,1.008623516602189,1.8443493731510616,0.9803878250616128,0.9305798686642652,1.1149028560806895,0.9491956599989222,1.137205937875272,1.0,0.3435117542094823,0.6719196907250025,1.0,285.7683567554566,3.117143186252864,0.6889774872423345,-278.7031923921364,278.7031923921364,-3.0400768196161745,3.0400768196161745,-0.975276603597626,0.975276603597626,292.8530994392347,3.1944231119725335,1.0247919075583334,1.024816617147289,1.0083704656757304,2.1496534862188734,0.4845029889580706,0.54504238892141,-1.0072128085511274,1.024816617147289,2.1496534862188734,1.1716853969062833,0.9801631239500224,0.8875456718708977,0.8365412136551706,0.7574948652721731,1.0247919075583396,0.4225185367144812,0.7448926296982903,1.0247919075583396,279.5939331353867,3.049792963384033,0.6740911684097501,-264.9861960463238,264.9861960463238,-2.89045268984664,2.89045268984664,-0.9477537408439064,0.9477537408439064,294.20167022444963,3.2091332369214256,1.0522462591560937,1.0522462591560937,1.028894348548791,2.0847043227269393,0.619216550895281,0.4716187433625941,-0.9477537408439064,1.0522462591560937,2.0847043227269393,1.215529455884869,0.9898603547200268,0.6382924780655853,0.8143450164269678,0.5251147760964192,1.0522462591560937,0.4065315905969461,0.7342779956714698,1.0522462591560937
all_zones_E_soil,HW,CLASSIC,CLASSIC: P -> E_soil,P,E_soil,168.8334325,1.841624418127634,0.4070514853605365,-94.11201,94.11201,-1.026567860930459,1.026567860930459,-0.5574252007226116,0.5574252007226116,243.55485500000003,2.6566809753248086,1.4425747992773883,1.4137874042337086,1.4296180006317505,3.088263843976728,1.488019252578041,2.1028411681829544,-0.7402540307854051,1.4137874042337086,3.088263843976728,0.295397151903015,2.022833376625295,0.0974684361720942,6.847843195486979,0.3299572644630477,1.4425747992773883,0.5709688156698468,1.1962188235437317,1.4425747992773883,167.82103999999998,1.8305813046807204,0.4046106425440944,-154.935545,154.935545,-1.690027139073375,1.690027139073375,-0.9232188347778086,0.9232188347778086,180.70653499999997,1.9711354702880652,1.0767811652221917,1.293445121450531,1.0370085085402367,2.52501395134205,0.9372279021779564,1.0136334459308678,-1.09347555878098,1.293445121450531,2.52501395134205,1.1877330510400768,1.0940048005670746,0.6206003721272122,0.9210864340342084,0.522508295600399,1.0767811652221912,0.5294451458529869,0.9066305094998812,1.0767811652221912,165.61504640085363,1.806518465832608,0.3992920693330193,-101.69679455871967,101.69679455871967,-1.109302211839161,1.109302211839161,-0.6140552852460844,0.6140552852460844,242.4771669498988,2.644925622141482,1.4641010718495262,2.197305073787581,2.032925366100553,5.042176413502997,1.752142077455016,2.33668811373569,-1.856338922326264,2.197305073787581,5.042176413502997,1.5231235066764708,2.3565496408857793,0.4516399885200147,1.5471822413324083,0.2965222364045284,1.464101071849526,0.7383986258372475,1.3647527794267174,1.464101071849526,161.1663893795236,1.7579927960227713,0.3885665132534083,-102.94441154525516,102.94441154525516,-1.122911139128337,1.122911139128337,-0.6387461550859461,0.6387461550859461,241.1678451812027,2.630643622985795,1.4963904453631904,1.4963904453631902,1.165288512678365,3.486384699759895,1.6538458870960877,2.314428976835327,-0.6387461550859459,1.4963904453631902,3.486384699759895,0.2429351787349373,1.8382329451442496,0.3329355667491087,7.566763095887057,1.3704707917677472,1.4963904453631915,0.6412584661709382,1.2499041570380982,1.4963904453631915
all_zones_E_soil,HW,LPJ-GUESS,LPJ-GUESS: LAI -> E_soil,LAI,E_soil,104.702645,1.0283632693915086,0.1705927534582978,48.87794500000001,48.87794500000001,0.4800669870502159,0.4800669870502159,0.4668262678559841,0.4668262678559841,164.892103,1.619529116364934,1.5748609120619634,1.5750441886734228,1.4165682437783331,3.551277843063948,1.9461765392920405,2.313777621573176,0.3978133500257093,1.5750441886734228,3.551277843063948,1.5945720518852335,1.673979277400404,1.1140328245619584,1.0497984555927018,0.698640631036307,1.5748609120619637,0.5354369796484129,1.215577008584645,1.5748609120619637,107.33681,1.054235381137269,0.1748846169581499,63.771240000000006,63.771240000000006,0.6263452165850304,0.6263452165850304,0.5941227431670459,0.5941227431670459,159.59542599999995,1.567506475708331,1.486865745311417,1.355979860556901,1.4544333413086643,2.129254594464948,1.474029406898327,2.573351652314328,0.2921881355634692,1.355979860556901,2.129254594464948,0.8585969576730051,0.5888356501808905,1.6288032501338208,0.6858114799017809,1.89705220310616,1.486865745311417,0.4047388682410067,0.8234896397610472,1.486865745311417,117.70751080281006,1.1560938182709144,0.1917816724742121,30.684218772495683,30.684218772495683,0.3013727450305383,0.3013727450305383,0.2606819102979718,0.2606819102979718,216.30037209043633,2.1244483156420824,1.8376089224484096,1.7027212489489625,1.6508342271009673,5.257956259399473,2.042247142481422,3.009073161707385,0.2249789504573393,1.7027212489489625,5.257956259399473,1.154361882005256,1.1820279081250649,1.443699822969697,1.0239665104600906,1.2506475183170709,1.8376089224483985,0.7482176044226985,1.4651021309480805,1.8376089224483985,119.00632805829665,1.1688504774670052,0.1938978445332141,-21.65238107064141,21.65238107064141,-0.2126642874009115,0.2126642874009115,-0.1819431069248245,0.1819431069248245,217.12836724130213,2.1325806775359455,1.824511106123191,1.824511106123191,1.2984194858464488,10.90973466233316,2.610130771813934,2.541606191302084,-0.1819431069248245,1.824511106123191,10.90973466233316,2.917769734021729,1.4877600012905718,0.900877443038838,0.5098963033110592,0.3087554965473945,1.8245111061231905,0.9758427204086052,1.516760089383256,1.8245111061231905
all_zones_E_soil,HW,LPJ-GUESS,LPJ-GUESS: P -> E_soil,P,E_soil,320.49711,3.147842691749859,0.5221881879901598,-139.212135,139.212135,-1.367306874507058,1.367306874507058,-0.4343631522917632,0.4343631522917632,501.782085,4.928378508992661,1.565636847708237,1.1898346649050184,0.575949379061401,5.036761677872932,1.8391710761406828,0.5627342807659812,0.0705542920443666,1.1898346649050184,5.036761677872932,1.037270548040887,0.7935426499321001,0.4553907742418868,0.7650295782820398,0.4390279615110948,1.5656368477082363,1.1808824890807907,1.4245351697555089,1.5656368477082363,147.378525,1.4475151206265915,0.2401248638978755,138.771468,138.771468,1.3629787531226083,1.3629787531226083,0.9415989744774552,0.9415989744774552,155.985582,1.5320514881305745,1.058401025522545,1.1756558708271618,1.144084920952677,2.2212983584118584,0.7681979187102209,0.7315459558411697,1.0362621948521928,1.1756558708271618,2.2212983584118584,1.139848516073883,0.8276774174492143,1.144084920952677,0.7261293108492021,1.0037166384998126,1.058401025522545,0.4706281122029142,0.7564737264129899,1.058401025522545,304.4129142259243,2.9898677317881353,0.495982095066128,-127.6750169780396,127.6750169780396,-1.253992178317493,1.253992178317493,-0.4194139309191192,0.4194139309191192,481.1597331925112,4.725830912155054,1.5806153770316456,0.922857489770882,0.8901054763737528,17.460476141280722,0.5998013496198495,0.5038931544118943,0.8574185942446482,0.922857489770882,17.460476141280722,0.8806840296830554,0.886722936742769,0.5910549284637484,1.0068570643456394,0.671131652831788,1.5806153770316502,1.1368630605158776,1.4084699515989207,1.5806153770316502,298.2366721464289,2.929206222258712,0.485919100550888,-131.28963048752098,131.28963048752098,-1.289494010827999,1.289494010827999,-0.4402196066051196,0.4402196066051196,515.3190472032511,5.061335176027812,1.7278862572280802,1.7278862572280802,1.0108330156561205,9.499023941035286,2.783352688414671,1.5366640754926564,-0.4402196066051196,1.7278862572280802,9.499023941035286,2.504750677825172,0.9618066168609186,0.2363055033835543,0.3839929560159006,0.0943429242182036,1.7278862572280798,1.1622907432022838,1.4807484524639252,1.7278862572280798
