target_output,model,x,y,relationship,binning,bin_id,x_left,x_right,x_center,x_median,n_bin,y_q05,y_q25,y_median,y_q75,y_q95,bin_buffer90,bin_buffer50
T,CLASSIC,P,T,CLASSIC | P→T,Equal-width bins,0,624.7922,786.5141,705.6531,737.5333,535,138.5671,193.2126,225.2746,269.3823,338.8108,200.2437,76.1696
T,CLASSIC,P,T,CLASSIC | P→T,Equal-width bins,1,786.5141,948.2359,867.375,867.4361,1142,140.4167,217.7191,269.3969,313.6556,413.8916,273.475,95.9365
T,CLASSIC,P,T,CLASSIC | P→T,Equal-width bins,2,948.2359,1109.9578,1029.0969,1032.3391,1459,162.4441,256.6566,311.472,361.9196,505.3855,342.9414,105.263
T,CLASSIC,P,T,CLASSIC | P→T,Equal-width bins,3,1109.9578,1271.6797,1190.8188,1188.2138,1493,180.9015,283.5719,335.7074,411.5105,580.2047,399.3032,127.9385
T,CLASSIC,P,T,CLASSIC | P→T,Equal-width bins,4,1271.6797,1433.4016,1352.5406,1353.1427,1414,189.3886,308.8053,373.0841,454.7498,593.0206,403.632,145.9446
T,CLASSIC,P,T,CLASSIC | P→T,Equal-width bins,5,1433.4016,1595.1234,1514.2625,1511.3156,1421,216.169,325.5875,406.4658,521.1597,635.2841,419.1151,195.5722
T,CLASSIC,P,T,CLASSIC | P→T,Equal-width bins,6,1595.1234,1756.8453,1675.9844,1666.5966,954,259.5688,331.99,404.0447,532.7708,644.4443,384.8755,200.7808
T,CLASSIC,P,T,CLASSIC | P→T,Equal-width bins,7,1756.8453,1918.5672,1837.7062,1830.2341,721,281.3128,358.9356,429.6032,525.9527,635.4014,354.0886,167.0172
T,CLASSIC,P,T,CLASSIC | P→T,Equal-width bins,8,1918.5672,2080.2891,1999.4281,1989.487,500,272.5699,408.7229,462.329,551.4422,632.1872,359.6173,142.7193
T,CLASSIC,P,T,CLASSIC | P→T,Equal-width bins,9,2080.2891,2242.0109,2161.15,2159.0031,455,296.1986,417.8634,474.2234,560.185,657.1026,360.9041,142.3215
T,CLASSIC,P,T,CLASSIC | P→T,Equal-width bins,10,2242.0109,2403.7328,2322.8719,2318.1284,473,288.0675,413.9945,459.8233,529.6661,664.4785,376.4111,115.6716
T,CLASSIC,P,T,CLASSIC | P→T,Equal-width bins,11,2403.7328,2565.4547,2484.5938,2479.1102,396,311.3553,429.4052,465.9731,537.5374,683.6728,372.3176,108.1321
T,CLASSIC,P,T,CLASSIC | P→T,Equal-width bins,12,2565.4547,2727.1766,2646.3156,2638.0565,314,333.2199,426.4934,464.1097,507.9238,657.9694,324.7495,81.4304
T,CLASSIC,P,T,CLASSIC | P→T,Equal-width bins,13,2727.1766,2888.8984,2808.0375,2808.2757,218,281.1826,409.5,459.6174,538.0657,682.7943,401.6118,128.5657
T,CLASSIC,P,T,CLASSIC | P→T,Equal-width bins,14,2888.8984,3050.6203,2969.7594,2968.3418,186,261.4127,415.634,464.2945,547.1365,685.2428,423.8302,131.5026
T,CLASSIC,P,T,CLASSIC | P→T,Equal-width bins,15,3050.6203,3212.3422,3131.4813,3120.3138,133,264.5637,394.0555,441.7113,585.9323,700.2577,435.694,191.8768
T,CLASSIC,P,T,CLASSIC | P→T,Equal-width bins,16,3212.3422,3374.0641,3293.2031,3288.2891,103,224.0632,401.0755,461.0151,545.729,674.5085,450.4454,144.6535
T,CLASSIC,P,T,CLASSIC | P→T,Equal-width bins,17,3374.0641,3535.7859,3454.925,3453.9836,67,239.3753,347.2746,425.146,525.5582,677.0942,437.7189,178.2836
T,CLASSIC,P,T,CLASSIC | P→T,Equal-width bins,18,3535.7859,3697.5078,3616.6469,3597.1375,36,248.8075,337.1034,471.683,593.95,661.6697,412.8622,256.8466
T,LPJ-GUESS,P,T,LPJ-GUESS | P→T,Equal-width bins,0,618.8677,780.1322,699.5,730.7186,496,380.5352,477.3705,539.4302,615.2807,721.6359,341.1006,137.9103
T,LPJ-GUESS,P,T,LPJ-GUESS | P→T,Equal-width bins,1,780.1322,941.3967,860.7644,860.6253,1074,399.5799,507.6123,582.278,677.1711,809.3541,409.7741,169.5587
T,LPJ-GUESS,P,T,LPJ-GUESS | P→T,Equal-width bins,2,941.3967,1102.6612,1022.0289,1026.7193,1419,424.4394,575.18,643.3188,759.6721,874.6624,450.223,184.4921
T,LPJ-GUESS,P,T,LPJ-GUESS | P→T,Equal-width bins,3,1102.6612,1263.9257,1183.2934,1181.3911,1543,421.397,619.5203,693.7091,809.4258,914.637,493.24,189.9056
T,LPJ-GUESS,P,T,LPJ-GUESS | P→T,Equal-width bins,4,1263.9257,1425.1902,1344.5579,1344.7339,1438,458.8754,646.9091,754.1724,860.6471,968.1213,509.2459,213.738
T,LPJ-GUESS,P,T,LPJ-GUESS | P→T,Equal-width bins,5,1425.1902,1586.4547,1505.8224,1502.4229,1461,497.4691,691.2653,832.4509,924.3373,1021.2725,523.8034,233.072
T,LPJ-GUESS,P,T,LPJ-GUESS | P→T,Equal-width bins,6,1586.4547,1747.7192,1667.0869,1657.3589,981,509.6586,720.0873,863.5778,942.9293,1060.9884,551.3298,222.8419
T,LPJ-GUESS,P,T,LPJ-GUESS | P→T,Equal-width bins,7,1747.7192,1908.9836,1828.3514,1819.819,736,560.886,771.3959,904.0291,986.9765,1102.222,541.336,215.5806
T,LPJ-GUESS,P,T,LPJ-GUESS | P→T,Equal-width bins,8,1908.9836,2070.2481,1989.6159,1981.7986,508,614.8142,844.9559,935.1158,1039.8485,1188.0333,573.2191,194.8926
T,LPJ-GUESS,P,T,LPJ-GUESS | P→T,Equal-width bins,9,2070.2481,2231.5126,2150.8804,2150.762,469,596.0353,872.196,985.7489,1090.898,1211.2018,615.1665,218.702
T,LPJ-GUESS,P,T,LPJ-GUESS | P→T,Equal-width bins,10,2231.5126,2392.7771,2312.1449,2308.6247,478,625.2257,898.3721,1007.3224,1090.6307,1204.5009,579.2753,192.2586
T,LPJ-GUESS,P,T,LPJ-GUESS | P→T,Equal-width bins,11,2392.7771,2554.0416,2473.4094,2465.6214,418,680.9479,924.6955,1024.1496,1121.0276,1225.2277,544.2798,196.3321
T,LPJ-GUESS,P,T,LPJ-GUESS | P→T,Equal-width bins,12,2554.0416,2715.3061,2634.6739,2624.5452,332,716.585,906.2033,1033.326,1115.5367,1219.6786,503.0936,209.3334
T,LPJ-GUESS,P,T,LPJ-GUESS | P→T,Equal-width bins,13,2715.3061,2876.5706,2795.9384,2790.3294,230,692.676,914.741,1036.2373,1124.2684,1252.4076,559.7316,209.5274
T,LPJ-GUESS,P,T,LPJ-GUESS | P→T,Equal-width bins,14,2876.5706,3037.8351,2957.2028,2948.4396,197,694.2938,942.8538,1048.4332,1155.2792,1250.6768,556.383,212.4254
T,LPJ-GUESS,P,T,LPJ-GUESS | P→T,Equal-width bins,15,3037.8351,3199.0996,3118.4673,3107.6069,126,621.6008,846.271,994.6659,1114.742,1206.3479,584.7471,268.4711
T,LPJ-GUESS,P,T,LPJ-GUESS | P→T,Equal-width bins,16,3199.0996,3360.3641,3279.7318,3281.9413,110,572.9199,887.507,1026.4164,1112.8454,1196.8765,623.9565,225.3385
T,LPJ-GUESS,P,T,LPJ-GUESS | P→T,Equal-width bins,17,3360.3641,3521.6286,3440.9963,3445.7353,64,590.5903,935.1805,1030.2294,1087.3551,1156.6734,566.0832,152.1745
T,LPJ-GUESS,P,T,LPJ-GUESS | P→T,Equal-width bins,18,3521.6286,3682.8931,3602.2608,3560.9883,43,623.9724,845.7681,1026.4725,1099.7663,1200.1845,576.212,253.9982
T,CLASSIC,LAI,T,CLASSIC | LAI→T,Equal-width bins,0,0.6513,0.9618,0.8066,0.8497,207,107.3437,119.9557,133.9048,161.5198,189.8063,82.4627,41.5641
T,CLASSIC,LAI,T,CLASSIC | LAI→T,Equal-width bins,1,0.9618,1.2723,1.117,1.1498,403,138.6963,165.776,191.4551,219.5387,253.8958,115.1995,53.7627
T,CLASSIC,LAI,T,CLASSIC | LAI→T,Equal-width bins,2,1.2723,1.5827,1.4275,1.4313,600,145.9846,194.5803,234.5966,260.5394,298.5261,152.5415,65.9591
T,CLASSIC,LAI,T,CLASSIC | LAI→T,Equal-width bins,3,1.5827,1.8932,1.738,1.7382,688,177.4619,229.8878,264.0971,290.7307,331.0034,153.5415,60.8429
T,CLASSIC,LAI,T,CLASSIC | LAI→T,Equal-width bins,4,1.8932,2.2037,2.0484,2.0389,720,187.4291,251.7895,285.4295,309.2325,351.785,164.3559,57.443
T,CLASSIC,LAI,T,CLASSIC | LAI→T,Equal-width bins,5,2.2037,2.5141,2.3589,2.347,649,208.4168,279.5944,309.2552,334.7928,379.9739,171.5571,55.1984
T,CLASSIC,LAI,T,CLASSIC | LAI→T,Equal-width bins,6,2.5141,2.8246,2.6693,2.6578,602,197.8969,283.533,324.8066,364.4424,418.058,220.1611,80.9094
T,CLASSIC,LAI,T,CLASSIC | LAI→T,Equal-width bins,7,2.8246,3.135,2.9798,2.9904,539,216.4872,295.1775,335.4649,388.4047,462.1108,245.6235,93.2272
T,CLASSIC,LAI,T,CLASSIC | LAI→T,Equal-width bins,8,3.135,3.4455,3.2903,3.2956,493,232.5837,313.0604,355.0348,404.8409,496.175,263.5913,91.7806
T,CLASSIC,LAI,T,CLASSIC | LAI→T,Equal-width bins,9,3.4455,3.756,3.6007,3.606,547,254.0448,318.511,359.1315,421.7397,530.8094,276.7647,103.2287
T,CLASSIC,LAI,T,CLASSIC | LAI→T,Equal-width bins,10,3.756,4.0664,3.9112,3.9212,634,258.7641,324.9107,377.9366,437.4636,555.5942,296.8301,112.5529
T,CLASSIC,LAI,T,CLASSIC | LAI→T,Equal-width bins,11,4.0664,4.3769,4.2217,4.2243,686,288.0529,339.2183,397.2076,471.165,596.2369,308.184,131.9467
T,CLASSIC,LAI,T,CLASSIC | LAI→T,Equal-width bins,12,4.3769,4.6874,4.5321,4.5325,777,275.1631,355.7618,416.0514,502.3807,619.9134,344.7503,146.6189
T,CLASSIC,LAI,T,CLASSIC | LAI→T,Equal-width bins,13,4.6874,4.9978,4.8426,4.8434,723,289.4836,386.1366,449.3729,527.8798,614.5763,325.0926,141.7432
T,CLASSIC,LAI,T,CLASSIC | LAI→T,Equal-width bins,14,4.9978,5.3083,5.1531,5.1618,786,328.2196,416.6094,464.9587,545.8946,638.9177,310.6981,129.2853
T,CLASSIC,LAI,T,CLASSIC | LAI→T,Equal-width bins,15,5.3083,5.6188,5.4635,5.4634,709,352.3251,422.9983,476.5763,549.0615,647.7146,295.3895,126.0631
T,CLASSIC,LAI,T,CLASSIC | LAI→T,Equal-width bins,16,5.6188,5.9292,5.774,5.7731,715,338.8857,432.3492,499.0601,579.9598,659.8852,320.9995,147.6106
T,CLASSIC,LAI,T,CLASSIC | LAI→T,Equal-width bins,17,5.9292,6.2397,6.0844,6.0997,961,374.4142,445.4754,483.8299,581.3602,673.0139,298.5997,135.8848
T,CLASSIC,LAI,T,CLASSIC | LAI→T,Equal-width bins,18,6.2397,6.5501,6.3949,6.3152,467,373.2996,434.1353,478.0816,634.4722,702.7288,329.4293,200.3369
T,CLASSIC,LAI,T,CLASSIC | LAI→T,Equal-width bins,19,6.5501,6.8606,6.7054,6.6629,141,416.002,486.8726,616.9642,662.6623,704.1658,288.1639,175.7897
T,LPJ-GUESS,LAI,T,LPJ-GUESS | LAI→T,Equal-width bins,0,0.9758,1.296,1.1359,1.1874,226,322.9501,353.974,401.5784,439.4692,482.7628,159.8128,85.4952
T,LPJ-GUESS,LAI,T,LPJ-GUESS | LAI→T,Equal-width bins,1,1.296,1.6162,1.4561,1.4694,475,351.9295,415.7142,467.1174,506.0258,560.6489,208.7194,90.3116
T,LPJ-GUESS,LAI,T,LPJ-GUESS | LAI→T,Equal-width bins,2,1.6162,1.9364,1.7763,1.7969,642,386.022,463.2496,536.6076,578.188,620.6317,234.6097,114.9384
T,LPJ-GUESS,LAI,T,LPJ-GUESS | LAI→T,Equal-width bins,3,1.9364,2.2566,2.0965,2.1084,867,444.749,532.6299,598.496,634.2829,678.2029,233.4538,101.653
T,LPJ-GUESS,LAI,T,LPJ-GUESS | LAI→T,Equal-width bins,4,2.2566,2.5769,2.4167,2.4184,986,488.1177,582.7923,642.7096,683.0662,731.0346,242.9169,100.274
T,LPJ-GUESS,LAI,T,LPJ-GUESS | LAI→T,Equal-width bins,5,2.5769,2.8971,2.737,2.7491,1146,529.7635,626.821,692.7654,754.509,827.4017,297.6382,127.688
T,LPJ-GUESS,LAI,T,LPJ-GUESS | LAI→T,Equal-width bins,6,2.8971,3.2173,3.0572,3.0561,1284,576.7341,654.1622,733.1794,813.1723,878.6919,301.9579,159.0101
T,LPJ-GUESS,LAI,T,LPJ-GUESS | LAI→T,Equal-width bins,7,3.2173,3.5375,3.3774,3.3613,836,600.8483,702.5968,797.8661,862.634,914.4138,313.5655,160.0371
T,LPJ-GUESS,LAI,T,LPJ-GUESS | LAI→T,Equal-width bins,8,3.5375,3.8577,3.6976,3.6804,561,646.1275,763.2369,831.1058,891.4243,949.3835,303.256,128.1874
T,LPJ-GUESS,LAI,T,LPJ-GUESS | LAI→T,Equal-width bins,9,3.8577,4.1779,4.0178,4.0164,499,674.3715,780.8338,837.0045,899.6665,971.9187,297.5472,118.8327
T,LPJ-GUESS,LAI,T,LPJ-GUESS | LAI→T,Equal-width bins,10,4.1779,4.4982,4.3381,4.3484,501,676.9396,793.1595,860.493,906.635,980.4054,303.4658,113.4755
T,LPJ-GUESS,LAI,T,LPJ-GUESS | LAI→T,Equal-width bins,11,4.4982,4.8184,4.6583,4.6667,623,701.5742,825.5234,896.5538,942.0504,1006.9229,305.3487,116.5269
T,LPJ-GUESS,LAI,T,LPJ-GUESS | LAI→T,Equal-width bins,12,4.8184,5.1386,4.9785,4.9744,706,745.5094,864.4755,931.2577,983.2626,1062.801,317.2916,118.787
T,LPJ-GUESS,LAI,T,LPJ-GUESS | LAI→T,Equal-width bins,13,5.1386,5.4588,5.2987,5.3046,748,797.6201,908.7056,969.7906,1034.7929,1139.809,342.1888,126.0873
T,LPJ-GUESS,LAI,T,LPJ-GUESS | LAI→T,Equal-width bins,14,5.4588,5.779,5.6189,5.6158,661,839.3748,946.1785,1007.6763,1069.7708,1177.2319,337.8571,123.5923
T,LPJ-GUESS,LAI,T,LPJ-GUESS | LAI→T,Equal-width bins,15,5.779,6.0993,5.9392,5.9258,557,900.8598,995.4758,1045.7728,1106.562,1216.3559,315.496,111.0862
T,LPJ-GUESS,LAI,T,LPJ-GUESS | LAI→T,Equal-width bins,16,6.0993,6.4195,6.2594,6.2349,407,928.4484,1035.3332,1089.5684,1142.5396,1236.5609,308.1125,107.2063
T,LPJ-GUESS,LAI,T,LPJ-GUESS | LAI→T,Equal-width bins,17,6.4195,6.7397,6.5796,6.5677,227,957.6702,1068.539,1127.5532,1183.5562,1259.6011,301.9308,115.0173
T,LPJ-GUESS,LAI,T,LPJ-GUESS | LAI→T,Equal-width bins,18,6.7397,7.0599,6.8998,6.8654,145,971.4192,1110.1552,1163.5103,1207.4623,1265.5225,294.1033,97.3071
T,LPJ-GUESS,LAI,T,LPJ-GUESS | LAI→T,Equal-width bins,19,7.0599,7.3801,7.22,7.1982,52,926.8978,1130.807,1179.8938,1226.0578,1272.646,345.7482,95.2509
T,CLASSIC,P,T,CLASSIC | P→T,Equal-count bins,0,624.7922,797.9437,711.3679,746.3167,603,137.5022,193.553,226.2063,273.081,354.9592,217.457,79.528
T,CLASSIC,P,T,CLASSIC | P→T,Equal-count bins,1,797.9437,882.0679,840.0058,840.9253,602,146.7014,217.9347,264.5118,306.5853,405.1134,258.4119,88.6506
T,CLASSIC,P,T,CLASSIC | P→T,Equal-count bins,2,882.0679,964.7002,923.3841,922.221,602,132.6326,221.1901,278.7313,329.3751,432.2461,299.6135,108.1849
T,CLASSIC,P,T,CLASSIC | P→T,Equal-count bins,3,964.7002,1032.495,998.5976,997.7018,603,162.6627,256.6566,313.0044,354.7963,503.0734,340.4108,98.1397
T,CLASSIC,P,T,CLASSIC | P→T,Equal-count bins,4,1032.495,1096.8043,1064.6496,1064.5082,602,171.4392,257.911,311.537,370.0949,533.5307,362.0915,112.1839
T,CLASSIC,P,T,CLASSIC | P→T,Equal-count bins,5,1096.8043,1158.4073,1127.6058,1127.5878,602,173.4049,273.2476,322.6829,390.075,549.2474,375.8425,116.8274
T,CLASSIC,P,T,CLASSIC | P→T,Equal-count bins,6,1158.4073,1225.1299,1191.7686,1192.2104,603,189.9739,284.9208,338.2051,412.8834,588.6695,398.6956,127.9626
T,CLASSIC,P,T,CLASSIC | P→T,Equal-count bins,7,1225.1299,1292.6449,1258.8874,1258.9382,602,179.2877,293.1278,348.8346,424.0561,570.2482,390.9605,130.9283
T,CLASSIC,P,T,CLASSIC | P→T,Equal-count bins,8,1292.6449,1361.6351,1327.14,1327.9473,602,190.6701,302.2559,366.6249,445.3246,609.5847,418.9146,143.0687
T,CLASSIC,P,T,CLASSIC | P→T,Equal-count bins,9,1361.6351,1432.2102,1396.9226,1397.4704,602,191.7316,316.1197,392.0292,474.4588,592.1087,400.3771,158.3391
T,CLASSIC,P,T,CLASSIC | P→T,Equal-count bins,10,1432.2102,1497.7543,1464.9822,1464.5195,603,185.5424,312.3667,391.288,488.1553,617.3709,431.8285,175.7886
T,CLASSIC,P,T,CLASSIC | P→T,Equal-count bins,11,1497.7543,1565.0932,1531.4237,1531.9604,602,239.4603,330.1203,416.5846,538.2498,632.9775,393.5172,208.1295
T,CLASSIC,P,T,CLASSIC | P→T,Equal-count bins,12,1565.0932,1648.9752,1607.0342,1604.3917,602,248.9487,330.5506,404.1915,544.5709,647.2317,398.283,214.0202
T,CLASSIC,P,T,CLASSIC | P→T,Equal-count bins,13,1648.9752,1759.2521,1704.1137,1702.3604,603,258.7301,340.8566,409.8728,529.6868,645.296,386.5659,188.8302
T,CLASSIC,P,T,CLASSIC | P→T,Equal-count bins,14,1759.2521,1892.9879,1826.12,1819.819,602,282.25,356.0786,430.2995,531.558,637.9371,355.6871,175.4794
T,CLASSIC,P,T,CLASSIC | P→T,Equal-count bins,15,1892.9879,2078.714,1985.8509,1974.1052,602,272.7514,404.8463,455.188,542.6464,626.7806,354.0292,137.8001
T,CLASSIC,P,T,CLASSIC | P→T,Equal-count bins,16,2078.714,2289.3747,2184.0443,2180.6992,603,296.7142,416.2425,472.8504,551.779,651.7772,355.063,135.5365
T,CLASSIC,P,T,CLASSIC | P→T,Equal-count bins,17,2289.3747,2513.0302,2401.2024,2391.8034,602,292.4161,419.2878,459.8858,530.1277,677.9663,385.5503,110.8399
T,CLASSIC,P,T,CLASSIC | P→T,Equal-count bins,18,2513.0302,2856.5397,2684.7849,2651.2431,602,313.4133,424.4434,466.2697,533.7767,677.0789,363.6656,109.3333
T,CLASSIC,P,T,CLASSIC | P→T,Equal-count bins,19,2856.5397,3859.2297,3357.8847,3119.0552,603,256.7213,399.1606,456.1701,571.1841,688.1842,431.4629,172.0235
T,LPJ-GUESS,P,T,LPJ-GUESS | P→T,Equal-count bins,0,618.8677,799.9045,709.3861,744.5656,608,385.1551,480.1178,546.0342,621.835,725.2893,340.1342,141.7173
T,LPJ-GUESS,P,T,LPJ-GUESS | P→T,Equal-count bins,1,799.9045,887.7044,843.8045,845.0492,607,402.2428,504.4435,576.4326,672.7493,788.0901,385.8474,168.3058
T,LPJ-GUESS,P,T,LPJ-GUESS | P→T,Equal-count bins,2,887.7044,973.7728,930.7386,933.0919,608,397.5085,535.4665,602.1888,714.9125,830.5553,433.0468,179.446
T,LPJ-GUESS,P,T,LPJ-GUESS | P→T,Equal-count bins,3,973.7728,1043.5495,1008.6611,1008.5781,607,432.0292,577.263,642.9463,761.8907,882.6239,450.5946,184.6277
T,LPJ-GUESS,P,T,LPJ-GUESS | P→T,Equal-count bins,4,1043.5495,1107.5688,1075.5591,1075.3737,607,413.3845,594.2098,656.0485,767.6713,873.7903,460.4058,173.4615
T,LPJ-GUESS,P,T,LPJ-GUESS | P→T,Equal-count bins,5,1107.5688,1167.7035,1137.6361,1136.9069,608,406.0388,611.5302,684.7137,806.209,899.8017,493.7628,194.6788
T,LPJ-GUESS,P,T,LPJ-GUESS | P→T,Equal-count bins,6,1167.7035,1233.9019,1200.8027,1201.8492,607,433.3699,618.6072,692.8796,812.7732,921.8238,488.454,194.1659
T,LPJ-GUESS,P,T,LPJ-GUESS | P→T,Equal-count bins,7,1233.9019,1298.2485,1266.0752,1267.9077,608,443.1765,630.9825,722.8674,829.363,936.5872,493.4107,198.3804
T,LPJ-GUESS,P,T,LPJ-GUESS | P→T,Equal-count bins,8,1298.2485,1367.6974,1332.973,1335.3477,607,453.847,649.2439,758.1717,854.8543,969.2482,515.4011,205.6105
T,LPJ-GUESS,P,T,LPJ-GUESS | P→T,Equal-count bins,9,1367.6974,1435.5703,1401.6339,1404.7359,607,478.9844,654.2116,774.3159,882.5294,981.3712,502.3868,228.3178
T,LPJ-GUESS,P,T,LPJ-GUESS | P→T,Equal-count bins,10,1435.5703,1500.1741,1467.8722,1468.3396,608,482.4983,671.0226,811.3125,911.6594,1019.2782,536.7799,240.6369
T,LPJ-GUESS,P,T,LPJ-GUESS | P→T,Equal-count bins,11,1500.1741,1567.4721,1533.8231,1534.8328,607,526.5134,717.4579,848.4064,938.4705,1029.8322,503.3187,221.0125
T,LPJ-GUESS,P,T,LPJ-GUESS | P→T,Equal-count bins,12,1567.4721,1652.5886,1610.0304,1608.0599,608,507.8733,719.8509,848.6333,935.4802,1055.328,547.4547,215.6293
T,LPJ-GUESS,P,T,LPJ-GUESS | P→T,Equal-count bins,13,1652.5886,1763.8423,1708.2155,1707.3411,607,523.1317,729.1906,870.4596,954.4061,1080.7607,557.6289,225.2155
T,LPJ-GUESS,P,T,LPJ-GUESS | P→T,Equal-count bins,14,1763.8423,1901.6536,1832.748,1826.0745,607,554.8192,765.209,902.1491,984.8115,1101.5185,546.6993,219.6026
T,LPJ-GUESS,P,T,LPJ-GUESS | P→T,Equal-count bins,15,1901.6536,2087.8916,1994.7726,1984.5625,608,617.6612,846.491,939.2986,1037.454,1188.0333,570.3721,190.963
T,LPJ-GUESS,P,T,LPJ-GUESS | P→T,Equal-count bins,16,2087.8916,2297.9192,2192.9054,2192.0672,607,622.4626,875.687,992.5275,1092.6946,1212.1828,589.7202,217.0077
T,LPJ-GUESS,P,T,LPJ-GUESS | P→T,Equal-count bins,17,2297.9192,2515.7506,2406.8349,2403.4436,608,630.886,900.4346,1016.2782,1101.7022,1209.2145,578.3285,201.2676
T,LPJ-GUESS,P,T,LPJ-GUESS | P→T,Equal-count bins,18,2515.7506,2845.9428,2680.8467,2651.7477,607,720.7142,915.4053,1038.6615,1123.7944,1239.7208,519.0066,208.389
T,LPJ-GUESS,P,T,LPJ-GUESS | P→T,Equal-count bins,19,2845.9428,3844.1576,3345.0502,3109.4505,608,609.3697,900.3729,1035.6432,1123.2908,1230.6433,621.2736,222.9179
T,CLASSIC,LAI,T,CLASSIC | LAI→T,Equal-count bins,0,0.6513,1.2652,0.9583,1.0649,603,113.1406,140.9226,173.5754,205.4899,245.9167,132.7761,64.5673
T,CLASSIC,LAI,T,CLASSIC | LAI→T,Equal-count bins,1,1.2652,1.5808,1.423,1.4287,602,146.0693,194.1975,234.56,260.1771,298.5047,152.4354,65.9796
T,CLASSIC,LAI,T,CLASSIC | LAI→T,Equal-count bins,2,1.5808,1.8561,1.7185,1.7142,602,176.0904,226.859,262.1708,287.5171,328.029,151.9385,60.6581
T,CLASSIC,LAI,T,CLASSIC | LAI→T,Equal-count bins,3,1.8561,2.1031,1.9796,1.9726,603,185.11,247.3324,280.6846,304.9448,348.5033,163.3932,57.6124
T,CLASSIC,LAI,T,CLASSIC | LAI→T,Equal-count bins,4,2.1031,2.3788,2.2409,2.2461,602,194.4998,273.1303,300.9054,327.5496,370.0011,175.5013,54.4193
T,CLASSIC,LAI,T,CLASSIC | LAI→T,Equal-count bins,5,2.3788,2.6839,2.5313,2.5383,602,211.4333,281.4254,315.9659,351.1832,398.8085,187.3752,69.7577
T,CLASSIC,LAI,T,CLASSIC | LAI→T,Equal-count bins,6,2.6839,3.0291,2.8565,2.8561,603,210.8822,292.8745,331.9281,377.0828,447.2741,236.3919,84.2084
T,CLASSIC,LAI,T,CLASSIC | LAI→T,Equal-count bins,7,3.0291,3.4053,3.2172,3.2147,602,231.5649,307.3577,351.3013,402.0214,485.7017,254.1368,94.6638
T,CLASSIC,LAI,T,CLASSIC | LAI→T,Equal-count bins,8,3.4053,3.7415,3.5734,3.5794,602,252.1823,317.2939,358.5806,417.4402,529.2051,277.0228,100.1463
T,CLASSIC,LAI,T,CLASSIC | LAI→T,Equal-count bins,9,3.7415,4.0398,3.8906,3.8961,602,257.7635,324.555,376.047,433.1549,554.8154,297.052,108.5999
T,CLASSIC,LAI,T,CLASSIC | LAI→T,Equal-count bins,10,4.0398,4.3166,4.1782,4.1765,603,287.4555,337.6596,398.5729,469.2305,583.126,295.6705,131.5709
T,CLASSIC,LAI,T,CLASSIC | LAI→T,Equal-count bins,11,4.3166,4.5628,4.4397,4.4396,602,272.3669,348.7927,410.6822,490.0039,620.2774,347.9104,141.2112
T,CLASSIC,LAI,T,CLASSIC | LAI→T,Equal-count bins,12,4.5628,4.8081,4.6854,4.6826,602,296.4927,375.0043,438.2228,525.1753,620.4181,323.9255,150.171
T,CLASSIC,LAI,T,CLASSIC | LAI→T,Equal-count bins,13,4.8081,5.0588,4.9334,4.9321,603,287.4813,397.4457,455.246,534.8676,625.2695,337.7882,137.4218
T,CLASSIC,LAI,T,CLASSIC | LAI→T,Equal-count bins,14,5.0588,5.2986,5.1787,5.1867,602,326.4463,418.227,463.9481,547.5701,641.9642,315.518,129.3431
T,CLASSIC,LAI,T,CLASSIC | LAI→T,Equal-count bins,15,5.2986,5.5656,5.4321,5.4364,602,350.4513,420.5321,474.1958,541.9273,650.0264,299.5751,121.3952
T,CLASSIC,LAI,T,CLASSIC | LAI→T,Equal-count bins,16,5.5656,5.8197,5.6927,5.6912,603,349.8667,427.2203,491.8052,567.9493,650.1341,300.2674,140.729
T,CLASSIC,LAI,T,CLASSIC | LAI→T,Equal-count bins,17,5.8197,6.0621,5.9409,5.9565,602,362.4259,452.8979,517.5121,595.2808,674.7519,312.326,142.3829
T,CLASSIC,LAI,T,CLASSIC | LAI→T,Equal-count bins,18,6.0621,6.2403,6.1512,6.1513,602,365.0597,441.375,476.6587,563.3905,669.2106,304.1509,122.0155
T,CLASSIC,LAI,T,CLASSIC | LAI→T,Equal-count bins,19,6.2403,6.8606,6.5504,6.3629,603,382.5185,436.9638,487.8371,646.7591,704.0655,321.547,209.7953
T,LPJ-GUESS,LAI,T,LPJ-GUESS | LAI→T,Equal-count bins,0,0.9758,1.5577,1.2667,1.3552,608,331.4658,386.0125,434.8776,480.3461,530.327,198.8612,94.3336
T,LPJ-GUESS,LAI,T,LPJ-GUESS | LAI→T,Equal-count bins,1,1.5577,1.8877,1.7227,1.737,607,378.2637,456.8458,530.8795,570.2701,610.4965,232.2328,113.4243
T,LPJ-GUESS,LAI,T,LPJ-GUESS | LAI→T,Equal-count bins,2,1.8877,2.1254,2.0066,2.0021,608,425.8536,511.9651,578.9057,619.7066,658.7847,232.9311,107.7415
T,LPJ-GUESS,LAI,T,LPJ-GUESS | LAI→T,Equal-count bins,3,2.1254,2.3227,2.2241,2.2306,607,461.3964,558.6472,621.2568,649.5928,696.8153,235.4189,90.9456
T,LPJ-GUESS,LAI,T,LPJ-GUESS | LAI→T,Equal-count bins,4,2.3227,2.5288,2.4258,2.4257,607,486.6029,584.49,645.5345,684.2517,729.1784,242.5756,99.7617
T,LPJ-GUESS,LAI,T,LPJ-GUESS | LAI→T,Equal-count bins,5,2.5288,2.7148,2.6218,2.6209,608,517.6026,605.3772,676.0995,730.8005,793.1434,275.5408,125.4233
T,LPJ-GUESS,LAI,T,LPJ-GUESS | LAI→T,Equal-count bins,6,2.7148,2.8712,2.793,2.7931,607,534.1631,633.6466,702.2731,764.9538,828.5815,294.4184,131.3072
T,LPJ-GUESS,LAI,T,LPJ-GUESS | LAI→T,Equal-count bins,7,2.8712,3.0241,2.9477,2.9508,608,561.2677,637.7069,714.0183,788.8637,858.142,296.8744,151.1568
T,LPJ-GUESS,LAI,T,LPJ-GUESS | LAI→T,Equal-count bins,8,3.0241,3.1755,3.0998,3.1025,607,586.0063,661.8657,744.8431,823.9517,878.5941,292.5878,162.086
T,LPJ-GUESS,LAI,T,LPJ-GUESS | LAI→T,Equal-count bins,9,3.1755,3.3727,3.2741,3.268,607,591.9446,686.9368,782.55,854.9962,903.0112,311.0666,168.0595
T,LPJ-GUESS,LAI,T,LPJ-GUESS | LAI→T,Equal-count bins,10,3.3727,3.6462,3.5095,3.4987,608,628.3107,733.9927,812.9587,873.8037,934.0433,305.7327,139.811
T,LPJ-GUESS,LAI,T,LPJ-GUESS | LAI→T,Equal-count bins,11,3.6462,4.0261,3.8361,3.8333,607,665.7812,768.5389,832.8267,894.4945,962.9333,297.1522,125.9556
T,LPJ-GUESS,LAI,T,LPJ-GUESS | LAI→T,Equal-count bins,12,4.0261,4.4194,4.2227,4.2291,608,678.1678,792.3201,856.7551,909.5596,977.5927,299.4249,117.2395
T,LPJ-GUESS,LAI,T,LPJ-GUESS | LAI→T,Equal-count bins,13,4.4194,4.7522,4.5858,4.5948,607,697.4877,818.4566,889.1412,932.5492,995.999,298.5114,114.0926
T,LPJ-GUESS,LAI,T,LPJ-GUESS | LAI→T,Equal-count bins,14,4.7522,5.0266,4.8894,4.891,607,736.2664,856.3245,923.7066,969.7268,1029.8504,293.584,113.4023
T,LPJ-GUESS,LAI,T,LPJ-GUESS | LAI→T,Equal-count bins,15,5.0266,5.3005,5.1636,5.1686,608,776.2849,897.9609,953.7351,1011.5864,1109.7755,333.4907,113.6255
T,LPJ-GUESS,LAI,T,LPJ-GUESS | LAI→T,Equal-count bins,16,5.3005,5.5617,5.4311,5.429,607,811.1183,923.3492,988.1677,1053.3124,1150.5187,339.4004,129.9632
T,LPJ-GUESS,LAI,T,LPJ-GUESS | LAI→T,Equal-count bins,17,5.5617,5.8727,5.7172,5.7091,608,867.1722,963.8888,1025.3658,1086.6583,1186.234,319.0617,122.7695
T,LPJ-GUESS,LAI,T,LPJ-GUESS | LAI→T,Equal-count bins,18,5.8727,6.2471,6.0599,6.0506,607,906.4559,1007.5053,1061.1827,1125.1792,1216.4695,310.0136,117.6739
T,LPJ-GUESS,LAI,T,LPJ-GUESS | LAI→T,Equal-count bins,19,6.2471,7.3801,6.8136,6.5755,608,953.8064,1066.1034,1132.9519,1197.9052,1260.0222,306.2157,131.8019
