target_output,model,x,y,relationship,descriptor_group,descriptor_metric,n_methods,mean,median,sd,iqr,local_range,global_range,robustness_score,score_type,decision
T,CLASSIC,LAI,T,CLASSIC | LAI→T,Overall direction,net_change_norm,7,0.6517571428571429,0.7068,0.1350156269615096,0.1612499999999999,0.3732,0.4345,0.2071563441094551,cv,keep
T,CLASSIC,LAI,T,CLASSIC | LAI→T,Overall direction,mean_slope_norm,7,0.9660285714285715,1.0,0.052325319374267036,0.06119999999999992,0.11539999999999995,1.0663,0.05416539522934389,cv,keep
T,CLASSIC,LAI,T,CLASSIC | LAI→T,Overall direction,pos_fraction,7,0.9592857142857143,0.9933,0.05208158435158657,0.08360000000000001,0.11109999999999998,0.505,0.05429204623396962,cv,keep
T,CLASSIC,LAI,T,CLASSIC | LAI→T,Overall direction,neg_fraction,7,0.04008571428571429,0.0067,0.05189114980968748,0.0814,0.1111,0.3333,1.294504806371391,cv,remove-or-redefine
T,CLASSIC,LAI,T,CLASSIC | LAI→T,Overall direction,flat_fraction,7,0.0006142857142857142,0.0,0.0016252472339396771,0.0,0.0043,0.505,2.6457513110645907,cv,remove-or-redefine
T,CLASSIC,LAI,T,CLASSIC | LAI→T,Overall direction,direction_consistency,7,0.9192,0.9866,0.10395960754062125,0.16500000000000004,0.22219999999999995,0.7777000000000001,0.11309791943061494,cv,keep
T,CLASSIC,LAI,T,CLASSIC | LAI→T,Dominant curvature,slope_trend,7,-1.151614285714286,-0.8146,0.7654941942487685,0.9952000000000001,2.0843,4.8495,0.6647140485705009,cv,remove-or-redefine
T,CLASSIC,LAI,T,CLASSIC | LAI→T,Dominant curvature,linear_deviation,7,0.4004285714285714,0.3842,0.11298828426413236,0.15669999999999995,0.3024,2.0456000000000003,0.2821683873881293,cv,keep
T,CLASSIC,LAI,T,CLASSIC | LAI→T,Dominant curvature,curvature_consistency,7,0.9875714285714287,1.0,0.02685676291524564,0.007500000000000062,0.07199999999999995,0.11539999999999995,0.02719475486861268,cv,keep
T,CLASSIC,LAI,T,CLASSIC | LAI→T,Marginal-response pattern,early_slope_norm,7,1.5940285714285716,1.4676,0.41901023342429927,0.3255000000000001,1.2838,1.7539999999999998,0.26286243605331455,cv,keep
T,CLASSIC,LAI,T,CLASSIC | LAI→T,Marginal-response pattern,middle_slope_norm,7,0.8431714285714287,0.877,0.19395361743026532,0.17930000000000001,0.5626,0.8452,0.23002868794887618,cv,keep
T,CLASSIC,LAI,T,CLASSIC | LAI→T,Marginal-response pattern,late_slope_norm,7,0.6348714285714285,0.6791,0.2956890242258225,0.3953,0.795,2.0547,0.46574630849457876,cv,method-sensitive
T,CLASSIC,LAI,T,CLASSIC | LAI→T,Marginal-response pattern,middle_to_early_ratio,7,0.5732428571428573,0.5995,0.21131573420786612,0.10460000000000003,0.7132,0.715,0.36863212785781707,cv,method-sensitive
T,CLASSIC,LAI,T,CLASSIC | LAI→T,Marginal-response pattern,late_to_early_ratio,7,0.4356285714285714,0.4387,0.25138798509001786,0.40005,0.6552,1.2614,0.577069553233464,cv,remove-or-redefine
T,CLASSIC,LAI,T,CLASSIC | LAI→T,Marginal-response pattern,marginal_variation,7,0.5311426454499956,0.3954459128629351,0.32805188985484063,0.4025685645336841,0.9295248284994995,1.4374309936044996,0.6176342507329796,cv,remove-or-redefine
T,CLASSIC,LAI,T,CLASSIC | LAI→T,Terminal behavior,terminal_slope_norm,7,0.7182714285714286,0.8452,0.919792472452864,0.9235500000000001,2.6786000000000003,3.8123000000000005,1.2805639147894843,cv,remove-or-redefine
T,CLASSIC,LAI,T,CLASSIC | LAI→T,Terminal behavior,terminal_to_early_ratio,7,0.5102,0.6659,0.6424892113231683,0.8207,1.7885,2.0132000000000003,1.2592889285048379,cv,remove-or-redefine
T,CLASSIC,LAI,T,CLASSIC | LAI→T,Terminal behavior,terminal_to_mean_ratio,7,0.7338295280772246,0.8452,0.98132253653655,1.0270904966639733,2.774483076579594,4.375649741214929,1.3372622645858978,cv,remove-or-redefine
T,CLASSIC,LAI,T,CLASSIC | LAI→T,Terminal behavior,terminal_y_range_norm,7,0.09565714285714286,0.082,0.06235323720927559,0.06119999999999998,0.1784,0.2228,0.6518408907779706,cv,remove-or-redefine
T,CLASSIC,LAI,T,CLASSIC | LAI→T,Turning complexity,n_slope_sign_changes,7,20.571428571428573,1.0,52.66832426565688,1.5,140.0,140.0,2.560265762913876,cv,remove-or-redefine
T,CLASSIC,LAI,T,CLASSIC | LAI→T,Turning complexity,n_internal_extrema,7,0.2857142857142857,0.0,0.48795003647426666,0.5,1.0,1.0,1.7078251276599334,cv,remove-or-redefine
T,CLASSIC,LAI,T,CLASSIC | LAI→T,Turning complexity,turning_strength,7,0.01057142857142857,0.0,0.02608075371391161,0.0022,0.0696,0.2658,2.467098324288936,cv,remove-or-redefine
T,CLASSIC,LAI,T,CLASSIC | LAI→T,Turning complexity,roughness_ratio,7,1.0283714285714285,1.0089,0.05439049286672914,0.020000000000000018,0.14969999999999994,0.724,0.05288992999570805,cv,keep
T,CLASSIC,P,T,CLASSIC | P→T,Overall direction,net_change_norm,7,0.6165714285714287,0.5976,0.09051942175183023,0.127,0.24100000000000005,0.4345,0.14681092499138357,cv,keep
T,CLASSIC,P,T,CLASSIC | P→T,Overall direction,mean_slope_norm,7,1.1653285714285715,1.0,0.3131361882327757,0.1907000000000001,0.8251,1.0663,0.26871064171103554,cv,keep
T,CLASSIC,P,T,CLASSIC | P→T,Overall direction,pos_fraction,7,0.8094428571428571,0.8437,0.17026486089954926,0.25550000000000006,0.4444,0.505,0.2103482159328012,cv,keep
T,CLASSIC,P,T,CLASSIC | P→T,Overall direction,neg_fraction,7,0.1449857142857143,0.1111,0.13068337599673788,0.19974999999999998,0.3333,0.3333,0.9013534653435462,cv,remove-or-redefine
T,CLASSIC,P,T,CLASSIC | P→T,Overall direction,flat_fraction,7,0.045585714285714285,0.0569,0.04563468814295505,0.07555,0.1111,0.505,1.0010743246652627,cv,remove-or-redefine
T,CLASSIC,P,T,CLASSIC | P→T,Overall direction,direction_consistency,7,0.6644571428571429,0.7582,0.3000906299611439,0.44245,0.7777000000000001,0.7777000000000001,0.4516327850292413,cv,method-sensitive
T,CLASSIC,P,T,CLASSIC | P→T,Dominant curvature,slope_trend,7,-2.944728571428571,-2.8519,1.3931273317184445,1.1624499999999998,4.4155,4.8495,0.4730919328984535,cv,method-sensitive
T,CLASSIC,P,T,CLASSIC | P→T,Dominant curvature,linear_deviation,7,1.6885714285714286,1.9306,0.6420640770574375,0.41915000000000013,1.8689,2.0456000000000003,0.38024099318122356,cv,method-sensitive
T,CLASSIC,P,T,CLASSIC | P→T,Dominant curvature,curvature_consistency,7,0.9895714285714285,1.0,0.023744803942877982,0.004650000000000043,0.06369999999999998,0.11539999999999995,0.023995037909650047,cv,keep
T,CLASSIC,P,T,CLASSIC | P→T,Marginal-response pattern,early_slope_norm,7,2.3847714285714288,2.5419,0.4973607902863732,0.40435,1.4955999999999998,1.7539999999999998,0.2085570064818798,cv,keep
T,CLASSIC,P,T,CLASSIC | P→T,Marginal-response pattern,middle_slope_norm,7,0.6912142857142857,0.5697,0.22567060382019502,0.4086000000000001,0.48879999999999996,0.8452,0.3264842878456888,cv,method-sensitive
T,CLASSIC,P,T,CLASSIC | P→T,Marginal-response pattern,late_slope_norm,7,0.3342714285714286,0.3129,0.38034069689462063,0.73895,0.7973,2.0547,1.137819940280501,cv,remove-or-redefine
T,CLASSIC,P,T,CLASSIC | P→T,Marginal-response pattern,middle_to_early_ratio,7,0.31849999999999995,0.2241,0.1819075131305283,0.1922,0.49019999999999997,0.715,0.5711381887928676,cv,remove-or-redefine
T,CLASSIC,P,T,CLASSIC | P→T,Marginal-response pattern,late_to_early_ratio,7,0.1683142857142857,0.1231,0.211659273586673,0.29635,0.5614,1.2614,1.257524117388144,cv,remove-or-redefine
T,CLASSIC,P,T,CLASSIC | P→T,Marginal-response pattern,marginal_variation,7,1.1176012634673236,1.1828736027150155,0.388751569044428,0.22940912448798279,1.223121545483428,1.4374309936044996,0.3478446041107167,cv,method-sensitive
T,CLASSIC,P,T,CLASSIC | P→T,Terminal behavior,terminal_slope_norm,6,0.8449,0.51485,0.9432764133593081,1.36375,2.2684,3.8123000000000005,1.116435570315195,cv,remove-or-redefine
T,CLASSIC,P,T,CLASSIC | P→T,Terminal behavior,terminal_to_early_ratio,6,0.3791333333333333,0.3204,0.39372324628686417,0.580675,0.9612999999999999,2.0132000000000003,1.0384822743631024,cv,remove-or-redefine
T,CLASSIC,P,T,CLASSIC | P→T,Terminal behavior,terminal_to_mean_ratio,6,0.8432539123197648,0.51485,0.9389047350348335,1.3501560116465325,2.26297589558456,4.375649741214929,1.1134306302261159,cv,remove-or-redefine
T,CLASSIC,P,T,CLASSIC | P→T,Terminal behavior,terminal_y_range_norm,7,0.047157142857142856,0.0064,0.08151050764866366,0.04935,0.2228,0.2228,1.7284869843703292,cv,remove-or-redefine
T,CLASSIC,P,T,CLASSIC | P→T,Turning complexity,n_slope_sign_changes,7,3.142857142857143,2.0,5.30498417932204,1.5,15.0,140.0,1.6879495116024674,cv,remove-or-redefine
T,CLASSIC,P,T,CLASSIC | P→T,Turning complexity,n_internal_extrema,7,0.42857142857142855,0.0,0.5345224838248487,1.0,1.0,1.0,1.247219128924647,cv,remove-or-redefine
T,CLASSIC,P,T,CLASSIC | P→T,Turning complexity,turning_strength,7,0.0087,0.0,0.011210263154805958,0.01815,0.0246,0.2658,1.2885359948052826,cv,remove-or-redefine
T,CLASSIC,P,T,CLASSIC | P→T,Turning complexity,roughness_ratio,7,1.0642,1.0439,0.06800274504263287,0.08210000000000006,0.1802999999999999,0.724,0.06390034302070369,cv,keep
T,LPJ-GUESS,LAI,T,LPJ-GUESS | LAI→T,Overall direction,net_change_norm,7,0.7147857142857142,0.7254999999999999,0.04655922495673039,0.04995000000000005,0.13129999999999986,0.4345,0.06513731881625118,cv,keep
T,LPJ-GUESS,LAI,T,LPJ-GUESS | LAI→T,Overall direction,mean_slope_norm,7,1.0157857142857143,1.0,0.02242011214448822,0.031099999999999905,0.04830000000000001,1.0663,0.022071694678492022,cv,keep
T,LPJ-GUESS,LAI,T,LPJ-GUESS | LAI→T,Overall direction,pos_fraction,7,1.0,1.0,0.0,0.0,0.0,0.505,0.0,cv,keep
T,LPJ-GUESS,LAI,T,LPJ-GUESS | LAI→T,Overall direction,neg_fraction,7,0.0,0.0,0.0,0.0,0.0,0.3333,0.0,range_over_global_range,keep
T,LPJ-GUESS,LAI,T,LPJ-GUESS | LAI→T,Overall direction,flat_fraction,7,0.0,0.0,0.0,0.0,0.0,0.505,0.0,range_over_global_range,keep
T,LPJ-GUESS,LAI,T,LPJ-GUESS | LAI→T,Overall direction,direction_consistency,7,1.0,1.0,0.0,0.0,0.0,0.7777000000000001,0.0,cv,keep
T,LPJ-GUESS,LAI,T,LPJ-GUESS | LAI→T,Dominant curvature,slope_trend,7,-0.7293714285714287,-0.6898,0.16826946360214137,0.15174999999999994,0.5281,4.8495,0.2307047644184796,cv,keep
T,LPJ-GUESS,LAI,T,LPJ-GUESS | LAI→T,Dominant curvature,linear_deviation,7,0.37642857142857145,0.3399,0.14029354599417268,0.18505,0.3812,2.0456000000000003,0.3726963271192443,cv,method-sensitive
T,LPJ-GUESS,LAI,T,LPJ-GUESS | LAI→T,Dominant curvature,curvature_consistency,7,0.9717428571428571,1.0,0.04918952656622671,0.041200000000000014,0.11539999999999995,0.11539999999999995,0.05061990032101187,cv,keep
T,LPJ-GUESS,LAI,T,LPJ-GUESS | LAI→T,Marginal-response pattern,early_slope_norm,7,1.385057142857143,1.383,0.0563666230182028,0.027099999999999902,0.18979999999999997,1.7539999999999998,0.04069624369571338,cv,keep
T,LPJ-GUESS,LAI,T,LPJ-GUESS | LAI→T,Marginal-response pattern,middle_slope_norm,7,0.8968571428571429,0.906,0.04992393738287801,0.03260000000000007,0.15400000000000003,0.8452,0.05566542874803218,cv,keep
T,LPJ-GUESS,LAI,T,LPJ-GUESS | LAI→T,Marginal-response pattern,late_slope_norm,7,0.8657285714285715,0.885,0.12199369811983067,0.13895000000000002,0.3545999999999999,2.0547,0.14091448768812637,cv,keep
T,LPJ-GUESS,LAI,T,LPJ-GUESS | LAI→T,Marginal-response pattern,middle_to_early_ratio,7,0.6483857142857143,0.6489,0.04387631967897295,0.04354999999999998,0.12990000000000002,0.715,0.06767009005944667,cv,keep
T,LPJ-GUESS,LAI,T,LPJ-GUESS | LAI→T,Marginal-response pattern,late_to_early_ratio,7,0.6280428571428571,0.6503,0.10527443274829928,0.10454999999999992,0.31589999999999996,1.2614,0.16762300781068057,cv,keep
T,LPJ-GUESS,LAI,T,LPJ-GUESS | LAI→T,Marginal-response pattern,marginal_variation,7,0.2992388897723847,0.3015577722427329,0.06466394057982573,0.04115939864890161,0.2105771217037306,1.4374309936044996,0.2160947082413392,cv,keep
T,LPJ-GUESS,LAI,T,LPJ-GUESS | LAI→T,Terminal behavior,terminal_slope_norm,7,0.8150000000000001,0.8029,0.2502032706953822,0.13544999999999996,0.8158000000000001,3.8123000000000005,0.30699787815384316,cv,method-sensitive
T,LPJ-GUESS,LAI,T,LPJ-GUESS | LAI→T,Terminal behavior,terminal_to_early_ratio,7,0.5933999999999999,0.5887,0.1909697881865087,0.12395,0.598,2.0132000000000003,0.32182303368134263,cv,method-sensitive
T,LPJ-GUESS,LAI,T,LPJ-GUESS | LAI→T,Terminal behavior,terminal_to_mean_ratio,7,0.8016469480911651,0.7907228678353357,0.24608107118147077,0.13164873959553347,0.8158000000000001,4.375649741214929,0.30696938567211496,cv,method-sensitive
T,LPJ-GUESS,LAI,T,LPJ-GUESS | LAI→T,Terminal behavior,terminal_y_range_norm,7,0.05434285714285714,0.0736,0.04387937469711167,0.06375,0.1133,0.2228,0.8074543188217186,cv,remove-or-redefine
T,LPJ-GUESS,LAI,T,LPJ-GUESS | LAI→T,Turning complexity,n_slope_sign_changes,7,0.0,0.0,0.0,0.0,0.0,140.0,0.0,range_over_global_range,keep
T,LPJ-GUESS,LAI,T,LPJ-GUESS | LAI→T,Turning complexity,n_internal_extrema,7,0.0,0.0,0.0,0.0,0.0,1.0,0.0,range_over_global_range,keep
T,LPJ-GUESS,LAI,T,LPJ-GUESS | LAI→T,Turning complexity,turning_strength,7,0.0,0.0,0.0,0.0,0.0,0.2658,0.0,range_over_global_range,keep
T,LPJ-GUESS,LAI,T,LPJ-GUESS | LAI→T,Turning complexity,roughness_ratio,7,1.0,1.0,0.0,0.0,0.0,0.724,0.0,cv,keep
T,LPJ-GUESS,P,T,LPJ-GUESS | P→T,Overall direction,net_change_norm,7,0.7152000000000001,0.7307,0.07446014593951139,0.10460000000000003,0.20090000000000008,0.4345,0.10411094230916021,cv,keep
T,LPJ-GUESS,P,T,LPJ-GUESS | P→T,Overall direction,mean_slope_norm,7,1.0903571428571428,1.0,0.2831194203697023,0.14265000000000005,0.8954,1.0663,0.2596575096741456,cv,keep
T,LPJ-GUESS,P,T,LPJ-GUESS | P→T,Overall direction,pos_fraction,7,0.8299714285714286,0.8889,0.1838338082280271,0.22465000000000002,0.505,0.505,0.2214941405205325,cv,keep
T,LPJ-GUESS,P,T,LPJ-GUESS | P→T,Overall direction,neg_fraction,7,0.09395714285714286,0.0549,0.11358026320834175,0.15925,0.2843,0.3333,1.2088518206756762,cv,remove-or-redefine
T,LPJ-GUESS,P,T,LPJ-GUESS | P→T,Overall direction,flat_fraction,7,0.07608571428571428,0.0076,0.18919104478957618,0.01,0.505,0.505,2.4865514711359995,cv,remove-or-redefine
T,LPJ-GUESS,P,T,LPJ-GUESS | P→T,Overall direction,direction_consistency,7,0.7360142857142857,0.7778,0.23998990554168056,0.4062500000000001,0.5786,0.7777000000000001,0.32606691228659457,cv,method-sensitive
T,LPJ-GUESS,P,T,LPJ-GUESS | P→T,Dominant curvature,slope_trend,7,-2.6412000000000004,-2.8326,1.118688498495746,0.9484499999999998,3.4115,4.8495,0.4235531192244986,cv,method-sensitive
T,LPJ-GUESS,P,T,LPJ-GUESS | P→T,Dominant curvature,linear_deviation,7,1.2596285714285713,1.3251,0.6573983792553941,0.92155,1.7528,2.0456000000000003,0.5218985930986185,cv,remove-or-redefine
T,LPJ-GUESS,P,T,LPJ-GUESS | P→T,Dominant curvature,curvature_consistency,7,0.9953142857142857,1.0,0.012353195075421911,4.999999999999449e-05,0.03269999999999995,0.11539999999999995,0.012411351120673065,cv,keep
T,LPJ-GUESS,P,T,LPJ-GUESS | P→T,Marginal-response pattern,early_slope_norm,7,1.9070857142857143,2.0625,0.330044771854625,0.30889999999999995,0.8703000000000001,1.7539999999999998,0.17306236913333545,cv,keep
T,LPJ-GUESS,P,T,LPJ-GUESS | P→T,Marginal-response pattern,middle_slope_norm,7,1.0310142857142859,0.953,0.16853851615749865,0.1812499999999999,0.43300000000000005,0.8452,0.16346865265861502,cv,keep
T,LPJ-GUESS,P,T,LPJ-GUESS | P→T,Marginal-response pattern,late_slope_norm,7,0.008157142857142847,0.0187,0.541608972898169,0.22245,1.8131,2.0547,66.39689685266528,cv,remove-or-redefine
T,LPJ-GUESS,P,T,LPJ-GUESS | P→T,Marginal-response pattern,middle_to_early_ratio,7,0.5602285714285714,0.4894,0.1559927104523981,0.22705000000000003,0.4013,0.715,0.27844476059944584,cv,keep
T,LPJ-GUESS,P,T,LPJ-GUESS | P→T,Marginal-response pattern,late_to_early_ratio,7,0.03865714285714287,0.0085,0.3171494119871729,0.1264,1.0791,1.2614,8.204160694420581,cv,remove-or-redefine
T,LPJ-GUESS,P,T,LPJ-GUESS | P→T,Marginal-response pattern,marginal_variation,7,0.9622867324002808,1.0107741109334634,0.3968746553856209,0.24925361548042235,1.2895500807173517,1.4374309936044996,0.4124286888957475,cv,method-sensitive
T,LPJ-GUESS,P,T,LPJ-GUESS | P→T,Terminal behavior,terminal_slope_norm,6,0.059449999999999996,0.14395,0.8905834441533259,0.6929750000000001,2.5138,3.8123000000000005,14.980377529912968,cv,remove-or-redefine
T,LPJ-GUESS,P,T,LPJ-GUESS | P→T,Terminal behavior,terminal_to_early_ratio,6,0.05933333333333333,0.0652,0.46459606828584626,0.40305,1.3090000000000002,2.0132000000000003,7.830270813806399,cv,remove-or-redefine
T,LPJ-GUESS,P,T,LPJ-GUESS | P→T,Terminal behavior,terminal_to_mean_ratio,6,-0.0284807138099963,0.14241031823301742,1.1010820878776728,0.6689371110665452,3.0849704590292237,4.375649741214929,38.66062119170657,cv,remove-or-redefine
T,LPJ-GUESS,P,T,LPJ-GUESS | P→T,Terminal behavior,terminal_y_range_norm,7,0.04674285714285715,0.008,0.06070968778107981,0.08355000000000001,0.1521,0.2228,1.2988013889595313,cv,remove-or-redefine
T,LPJ-GUESS,P,T,LPJ-GUESS | P→T,Turning complexity,n_slope_sign_changes,7,2.5714285714285716,1.0,4.68533680244878,2.0,13.0,140.0,1.8220754231745253,cv,remove-or-redefine
T,LPJ-GUESS,P,T,LPJ-GUESS | P→T,Turning complexity,n_internal_extrema,7,0.5714285714285714,1.0,0.5345224838248488,1.0,1.0,1.0,0.9354143466934854,cv,remove-or-redefine
T,LPJ-GUESS,P,T,LPJ-GUESS | P→T,Turning complexity,turning_strength,7,0.04245714285714285,0.0002,0.0988522779562659,0.0156,0.2658,0.2658,2.328283801123356,cv,remove-or-redefine
T,LPJ-GUESS,P,T,LPJ-GUESS | P→T,Turning complexity,roughness_ratio,7,1.1498428571428572,1.0476,0.2649889171087655,0.13834999999999997,0.724,0.724,0.23045663628090277,cv,keep
