target_output,model,x,y,relationship,descriptor_metric,mean,median,sd,cv,iqr,n_methods
T,CLASSIC,LAI,T,CLASSIC | LAI→T,net_change_norm,0.6517571428571429,0.7068,0.1350156269615096,0.2071563441094551,0.1612499999999999,7
T,CLASSIC,LAI,T,CLASSIC | LAI→T,mean_slope_norm,0.9660285714285715,1.0,0.052325319374267036,0.05416539522934389,0.06119999999999992,7
T,CLASSIC,LAI,T,CLASSIC | LAI→T,pos_fraction,0.9592857142857143,0.9933,0.05208158435158657,0.05429204623396962,0.08360000000000001,7
T,CLASSIC,LAI,T,CLASSIC | LAI→T,neg_fraction,0.04008571428571429,0.0067,0.05189114980968748,1.294504806371391,0.0814,7
T,CLASSIC,LAI,T,CLASSIC | LAI→T,flat_fraction,0.0006142857142857142,0.0,0.0016252472339396771,2.6457513110645907,0.0,7
T,CLASSIC,LAI,T,CLASSIC | LAI→T,direction_consistency,0.9192,0.9866,0.10395960754062125,0.11309791943061494,0.16500000000000004,7
T,CLASSIC,LAI,T,CLASSIC | LAI→T,slope_trend,-1.151614285714286,-0.8146,0.7654941942487685,0.6647140485705009,0.9952000000000001,7
T,CLASSIC,LAI,T,CLASSIC | LAI→T,linear_deviation,0.4004285714285714,0.3842,0.11298828426413236,0.2821683873881293,0.15669999999999995,7
T,CLASSIC,LAI,T,CLASSIC | LAI→T,curvature_consistency,0.9875714285714287,1.0,0.02685676291524564,0.02719475486861268,0.007500000000000062,7
T,CLASSIC,LAI,T,CLASSIC | LAI→T,early_slope_norm,1.5940285714285716,1.4676,0.41901023342429927,0.26286243605331455,0.3255000000000001,7
T,CLASSIC,LAI,T,CLASSIC | LAI→T,middle_slope_norm,0.8431714285714287,0.877,0.19395361743026532,0.23002868794887618,0.17930000000000001,7
T,CLASSIC,LAI,T,CLASSIC | LAI→T,late_slope_norm,0.6348714285714285,0.6791,0.2956890242258225,0.46574630849457876,0.3953,7
T,CLASSIC,LAI,T,CLASSIC | LAI→T,middle_to_early_ratio,0.5732428571428573,0.5995,0.21131573420786612,0.36863212785781707,0.10460000000000003,7
T,CLASSIC,LAI,T,CLASSIC | LAI→T,late_to_early_ratio,0.4356285714285714,0.4387,0.25138798509001786,0.577069553233464,0.40005,7
T,CLASSIC,LAI,T,CLASSIC | LAI→T,marginal_variation,0.5311426454499956,0.3954459128629351,0.32805188985484063,0.6176342507329796,0.4025685645336841,7
T,CLASSIC,LAI,T,CLASSIC | LAI→T,terminal_slope_norm,0.7182714285714286,0.8452,0.919792472452864,1.2805639147894843,0.9235500000000001,7
T,CLASSIC,LAI,T,CLASSIC | LAI→T,terminal_to_early_ratio,0.5102,0.6659,0.6424892113231683,1.2592889285048379,0.8207,7
T,CLASSIC,LAI,T,CLASSIC | LAI→T,terminal_to_mean_ratio,0.7338295280772246,0.8452,0.98132253653655,1.3372622645858978,1.0270904966639733,7
T,CLASSIC,LAI,T,CLASSIC | LAI→T,terminal_y_range_norm,0.09565714285714286,0.082,0.06235323720927559,0.6518408907779706,0.06119999999999998,7
T,CLASSIC,LAI,T,CLASSIC | LAI→T,n_slope_sign_changes,20.571428571428573,1.0,52.66832426565688,2.560265762913876,1.5,7
T,CLASSIC,LAI,T,CLASSIC | LAI→T,n_internal_extrema,0.2857142857142857,0.0,0.48795003647426666,1.7078251276599334,0.5,7
T,CLASSIC,LAI,T,CLASSIC | LAI→T,turning_strength,0.01057142857142857,0.0,0.02608075371391161,2.467098324288936,0.0022,7
T,CLASSIC,LAI,T,CLASSIC | LAI→T,roughness_ratio,1.0283714285714285,1.0089,0.05439049286672914,0.05288992999570805,0.020000000000000018,7
T,CLASSIC,P,T,CLASSIC | P→T,net_change_norm,0.6165714285714287,0.5976,0.09051942175183023,0.14681092499138357,0.127,7
T,CLASSIC,P,T,CLASSIC | P→T,mean_slope_norm,1.1653285714285715,1.0,0.3131361882327757,0.26871064171103554,0.1907000000000001,7
T,CLASSIC,P,T,CLASSIC | P→T,pos_fraction,0.8094428571428571,0.8437,0.17026486089954926,0.2103482159328012,0.25550000000000006,7
T,CLASSIC,P,T,CLASSIC | P→T,neg_fraction,0.1449857142857143,0.1111,0.13068337599673788,0.9013534653435462,0.19974999999999998,7
T,CLASSIC,P,T,CLASSIC | P→T,flat_fraction,0.045585714285714285,0.0569,0.04563468814295505,1.0010743246652627,0.07555,7
T,CLASSIC,P,T,CLASSIC | P→T,direction_consistency,0.6644571428571429,0.7582,0.3000906299611439,0.4516327850292413,0.44245,7
T,CLASSIC,P,T,CLASSIC | P→T,slope_trend,-2.944728571428571,-2.8519,1.3931273317184445,0.4730919328984535,1.1624499999999998,7
T,CLASSIC,P,T,CLASSIC | P→T,linear_deviation,1.6885714285714286,1.9306,0.6420640770574375,0.38024099318122356,0.41915000000000013,7
T,CLASSIC,P,T,CLASSIC | P→T,curvature_consistency,0.9895714285714285,1.0,0.023744803942877982,0.023995037909650047,0.004650000000000043,7
T,CLASSIC,P,T,CLASSIC | P→T,early_slope_norm,2.3847714285714288,2.5419,0.4973607902863732,0.2085570064818798,0.40435,7
T,CLASSIC,P,T,CLASSIC | P→T,middle_slope_norm,0.6912142857142857,0.5697,0.22567060382019502,0.3264842878456888,0.4086000000000001,7
T,CLASSIC,P,T,CLASSIC | P→T,late_slope_norm,0.3342714285714286,0.3129,0.38034069689462063,1.137819940280501,0.73895,7
T,CLASSIC,P,T,CLASSIC | P→T,middle_to_early_ratio,0.31849999999999995,0.2241,0.1819075131305283,0.5711381887928676,0.1922,7
T,CLASSIC,P,T,CLASSIC | P→T,late_to_early_ratio,0.1683142857142857,0.1231,0.211659273586673,1.257524117388144,0.29635,7
T,CLASSIC,P,T,CLASSIC | P→T,marginal_variation,1.1176012634673236,1.1828736027150155,0.388751569044428,0.3478446041107167,0.22940912448798279,7
T,CLASSIC,P,T,CLASSIC | P→T,terminal_slope_norm,0.8449,0.51485,0.9432764133593081,1.116435570315195,1.36375,6
T,CLASSIC,P,T,CLASSIC | P→T,terminal_to_early_ratio,0.3791333333333333,0.3204,0.39372324628686417,1.0384822743631024,0.580675,6
T,CLASSIC,P,T,CLASSIC | P→T,terminal_to_mean_ratio,0.8432539123197648,0.51485,0.9389047350348335,1.1134306302261159,1.3501560116465325,6
T,CLASSIC,P,T,CLASSIC | P→T,terminal_y_range_norm,0.047157142857142856,0.0064,0.08151050764866366,1.7284869843703292,0.04935,7
T,CLASSIC,P,T,CLASSIC | P→T,n_slope_sign_changes,3.142857142857143,2.0,5.30498417932204,1.6879495116024674,1.5,7
T,CLASSIC,P,T,CLASSIC | P→T,n_internal_extrema,0.42857142857142855,0.0,0.5345224838248487,1.247219128924647,1.0,7
T,CLASSIC,P,T,CLASSIC | P→T,turning_strength,0.0087,0.0,0.011210263154805958,1.2885359948052826,0.01815,7
T,CLASSIC,P,T,CLASSIC | P→T,roughness_ratio,1.0642,1.0439,0.06800274504263287,0.06390034302070369,0.08210000000000006,7
T,LPJ-GUESS,LAI,T,LPJ-GUESS | LAI→T,net_change_norm,0.7147857142857142,0.7254999999999999,0.04655922495673039,0.06513731881625118,0.04995000000000005,7
T,LPJ-GUESS,LAI,T,LPJ-GUESS | LAI→T,mean_slope_norm,1.0157857142857143,1.0,0.02242011214448822,0.022071694678492022,0.031099999999999905,7
T,LPJ-GUESS,LAI,T,LPJ-GUESS | LAI→T,pos_fraction,1.0,1.0,0.0,0.0,0.0,7
T,LPJ-GUESS,LAI,T,LPJ-GUESS | LAI→T,neg_fraction,0.0,0.0,0.0,,0.0,7
T,LPJ-GUESS,LAI,T,LPJ-GUESS | LAI→T,flat_fraction,0.0,0.0,0.0,,0.0,7
T,LPJ-GUESS,LAI,T,LPJ-GUESS | LAI→T,direction_consistency,1.0,1.0,0.0,0.0,0.0,7
T,LPJ-GUESS,LAI,T,LPJ-GUESS | LAI→T,slope_trend,-0.7293714285714287,-0.6898,0.16826946360214137,0.2307047644184796,0.15174999999999994,7
T,LPJ-GUESS,LAI,T,LPJ-GUESS | LAI→T,linear_deviation,0.37642857142857145,0.3399,0.14029354599417268,0.3726963271192443,0.18505,7
T,LPJ-GUESS,LAI,T,LPJ-GUESS | LAI→T,curvature_consistency,0.9717428571428571,1.0,0.04918952656622671,0.05061990032101187,0.041200000000000014,7
T,LPJ-GUESS,LAI,T,LPJ-GUESS | LAI→T,early_slope_norm,1.385057142857143,1.383,0.0563666230182028,0.04069624369571338,0.027099999999999902,7
T,LPJ-GUESS,LAI,T,LPJ-GUESS | LAI→T,middle_slope_norm,0.8968571428571429,0.906,0.04992393738287801,0.05566542874803218,0.03260000000000007,7
T,LPJ-GUESS,LAI,T,LPJ-GUESS | LAI→T,late_slope_norm,0.8657285714285715,0.885,0.12199369811983067,0.14091448768812637,0.13895000000000002,7
T,LPJ-GUESS,LAI,T,LPJ-GUESS | LAI→T,middle_to_early_ratio,0.6483857142857143,0.6489,0.04387631967897295,0.06767009005944667,0.04354999999999998,7
T,LPJ-GUESS,LAI,T,LPJ-GUESS | LAI→T,late_to_early_ratio,0.6280428571428571,0.6503,0.10527443274829928,0.16762300781068057,0.10454999999999992,7
T,LPJ-GUESS,LAI,T,LPJ-GUESS | LAI→T,marginal_variation,0.2992388897723847,0.3015577722427329,0.06466394057982573,0.2160947082413392,0.04115939864890161,7
T,LPJ-GUESS,LAI,T,LPJ-GUESS | LAI→T,terminal_slope_norm,0.8150000000000001,0.8029,0.2502032706953822,0.30699787815384316,0.13544999999999996,7
T,LPJ-GUESS,LAI,T,LPJ-GUESS | LAI→T,terminal_to_early_ratio,0.5933999999999999,0.5887,0.1909697881865087,0.32182303368134263,0.12395,7
T,LPJ-GUESS,LAI,T,LPJ-GUESS | LAI→T,terminal_to_mean_ratio,0.8016469480911651,0.7907228678353357,0.24608107118147077,0.30696938567211496,0.13164873959553347,7
T,LPJ-GUESS,LAI,T,LPJ-GUESS | LAI→T,terminal_y_range_norm,0.05434285714285714,0.0736,0.04387937469711167,0.8074543188217186,0.06375,7
T,LPJ-GUESS,LAI,T,LPJ-GUESS | LAI→T,n_slope_sign_changes,0.0,0.0,0.0,,0.0,7
T,LPJ-GUESS,LAI,T,LPJ-GUESS | LAI→T,n_internal_extrema,0.0,0.0,0.0,,0.0,7
T,LPJ-GUESS,LAI,T,LPJ-GUESS | LAI→T,turning_strength,0.0,0.0,0.0,,0.0,7
T,LPJ-GUESS,LAI,T,LPJ-GUESS | LAI→T,roughness_ratio,1.0,1.0,0.0,0.0,0.0,7
T,LPJ-GUESS,P,T,LPJ-GUESS | P→T,net_change_norm,0.7152000000000001,0.7307,0.07446014593951139,0.10411094230916021,0.10460000000000003,7
T,LPJ-GUESS,P,T,LPJ-GUESS | P→T,mean_slope_norm,1.0903571428571428,1.0,0.2831194203697023,0.2596575096741456,0.14265000000000005,7
T,LPJ-GUESS,P,T,LPJ-GUESS | P→T,pos_fraction,0.8299714285714286,0.8889,0.1838338082280271,0.2214941405205325,0.22465000000000002,7
T,LPJ-GUESS,P,T,LPJ-GUESS | P→T,neg_fraction,0.09395714285714286,0.0549,0.11358026320834175,1.2088518206756762,0.15925,7
T,LPJ-GUESS,P,T,LPJ-GUESS | P→T,flat_fraction,0.07608571428571428,0.0076,0.18919104478957618,2.4865514711359995,0.01,7
T,LPJ-GUESS,P,T,LPJ-GUESS | P→T,direction_consistency,0.7360142857142857,0.7778,0.23998990554168056,0.32606691228659457,0.4062500000000001,7
T,LPJ-GUESS,P,T,LPJ-GUESS | P→T,slope_trend,-2.6412000000000004,-2.8326,1.118688498495746,0.4235531192244986,0.9484499999999998,7
T,LPJ-GUESS,P,T,LPJ-GUESS | P→T,linear_deviation,1.2596285714285713,1.3251,0.6573983792553941,0.5218985930986185,0.92155,7
T,LPJ-GUESS,P,T,LPJ-GUESS | P→T,curvature_consistency,0.9953142857142857,1.0,0.012353195075421911,0.012411351120673065,4.999999999999449e-05,7
T,LPJ-GUESS,P,T,LPJ-GUESS | P→T,early_slope_norm,1.9070857142857143,2.0625,0.330044771854625,0.17306236913333545,0.30889999999999995,7
T,LPJ-GUESS,P,T,LPJ-GUESS | P→T,middle_slope_norm,1.0310142857142859,0.953,0.16853851615749865,0.16346865265861502,0.1812499999999999,7
T,LPJ-GUESS,P,T,LPJ-GUESS | P→T,late_slope_norm,0.008157142857142847,0.0187,0.541608972898169,66.39689685266528,0.22245,7
T,LPJ-GUESS,P,T,LPJ-GUESS | P→T,middle_to_early_ratio,0.5602285714285714,0.4894,0.1559927104523981,0.27844476059944584,0.22705000000000003,7
T,LPJ-GUESS,P,T,LPJ-GUESS | P→T,late_to_early_ratio,0.03865714285714287,0.0085,0.3171494119871729,8.204160694420581,0.1264,7
T,LPJ-GUESS,P,T,LPJ-GUESS | P→T,marginal_variation,0.9622867324002808,1.0107741109334634,0.3968746553856209,0.4124286888957475,0.24925361548042235,7
T,LPJ-GUESS,P,T,LPJ-GUESS | P→T,terminal_slope_norm,0.059449999999999996,0.14395,0.8905834441533259,14.980377529912968,0.6929750000000001,6
T,LPJ-GUESS,P,T,LPJ-GUESS | P→T,terminal_to_early_ratio,0.05933333333333333,0.0652,0.46459606828584626,7.830270813806399,0.40305,6
T,LPJ-GUESS,P,T,LPJ-GUESS | P→T,terminal_to_mean_ratio,-0.0284807138099963,0.14241031823301742,1.1010820878776728,38.66062119170657,0.6689371110665452,6
T,LPJ-GUESS,P,T,LPJ-GUESS | P→T,terminal_y_range_norm,0.04674285714285715,0.008,0.06070968778107981,1.2988013889595313,0.08355000000000001,7
T,LPJ-GUESS,P,T,LPJ-GUESS | P→T,n_slope_sign_changes,2.5714285714285716,1.0,4.68533680244878,1.8220754231745253,2.0,7
T,LPJ-GUESS,P,T,LPJ-GUESS | P→T,n_internal_extrema,0.5714285714285714,1.0,0.5345224838248488,0.9354143466934854,1.0,7
T,LPJ-GUESS,P,T,LPJ-GUESS | P→T,turning_strength,0.04245714285714285,0.0002,0.0988522779562659,2.328283801123356,0.0156,7
T,LPJ-GUESS,P,T,LPJ-GUESS | P→T,roughness_ratio,1.1498428571428572,1.0476,0.2649889171087655,0.23045663628090277,0.13834999999999997,7
