model,year,climate_zone,input_var,output_var,hsic,n_samples
LPJ-GUESS,1991,HW,precipitation,evapotrans,0.4273459148999972,13298
LPJ-GUESS,1991,HW,lai,evapotrans,0.6943238173996255,13298
LPJ-GUESS,1991,HW,precipitation,tran,0.27770842984290856,13298
LPJ-GUESS,1991,HW,lai,tran,0.7425859479099871,13298
LPJ-GUESS,1991,HW,precipitation,evspsblveg,0.4812578718512084,13298
LPJ-GUESS,1991,HW,lai,evspsblveg,0.7127192158145179,13298
LPJ-GUESS,1991,HW,precipitation,evspsblsoi,0.05749930786289366,13298
LPJ-GUESS,1991,HW,lai,evspsblsoi,0.045758693561872954,13298
LPJ-GUESS,1991,HD,precipitation,evapotrans,0.674691390632377,11879
LPJ-GUESS,1991,HD,lai,evapotrans,0.7923033813348771,11879
LPJ-GUESS,1991,HD,precipitation,tran,0.6387348804474933,11879
LPJ-GUESS,1991,HD,lai,tran,0.846175260612371,11879
LPJ-GUESS,1991,HD,precipitation,evspsblveg,0.5516777962246593,11879
LPJ-GUESS,1991,HD,lai,evspsblveg,0.8029235465015782,11879
LPJ-GUESS,1991,HD,precipitation,evspsblsoi,0.2362207563312684,11879
LPJ-GUESS,1991,HD,lai,evspsblsoi,0.18037488767623053,11879
LPJ-GUESS,1991,CW,precipitation,evapotrans,0.35167507551950494,22403
LPJ-GUESS,1991,CW,lai,evapotrans,0.5053253560342894,22403
LPJ-GUESS,1991,CW,precipitation,tran,0.2952887182506156,22403
LPJ-GUESS,1991,CW,lai,tran,0.5506500809278759,22403
LPJ-GUESS,1991,CW,precipitation,evspsblveg,0.28699635437130244,22403
LPJ-GUESS,1991,CW,lai,evspsblveg,0.7909772125825673,22403
LPJ-GUESS,1991,CW,precipitation,evspsblsoi,0.11778116027307851,22403
LPJ-GUESS,1991,CW,lai,evspsblsoi,0.029230277248548195,22403
LPJ-GUESS,1991,CD,precipitation,evapotrans,0.23678915834715109,10713
LPJ-GUESS,1991,CD,lai,evapotrans,0.7451401895148585,10713
LPJ-GUESS,1991,CD,precipitation,tran,0.15823048005182166,10713
LPJ-GUESS,1991,CD,lai,tran,0.8724408041638838,10713
LPJ-GUESS,1991,CD,precipitation,evspsblveg,0.16650224465612007,10713
LPJ-GUESS,1991,CD,lai,evspsblveg,0.7746823520722921,10713
LPJ-GUESS,1991,CD,precipitation,evspsblsoi,0.16923467270275303,10713
LPJ-GUESS,1991,CD,lai,evspsblsoi,0.029433048471019803,10713
LPJ-GUESS,1992,HW,precipitation,evapotrans,0.4155282723010406,13294
LPJ-GUESS,1992,HW,lai,evapotrans,0.7073611830169277,13294
LPJ-GUESS,1992,HW,precipitation,tran,0.2890928064327842,13294
LPJ-GUESS,1992,HW,lai,tran,0.7599444031079143,13294
LPJ-GUESS,1992,HW,precipitation,evspsblveg,0.44992566310200843,13294
LPJ-GUESS,1992,HW,lai,evspsblveg,0.7321169021370608,13294
LPJ-GUESS,1992,HW,precipitation,evspsblsoi,0.0462408672301198,13294
LPJ-GUESS,1992,HW,lai,evspsblsoi,0.03384698755567778,13294
LPJ-GUESS,1992,HD,precipitation,evapotrans,0.577616117122524,11876
LPJ-GUESS,1992,HD,lai,evapotrans,0.7890105394489696,11876
LPJ-GUESS,1992,HD,precipitation,tran,0.5391489090422036,11876
LPJ-GUESS,1992,HD,lai,tran,0.857403396732113,11876
LPJ-GUESS,1992,HD,precipitation,evspsblveg,0.42892084085307425,11876
LPJ-GUESS,1992,HD,lai,evspsblveg,0.7712323837351514,11876
LPJ-GUESS,1992,HD,precipitation,evspsblsoi,0.2246761113239828,11876
LPJ-GUESS,1992,HD,lai,evspsblsoi,0.18839101641460432,11876
LPJ-GUESS,1992,CW,precipitation,evapotrans,0.3081341830764572,22396
LPJ-GUESS,1992,CW,lai,evapotrans,0.4550389683990404,22396
LPJ-GUESS,1992,CW,precipitation,tran,0.24477037878784955,22396
LPJ-GUESS,1992,CW,lai,tran,0.4989079313587847,22396
LPJ-GUESS,1992,CW,precipitation,evspsblveg,0.2143557990081273,22396
LPJ-GUESS,1992,CW,lai,evspsblveg,0.7932638406474879,22396
LPJ-GUESS,1992,CW,precipitation,evspsblsoi,0.11912914834432502,22396
LPJ-GUESS,1992,CW,lai,evspsblsoi,0.023865318275441662,22396
LPJ-GUESS,1992,CD,precipitation,evapotrans,0.30412127116132864,10716
LPJ-GUESS,1992,CD,lai,evapotrans,0.7851378080133974,10716
LPJ-GUESS,1992,CD,precipitation,tran,0.2241639594049745,10716
LPJ-GUESS,1992,CD,lai,tran,0.8914946539637195,10716
LPJ-GUESS,1992,CD,precipitation,evspsblveg,0.22929116325739538,10716
LPJ-GUESS,1992,CD,lai,evspsblveg,0.7773952213425874,10716
LPJ-GUESS,1992,CD,precipitation,evspsblsoi,0.081919260220065,10716
LPJ-GUESS,1992,CD,lai,evspsblsoi,0.0406808850049229,10716
LPJ-GUESS,1993,HW,precipitation,evapotrans,0.37438448436731675,13276
LPJ-GUESS,1993,HW,lai,evapotrans,0.6457388270682078,13276
LPJ-GUESS,1993,HW,precipitation,tran,0.23555084453283512,13276
LPJ-GUESS,1993,HW,lai,tran,0.7136078456931461,13276
LPJ-GUESS,1993,HW,precipitation,evspsblveg,0.4724326469113185,13276
LPJ-GUESS,1993,HW,lai,evspsblveg,0.6899224497293381,13276
LPJ-GUESS,1993,HW,precipitation,evspsblsoi,0.06075115490223498,13276
LPJ-GUESS,1993,HW,lai,evspsblsoi,0.04317541537045148,13276
LPJ-GUESS,1993,HD,precipitation,evapotrans,0.6530157275196188,11874
LPJ-GUESS,1993,HD,lai,evapotrans,0.7341802133593359,11874
LPJ-GUESS,1993,HD,precipitation,tran,0.5788658076407931,11874
LPJ-GUESS,1993,HD,lai,tran,0.8353815264123229,11874
LPJ-GUESS,1993,HD,precipitation,evspsblveg,0.5273198433550345,11874
LPJ-GUESS,1993,HD,lai,evspsblveg,0.7892270044847504,11874
LPJ-GUESS,1993,HD,precipitation,evspsblsoi,0.23399346060837536,11874
LPJ-GUESS,1993,HD,lai,evspsblsoi,0.15926787894458916,11874
LPJ-GUESS,1993,CW,precipitation,evapotrans,0.3760633944410381,22450
LPJ-GUESS,1993,CW,lai,evapotrans,0.5401344704087047,22450
LPJ-GUESS,1993,CW,precipitation,tran,0.3020951127357152,22450
LPJ-GUESS,1993,CW,lai,tran,0.548575125100477,22450
LPJ-GUESS,1993,CW,precipitation,evspsblveg,0.20692728062466342,22450
LPJ-GUESS,1993,CW,lai,evspsblveg,0.7840282493622557,22450
LPJ-GUESS,1993,CW,precipitation,evspsblsoi,0.12413893942817235,22450
LPJ-GUESS,1993,CW,lai,evspsblsoi,0.01492174936130445,22450
LPJ-GUESS,1993,CD,precipitation,evapotrans,0.3221999534124269,10760
LPJ-GUESS,1993,CD,lai,evapotrans,0.7826632349158922,10760
LPJ-GUESS,1993,CD,precipitation,tran,0.22856326378942382,10760
LPJ-GUESS,1993,CD,lai,tran,0.8800952113062591,10760
LPJ-GUESS,1993,CD,precipitation,evspsblveg,0.28092430643464744,10760
LPJ-GUESS,1993,CD,lai,evspsblveg,0.7670602730162238,10760
LPJ-GUESS,1993,CD,precipitation,evspsblsoi,0.07206535668142612,10760
LPJ-GUESS,1993,CD,lai,evspsblsoi,0.02874963558826519,10760
LPJ-GUESS,1994,HW,precipitation,evapotrans,0.45218470910360514,13305
LPJ-GUESS,1994,HW,lai,evapotrans,0.6697100407100696,13305
LPJ-GUESS,1994,HW,precipitation,tran,0.28025375547850195,13305
LPJ-GUESS,1994,HW,lai,tran,0.735310925551457,13305
LPJ-GUESS,1994,HW,precipitation,evspsblveg,0.48880790158016574,13305
LPJ-GUESS,1994,HW,lai,evspsblveg,0.7181719376516627,13305
LPJ-GUESS,1994,HW,precipitation,evspsblsoi,0.0661637993239118,13305
LPJ-GUESS,1994,HW,lai,evspsblsoi,0.03028121152241383,13305
LPJ-GUESS,1994,HD,precipitation,evapotrans,0.6798741555797535,11875
LPJ-GUESS,1994,HD,lai,evapotrans,0.7565603514604742,11875
LPJ-GUESS,1994,HD,precipitation,tran,0.5948522521158061,11875
LPJ-GUESS,1994,HD,lai,tran,0.8492502268137964,11875
LPJ-GUESS,1994,HD,precipitation,evspsblveg,0.5744528054840825,11875
LPJ-GUESS,1994,HD,lai,evspsblveg,0.765102290243356,11875
LPJ-GUESS,1994,HD,precipitation,evspsblsoi,0.25314015500140985,11875
LPJ-GUESS,1994,HD,lai,evspsblsoi,0.15287513287954582,11875
LPJ-GUESS,1994,CW,precipitation,evapotrans,0.3384851842384181,22368
LPJ-GUESS,1994,CW,lai,evapotrans,0.5021875273275579,22368
LPJ-GUESS,1994,CW,precipitation,tran,0.2577375504924013,22368
LPJ-GUESS,1994,CW,lai,tran,0.5389413938206853,22368
LPJ-GUESS,1994,CW,precipitation,evspsblveg,0.26147908779448564,22368
LPJ-GUESS,1994,CW,lai,evspsblveg,0.8207672006330418,22368
LPJ-GUESS,1994,CW,precipitation,evspsblsoi,0.11186686161935268,22368
LPJ-GUESS,1994,CW,lai,evspsblsoi,0.020635370503539984,22368
LPJ-GUESS,1994,CD,precipitation,evapotrans,0.20819419736064668,10748
LPJ-GUESS,1994,CD,lai,evapotrans,0.7756033557461641,10748
LPJ-GUESS,1994,CD,precipitation,tran,0.15418746756912252,10748
LPJ-GUESS,1994,CD,lai,tran,0.887902476284361,10748
LPJ-GUESS,1994,CD,precipitation,evspsblveg,0.20157341304634036,10748
LPJ-GUESS,1994,CD,lai,evspsblveg,0.7699000167341856,10748
LPJ-GUESS,1994,CD,precipitation,evspsblsoi,0.11208862762572963,10748
LPJ-GUESS,1994,CD,lai,evspsblsoi,0.01950082030970198,10748
LPJ-GUESS,1995,HW,precipitation,evapotrans,0.4758822136118476,13296
LPJ-GUESS,1995,HW,lai,evapotrans,0.6778127869992818,13296
LPJ-GUESS,1995,HW,precipitation,tran,0.2962833288825931,13296
LPJ-GUESS,1995,HW,lai,tran,0.7505528083671383,13296
LPJ-GUESS,1995,HW,precipitation,evspsblveg,0.5017646162812135,13296
LPJ-GUESS,1995,HW,lai,evspsblveg,0.6912006421536913,13296
LPJ-GUESS,1995,HW,precipitation,evspsblsoi,0.05048198585465393,13296
LPJ-GUESS,1995,HW,lai,evspsblsoi,0.02906761224066686,13296
LPJ-GUESS,1995,HD,precipitation,evapotrans,0.6150013175072812,11879
LPJ-GUESS,1995,HD,lai,evapotrans,0.7269184667000681,11879
LPJ-GUESS,1995,HD,precipitation,tran,0.5632595587433321,11879
LPJ-GUESS,1995,HD,lai,tran,0.8369912308133224,11879
LPJ-GUESS,1995,HD,precipitation,evspsblveg,0.5200192713559932,11879
LPJ-GUESS,1995,HD,lai,evspsblveg,0.7860931498807282,11879
LPJ-GUESS,1995,HD,precipitation,evspsblsoi,0.20955156116167317,11879
LPJ-GUESS,1995,HD,lai,evspsblsoi,0.15921844134439614,11879
LPJ-GUESS,1995,CW,precipitation,evapotrans,0.2994830019005472,22386
LPJ-GUESS,1995,CW,lai,evapotrans,0.4960232153777156,22386
LPJ-GUESS,1995,CW,precipitation,tran,0.21023566986832976,22386
LPJ-GUESS,1995,CW,lai,tran,0.528869728151679,22386
LPJ-GUESS,1995,CW,precipitation,evspsblveg,0.20051685813662315,22386
LPJ-GUESS,1995,CW,lai,evspsblveg,0.7652755315963035,22386
LPJ-GUESS,1995,CW,precipitation,evspsblsoi,0.09189785566793462,22386
LPJ-GUESS,1995,CW,lai,evspsblsoi,0.031421178466113954,22386
LPJ-GUESS,1995,CD,precipitation,evapotrans,0.22056289059893253,10734
LPJ-GUESS,1995,CD,lai,evapotrans,0.7883557483875838,10734
LPJ-GUESS,1995,CD,precipitation,tran,0.15067090696246968,10734
LPJ-GUESS,1995,CD,lai,tran,0.888474812517995,10734
LPJ-GUESS,1995,CD,precipitation,evspsblveg,0.21045359757753246,10734
LPJ-GUESS,1995,CD,lai,evspsblveg,0.7721234701189805,10734
LPJ-GUESS,1995,CD,precipitation,evspsblsoi,0.18482766827820032,10734
LPJ-GUESS,1995,CD,lai,evspsblsoi,0.03589860337159514,10734
LPJ-GUESS,1996,HW,precipitation,evapotrans,0.4274214983039635,13295
LPJ-GUESS,1996,HW,lai,evapotrans,0.6518803234571782,13295
LPJ-GUESS,1996,HW,precipitation,tran,0.281315970675889,13295
LPJ-GUESS,1996,HW,lai,tran,0.715718258941664,13295
LPJ-GUESS,1996,HW,precipitation,evspsblveg,0.5290802630117942,13295
LPJ-GUESS,1996,HW,lai,evspsblveg,0.7016174341119508,13295
LPJ-GUESS,1996,HW,precipitation,evspsblsoi,0.05474875134715311,13295
LPJ-GUESS,1996,HW,lai,evspsblsoi,0.03385196680843923,13295
LPJ-GUESS,1996,HD,precipitation,evapotrans,0.6156396878360989,11871
LPJ-GUESS,1996,HD,lai,evapotrans,0.7088475977758844,11871
LPJ-GUESS,1996,HD,precipitation,tran,0.5683453910973983,11871
LPJ-GUESS,1996,HD,lai,tran,0.83566173346063,11871
LPJ-GUESS,1996,HD,precipitation,evspsblveg,0.5286063329007179,11871
LPJ-GUESS,1996,HD,lai,evspsblveg,0.7805970981724984,11871
LPJ-GUESS,1996,HD,precipitation,evspsblsoi,0.19282260673350907,11871
LPJ-GUESS,1996,HD,lai,evspsblsoi,0.16099397568024318,11871
LPJ-GUESS,1996,CW,precipitation,evapotrans,0.27664069267026614,22423
LPJ-GUESS,1996,CW,lai,evapotrans,0.511556410341917,22423
LPJ-GUESS,1996,CW,precipitation,tran,0.23430524198444228,22423
LPJ-GUESS,1996,CW,lai,tran,0.5241857688146301,22423
LPJ-GUESS,1996,CW,precipitation,evspsblveg,0.21837817179805555,22423
LPJ-GUESS,1996,CW,lai,evspsblveg,0.7935404926376398,22423
LPJ-GUESS,1996,CW,precipitation,evspsblsoi,0.1059237053177016,22423
LPJ-GUESS,1996,CW,lai,evspsblsoi,0.014893692311112323,22423
LPJ-GUESS,1996,CD,precipitation,evapotrans,0.2556068685979368,10685
LPJ-GUESS,1996,CD,lai,evapotrans,0.7301019501729292,10685
LPJ-GUESS,1996,CD,precipitation,tran,0.16935267816455715,10685
LPJ-GUESS,1996,CD,lai,tran,0.8618224094677474,10685
LPJ-GUESS,1996,CD,precipitation,evspsblveg,0.22037708556180174,10685
LPJ-GUESS,1996,CD,lai,evspsblveg,0.7868351545740428,10685
LPJ-GUESS,1996,CD,precipitation,evspsblsoi,0.11194297220485971,10685
LPJ-GUESS,1996,CD,lai,evspsblsoi,0.03387258451287799,10685
LPJ-GUESS,1997,HW,precipitation,evapotrans,0.3167032593357215,13333
LPJ-GUESS,1997,HW,lai,evapotrans,0.6687406768012144,13333
LPJ-GUESS,1997,HW,precipitation,tran,0.22476448819768335,13333
LPJ-GUESS,1997,HW,lai,tran,0.7464951604756751,13333
LPJ-GUESS,1997,HW,precipitation,evspsblveg,0.3728127122036883,13333
LPJ-GUESS,1997,HW,lai,evspsblveg,0.7059511965825254,13333
LPJ-GUESS,1997,HW,precipitation,evspsblsoi,0.0430138026108153,13333
LPJ-GUESS,1997,HW,lai,evspsblsoi,0.04410004364563829,13333
LPJ-GUESS,1997,HD,precipitation,evapotrans,0.6635747691928926,11875
LPJ-GUESS,1997,HD,lai,evapotrans,0.721231092310486,11875
LPJ-GUESS,1997,HD,precipitation,tran,0.5939198028118959,11875
LPJ-GUESS,1997,HD,lai,tran,0.8249439664759637,11875
LPJ-GUESS,1997,HD,precipitation,evspsblveg,0.5222129336189998,11875
LPJ-GUESS,1997,HD,lai,evspsblveg,0.7822284562914863,11875
LPJ-GUESS,1997,HD,precipitation,evspsblsoi,0.22681388809775366,11875
LPJ-GUESS,1997,HD,lai,evspsblsoi,0.17197066365665134,11875
LPJ-GUESS,1997,CW,precipitation,evapotrans,0.3208452074035705,22380
LPJ-GUESS,1997,CW,lai,evapotrans,0.48895511381653317,22380
LPJ-GUESS,1997,CW,precipitation,tran,0.25219747674137777,22380
LPJ-GUESS,1997,CW,lai,tran,0.5558216755480572,22380
LPJ-GUESS,1997,CW,precipitation,evspsblveg,0.21561200218996784,22380
LPJ-GUESS,1997,CW,lai,evspsblveg,0.7971991358027388,22380
LPJ-GUESS,1997,CW,precipitation,evspsblsoi,0.06609591734501581,22380
LPJ-GUESS,1997,CW,lai,evspsblsoi,0.047213182967871505,22380
LPJ-GUESS,1997,CD,precipitation,evapotrans,0.20261284584541964,10708
LPJ-GUESS,1997,CD,lai,evapotrans,0.73647989851475,10708
LPJ-GUESS,1997,CD,precipitation,tran,0.12623090824257263,10708
LPJ-GUESS,1997,CD,lai,tran,0.8552852848853111,10708
LPJ-GUESS,1997,CD,precipitation,evspsblveg,0.16103177120517692,10708
LPJ-GUESS,1997,CD,lai,evspsblveg,0.774403212056248,10708
LPJ-GUESS,1997,CD,precipitation,evspsblsoi,0.13831881040656102,10708
LPJ-GUESS,1997,CD,lai,evspsblsoi,0.052239602330010536,10708
LPJ-GUESS,1998,HW,precipitation,evapotrans,0.37859612103561985,13303
LPJ-GUESS,1998,HW,lai,evapotrans,0.7047534130415105,13303
LPJ-GUESS,1998,HW,precipitation,tran,0.22883854180750773,13303
LPJ-GUESS,1998,HW,lai,tran,0.7630734626257897,13303
LPJ-GUESS,1998,HW,precipitation,evspsblveg,0.434284030964737,13303
LPJ-GUESS,1998,HW,lai,evspsblveg,0.7090492966380921,13303
LPJ-GUESS,1998,HW,precipitation,evspsblsoi,0.08501374828719578,13303
LPJ-GUESS,1998,HW,lai,evspsblsoi,0.04886992490212961,13303
LPJ-GUESS,1998,HD,precipitation,evapotrans,0.6357305638820705,11875
LPJ-GUESS,1998,HD,lai,evapotrans,0.7540224375818431,11875
LPJ-GUESS,1998,HD,precipitation,tran,0.5928088906290736,11875
LPJ-GUESS,1998,HD,lai,tran,0.8423326040932406,11875
LPJ-GUESS,1998,HD,precipitation,evspsblveg,0.5125203498195836,11875
LPJ-GUESS,1998,HD,lai,evspsblveg,0.7655860927471916,11875
LPJ-GUESS,1998,HD,precipitation,evspsblsoi,0.20563696973521736,11875
LPJ-GUESS,1998,HD,lai,evspsblsoi,0.1277239047185797,11875
LPJ-GUESS,1998,CW,precipitation,evapotrans,0.35555147048487973,22424
LPJ-GUESS,1998,CW,lai,evapotrans,0.4875321540481015,22424
LPJ-GUESS,1998,CW,precipitation,tran,0.28932200883791087,22424
LPJ-GUESS,1998,CW,lai,tran,0.5177046929282678,22424
LPJ-GUESS,1998,CW,precipitation,evspsblveg,0.21813663419965196,22424
LPJ-GUESS,1998,CW,lai,evspsblveg,0.7801370572245121,22424
LPJ-GUESS,1998,CW,precipitation,evspsblsoi,0.09961127590614434,22424
LPJ-GUESS,1998,CW,lai,evspsblsoi,0.019674501952750455,22424
LPJ-GUESS,1998,CD,precipitation,evapotrans,0.2488534245768202,10722
LPJ-GUESS,1998,CD,lai,evapotrans,0.7449050027438937,10722
LPJ-GUESS,1998,CD,precipitation,tran,0.17445172276589546,10722
LPJ-GUESS,1998,CD,lai,tran,0.8653406244542,10722
LPJ-GUESS,1998,CD,precipitation,evspsblveg,0.20525657540133063,10722
LPJ-GUESS,1998,CD,lai,evspsblveg,0.7924780569945743,10722
LPJ-GUESS,1998,CD,precipitation,evspsblsoi,0.12023905750707256,10722
LPJ-GUESS,1998,CD,lai,evspsblsoi,0.020399890970985077,10722
LPJ-GUESS,1999,HW,precipitation,evapotrans,0.4523895900133026,13289
LPJ-GUESS,1999,HW,lai,evapotrans,0.6806679891160191,13289
LPJ-GUESS,1999,HW,precipitation,tran,0.2835445440163065,13289
LPJ-GUESS,1999,HW,lai,tran,0.7637926076328182,13289
LPJ-GUESS,1999,HW,precipitation,evspsblveg,0.551043234429883,13289
LPJ-GUESS,1999,HW,lai,evspsblveg,0.7179280101912544,13289
LPJ-GUESS,1999,HW,precipitation,evspsblsoi,0.037632441795075626,13289
LPJ-GUESS,1999,HW,lai,evspsblsoi,0.05948413658556958,13289
LPJ-GUESS,1999,HD,precipitation,evapotrans,0.6135087530011758,11879
LPJ-GUESS,1999,HD,lai,evapotrans,0.7277727871518451,11879
LPJ-GUESS,1999,HD,precipitation,tran,0.5567710311741904,11879
LPJ-GUESS,1999,HD,lai,tran,0.8276341789694858,11879
LPJ-GUESS,1999,HD,precipitation,evspsblveg,0.5133986836527834,11879
LPJ-GUESS,1999,HD,lai,evspsblveg,0.757080356209802,11879
LPJ-GUESS,1999,HD,precipitation,evspsblsoi,0.26235478376409693,11879
LPJ-GUESS,1999,HD,lai,evspsblsoi,0.19541194270506715,11879
LPJ-GUESS,1999,CW,precipitation,evapotrans,0.25104219772911296,22360
LPJ-GUESS,1999,CW,lai,evapotrans,0.48971890369403603,22360
LPJ-GUESS,1999,CW,precipitation,tran,0.19606383230360508,22360
LPJ-GUESS,1999,CW,lai,tran,0.5397731949806465,22360
LPJ-GUESS,1999,CW,precipitation,evspsblveg,0.19862340161153322,22360
LPJ-GUESS,1999,CW,lai,evspsblveg,0.8117898556360608,22360
LPJ-GUESS,1999,CW,precipitation,evspsblsoi,0.11350281948520778,22360
LPJ-GUESS,1999,CW,lai,evspsblsoi,0.01798303112179774,22360
LPJ-GUESS,1999,CD,precipitation,evapotrans,0.23947612910660365,10698
LPJ-GUESS,1999,CD,lai,evapotrans,0.730984338933427,10698
LPJ-GUESS,1999,CD,precipitation,tran,0.1851050515002841,10698
LPJ-GUESS,1999,CD,lai,tran,0.8639101434870448,10698
LPJ-GUESS,1999,CD,precipitation,evspsblveg,0.22326619029511807,10698
LPJ-GUESS,1999,CD,lai,evspsblveg,0.7629983166643189,10698
LPJ-GUESS,1999,CD,precipitation,evspsblsoi,0.10588983687304826,10698
LPJ-GUESS,1999,CD,lai,evspsblsoi,0.040750599141331084,10698
LPJ-GUESS,2000,HW,precipitation,evapotrans,0.48865073451504876,13256
LPJ-GUESS,2000,HW,lai,evapotrans,0.6667148036417765,13256
LPJ-GUESS,2000,HW,precipitation,tran,0.2925833742771301,13256
LPJ-GUESS,2000,HW,lai,tran,0.7419259162902366,13256
LPJ-GUESS,2000,HW,precipitation,evspsblveg,0.5667877321735669,13256
LPJ-GUESS,2000,HW,lai,evspsblveg,0.7287543498700244,13256
LPJ-GUESS,2000,HW,precipitation,evspsblsoi,0.0478254465743397,13256
LPJ-GUESS,2000,HW,lai,evspsblsoi,0.04877455340020972,13256
LPJ-GUESS,2000,HD,precipitation,evapotrans,0.6465336665752799,11881
LPJ-GUESS,2000,HD,lai,evapotrans,0.6970510649785565,11881
LPJ-GUESS,2000,HD,precipitation,tran,0.5162439660185552,11881
LPJ-GUESS,2000,HD,lai,tran,0.8395751216716281,11881
LPJ-GUESS,2000,HD,precipitation,evspsblveg,0.44619090575270565,11881
LPJ-GUESS,2000,HD,lai,evspsblveg,0.7815303419168863,11881
LPJ-GUESS,2000,HD,precipitation,evspsblsoi,0.28655276903419324,11881
LPJ-GUESS,2000,HD,lai,evspsblsoi,0.1880912917997765,11881
LPJ-GUESS,2000,CW,precipitation,evapotrans,0.3401172000984299,22368
LPJ-GUESS,2000,CW,lai,evapotrans,0.5255541518393425,22368
LPJ-GUESS,2000,CW,precipitation,tran,0.27944309969101205,22368
LPJ-GUESS,2000,CW,lai,tran,0.5512376857980981,22368
LPJ-GUESS,2000,CW,precipitation,evspsblveg,0.24295799622641434,22368
LPJ-GUESS,2000,CW,lai,evspsblveg,0.7703601198695033,22368
LPJ-GUESS,2000,CW,precipitation,evspsblsoi,0.10325682007007013,22368
LPJ-GUESS,2000,CW,lai,evspsblsoi,0.028938549925890185,22368
LPJ-GUESS,2000,CD,precipitation,evapotrans,0.2392070940962461,10683
LPJ-GUESS,2000,CD,lai,evapotrans,0.7287619393814072,10683
LPJ-GUESS,2000,CD,precipitation,tran,0.16394872647884165,10683
LPJ-GUESS,2000,CD,lai,tran,0.8711926102902254,10683
LPJ-GUESS,2000,CD,precipitation,evspsblveg,0.22078483928461373,10683
LPJ-GUESS,2000,CD,lai,evspsblveg,0.7728136356223079,10683
LPJ-GUESS,2000,CD,precipitation,evspsblsoi,0.10579543029485822,10683
LPJ-GUESS,2000,CD,lai,evspsblsoi,0.02152021140471681,10683
LPJ-GUESS,2001,HW,precipitation,evapotrans,0.45780298158418115,13274
LPJ-GUESS,2001,HW,lai,evapotrans,0.684526283183594,13274
LPJ-GUESS,2001,HW,precipitation,tran,0.27511952190690114,13274
LPJ-GUESS,2001,HW,lai,tran,0.7494336581110572,13274
LPJ-GUESS,2001,HW,precipitation,evspsblveg,0.5415207405122423,13274
LPJ-GUESS,2001,HW,lai,evspsblveg,0.6924199330292409,13274
LPJ-GUESS,2001,HW,precipitation,evspsblsoi,0.08220857084126826,13274
LPJ-GUESS,2001,HW,lai,evspsblsoi,0.035131745456254984,13274
LPJ-GUESS,2001,HD,precipitation,evapotrans,0.64753312830067,11874
LPJ-GUESS,2001,HD,lai,evapotrans,0.7756905611861574,11874
LPJ-GUESS,2001,HD,precipitation,tran,0.5917130109221369,11874
LPJ-GUESS,2001,HD,lai,tran,0.8552625515975083,11874
LPJ-GUESS,2001,HD,precipitation,evspsblveg,0.5134098240110913,11874
LPJ-GUESS,2001,HD,lai,evspsblveg,0.7804300366943959,11874
LPJ-GUESS,2001,HD,precipitation,evspsblsoi,0.23062114723800614,11874
LPJ-GUESS,2001,HD,lai,evspsblsoi,0.16853639376222904,11874
LPJ-GUESS,2001,CW,precipitation,evapotrans,0.30408063712651207,22323
LPJ-GUESS,2001,CW,lai,evapotrans,0.49106930055601056,22323
LPJ-GUESS,2001,CW,precipitation,tran,0.26639777653121754,22323
LPJ-GUESS,2001,CW,lai,tran,0.5409797893207033,22323
LPJ-GUESS,2001,CW,precipitation,evspsblveg,0.23203168922084788,22323
LPJ-GUESS,2001,CW,lai,evspsblveg,0.7868410015281401,22323
LPJ-GUESS,2001,CW,precipitation,evspsblsoi,0.08371522782807733,22323
LPJ-GUESS,2001,CW,lai,evspsblsoi,0.018874002893664473,22323
LPJ-GUESS,2001,CD,precipitation,evapotrans,0.1825589989652465,10661
LPJ-GUESS,2001,CD,lai,evapotrans,0.7563032331500338,10661
LPJ-GUESS,2001,CD,precipitation,tran,0.14251182394299797,10661
LPJ-GUESS,2001,CD,lai,tran,0.8759261703448691,10661
LPJ-GUESS,2001,CD,precipitation,evspsblveg,0.19984191583785677,10661
LPJ-GUESS,2001,CD,lai,evspsblveg,0.7699355916526431,10661
LPJ-GUESS,2001,CD,precipitation,evspsblsoi,0.1093459424416911,10661
LPJ-GUESS,2001,CD,lai,evspsblsoi,0.02834410406327003,10661
LPJ-GUESS,2002,HW,precipitation,evapotrans,0.3712014118174036,13301
LPJ-GUESS,2002,HW,lai,evapotrans,0.7202875358043463,13301
LPJ-GUESS,2002,HW,precipitation,tran,0.22720786313097635,13301
LPJ-GUESS,2002,HW,lai,tran,0.7783261402978616,13301
LPJ-GUESS,2002,HW,precipitation,evspsblveg,0.4845826564225396,13301
LPJ-GUESS,2002,HW,lai,evspsblveg,0.7270234100900582,13301
LPJ-GUESS,2002,HW,precipitation,evspsblsoi,0.09278378344510273,13301
LPJ-GUESS,2002,HW,lai,evspsblsoi,0.026912170049665483,13301
LPJ-GUESS,2002,HD,precipitation,evapotrans,0.6885594784266598,11875
LPJ-GUESS,2002,HD,lai,evapotrans,0.7810368160409334,11875
LPJ-GUESS,2002,HD,precipitation,tran,0.6289620988906306,11875
LPJ-GUESS,2002,HD,lai,tran,0.844231005017527,11875
LPJ-GUESS,2002,HD,precipitation,evspsblveg,0.6015846835477395,11875
LPJ-GUESS,2002,HD,lai,evspsblveg,0.8003656101515632,11875
LPJ-GUESS,2002,HD,precipitation,evspsblsoi,0.19941838222488414,11875
LPJ-GUESS,2002,HD,lai,evspsblsoi,0.13362584037031533,11875
LPJ-GUESS,2002,CW,precipitation,evapotrans,0.2852054944497961,22359
LPJ-GUESS,2002,CW,lai,evapotrans,0.4933692382048913,22359
LPJ-GUESS,2002,CW,precipitation,tran,0.2236571395876596,22359
LPJ-GUESS,2002,CW,lai,tran,0.5166254168967274,22359
LPJ-GUESS,2002,CW,precipitation,evspsblveg,0.2438525885889086,22359
LPJ-GUESS,2002,CW,lai,evspsblveg,0.8102885234280892,22359
LPJ-GUESS,2002,CW,precipitation,evspsblsoi,0.11877401874444732,22359
LPJ-GUESS,2002,CW,lai,evspsblsoi,0.020117849346537767,22359
LPJ-GUESS,2002,CD,precipitation,evapotrans,0.17099432694053499,10697
LPJ-GUESS,2002,CD,lai,evapotrans,0.7684770207397721,10697
LPJ-GUESS,2002,CD,precipitation,tran,0.11984596772518953,10697
LPJ-GUESS,2002,CD,lai,tran,0.8727718659995038,10697
LPJ-GUESS,2002,CD,precipitation,evspsblveg,0.15222932075435852,10697
LPJ-GUESS,2002,CD,lai,evspsblveg,0.765784944295684,10697
LPJ-GUESS,2002,CD,precipitation,evspsblsoi,0.15070739768319963,10697
LPJ-GUESS,2002,CD,lai,evspsblsoi,0.0405003590758034,10697
LPJ-GUESS,2003,HW,precipitation,evapotrans,0.39042248293453696,13299
LPJ-GUESS,2003,HW,lai,evapotrans,0.6945301619884919,13299
LPJ-GUESS,2003,HW,precipitation,tran,0.2330602964536865,13299
LPJ-GUESS,2003,HW,lai,tran,0.7738974691970539,13299
LPJ-GUESS,2003,HW,precipitation,evspsblveg,0.48138934330576527,13299
LPJ-GUESS,2003,HW,lai,evspsblveg,0.7318582046894069,13299
LPJ-GUESS,2003,HW,precipitation,evspsblsoi,0.0347855911756401,13299
LPJ-GUESS,2003,HW,lai,evspsblsoi,0.0625978478966214,13299
LPJ-GUESS,2003,HD,precipitation,evapotrans,0.7226041941605309,11878
LPJ-GUESS,2003,HD,lai,evapotrans,0.6802967646098937,11878
LPJ-GUESS,2003,HD,precipitation,tran,0.6063821400823532,11878
LPJ-GUESS,2003,HD,lai,tran,0.8291930335761833,11878
LPJ-GUESS,2003,HD,precipitation,evspsblveg,0.5568742654061688,11878
LPJ-GUESS,2003,HD,lai,evspsblveg,0.7682671297256134,11878
LPJ-GUESS,2003,HD,precipitation,evspsblsoi,0.26489144184142893,11878
LPJ-GUESS,2003,HD,lai,evspsblsoi,0.15201492330426175,11878
LPJ-GUESS,2003,CW,precipitation,evapotrans,0.22667783701144384,22382
LPJ-GUESS,2003,CW,lai,evapotrans,0.52447250847598,22382
LPJ-GUESS,2003,CW,precipitation,tran,0.18576926856800377,22382
LPJ-GUESS,2003,CW,lai,tran,0.5509181551061536,22382
LPJ-GUESS,2003,CW,precipitation,evspsblveg,0.18853727669324036,22382
LPJ-GUESS,2003,CW,lai,evspsblveg,0.7937414352718016,22382
LPJ-GUESS,2003,CW,precipitation,evspsblsoi,0.09951651009447446,22382
LPJ-GUESS,2003,CW,lai,evspsblsoi,0.023752945365378638,22382
LPJ-GUESS,2003,CD,precipitation,evapotrans,0.2209165825219552,10675
LPJ-GUESS,2003,CD,lai,evapotrans,0.7728239401531977,10675
LPJ-GUESS,2003,CD,precipitation,tran,0.16232158160552485,10675
LPJ-GUESS,2003,CD,lai,tran,0.8814967097106196,10675
LPJ-GUESS,2003,CD,precipitation,evspsblveg,0.18874801698903257,10675
LPJ-GUESS,2003,CD,lai,evspsblveg,0.7549975998831278,10675
LPJ-GUESS,2003,CD,precipitation,evspsblsoi,0.1326248184987169,10675
LPJ-GUESS,2003,CD,lai,evspsblsoi,0.022116530892211,10675
LPJ-GUESS,2004,HW,precipitation,evapotrans,0.41342512974352014,13297
LPJ-GUESS,2004,HW,lai,evapotrans,0.6946453732917344,13297
LPJ-GUESS,2004,HW,precipitation,tran,0.2793968859079056,13297
LPJ-GUESS,2004,HW,lai,tran,0.7640556173583423,13297
LPJ-GUESS,2004,HW,precipitation,evspsblveg,0.49622016855604384,13297
LPJ-GUESS,2004,HW,lai,evspsblveg,0.7110367240546763,13297
LPJ-GUESS,2004,HW,precipitation,evspsblsoi,0.046591702192724106,13297
LPJ-GUESS,2004,HW,lai,evspsblsoi,0.05064453343765201,13297
LPJ-GUESS,2004,HD,precipitation,evapotrans,0.6869688464683417,11875
LPJ-GUESS,2004,HD,lai,evapotrans,0.7439152394576362,11875
LPJ-GUESS,2004,HD,precipitation,tran,0.5987335907666311,11875
LPJ-GUESS,2004,HD,lai,tran,0.8597618962389401,11875
LPJ-GUESS,2004,HD,precipitation,evspsblveg,0.5522963527511172,11875
LPJ-GUESS,2004,HD,lai,evspsblveg,0.7799894706113308,11875
LPJ-GUESS,2004,HD,precipitation,evspsblsoi,0.2045051062206015,11875
LPJ-GUESS,2004,HD,lai,evspsblsoi,0.15567092515551156,11875
LPJ-GUESS,2004,CW,precipitation,evapotrans,0.3468654799253423,22331
LPJ-GUESS,2004,CW,lai,evapotrans,0.5506832620745946,22331
LPJ-GUESS,2004,CW,precipitation,tran,0.2695531146365653,22331
LPJ-GUESS,2004,CW,lai,tran,0.5651667141942976,22331
LPJ-GUESS,2004,CW,precipitation,evspsblveg,0.23071571707576488,22331
LPJ-GUESS,2004,CW,lai,evspsblveg,0.7988509785599065,22331
LPJ-GUESS,2004,CW,precipitation,evspsblsoi,0.09911689292467249,22331
LPJ-GUESS,2004,CW,lai,evspsblsoi,0.013188979815925143,22331
LPJ-GUESS,2004,CD,precipitation,evapotrans,0.2713147963531446,10737
LPJ-GUESS,2004,CD,lai,evapotrans,0.7406664613602639,10737
LPJ-GUESS,2004,CD,precipitation,tran,0.2079786220356799,10737
LPJ-GUESS,2004,CD,lai,tran,0.8670943343649566,10737
LPJ-GUESS,2004,CD,precipitation,evspsblveg,0.23002340945091854,10737
LPJ-GUESS,2004,CD,lai,evspsblveg,0.7873444635738335,10737
LPJ-GUESS,2004,CD,precipitation,evspsblsoi,0.11690096140656697,10737
LPJ-GUESS,2004,CD,lai,evspsblsoi,0.03004716228756803,10737
LPJ-GUESS,2005,HW,precipitation,evapotrans,0.43750120425537553,13281
LPJ-GUESS,2005,HW,lai,evapotrans,0.701403553950899,13281
LPJ-GUESS,2005,HW,precipitation,tran,0.2837616862503773,13281
LPJ-GUESS,2005,HW,lai,tran,0.7619546676550785,13281
LPJ-GUESS,2005,HW,precipitation,evspsblveg,0.518487841034005,13281
LPJ-GUESS,2005,HW,lai,evspsblveg,0.7238083334687102,13281
LPJ-GUESS,2005,HW,precipitation,evspsblsoi,0.05412622785879174,13281
LPJ-GUESS,2005,HW,lai,evspsblsoi,0.042963140470355966,13281
LPJ-GUESS,2005,HD,precipitation,evapotrans,0.6578249964060463,11875
LPJ-GUESS,2005,HD,lai,evapotrans,0.7319291899246266,11875
LPJ-GUESS,2005,HD,precipitation,tran,0.5828069917771336,11875
LPJ-GUESS,2005,HD,lai,tran,0.8096427486706587,11875
LPJ-GUESS,2005,HD,precipitation,evspsblveg,0.5452268010342237,11875
LPJ-GUESS,2005,HD,lai,evspsblveg,0.7728309152292148,11875
LPJ-GUESS,2005,HD,precipitation,evspsblsoi,0.2572271266627393,11875
LPJ-GUESS,2005,HD,lai,evspsblsoi,0.11570253359311365,11875
LPJ-GUESS,2005,CW,precipitation,evapotrans,0.2837017408289218,22323
LPJ-GUESS,2005,CW,lai,evapotrans,0.5375023088812773,22323
LPJ-GUESS,2005,CW,precipitation,tran,0.21125036337845715,22323
LPJ-GUESS,2005,CW,lai,tran,0.5673233989991969,22323
LPJ-GUESS,2005,CW,precipitation,evspsblveg,0.2119678793154819,22323
LPJ-GUESS,2005,CW,lai,evspsblveg,0.8259621794795111,22323
LPJ-GUESS,2005,CW,precipitation,evspsblsoi,0.11882246354791705,22323
LPJ-GUESS,2005,CW,lai,evspsblsoi,0.018407056235358772,22323
LPJ-GUESS,2005,CD,precipitation,evapotrans,0.15831999224357055,10673
LPJ-GUESS,2005,CD,lai,evapotrans,0.7825353022478772,10673
LPJ-GUESS,2005,CD,precipitation,tran,0.1242053626017564,10673
LPJ-GUESS,2005,CD,lai,tran,0.8836520363857746,10673
LPJ-GUESS,2005,CD,precipitation,evspsblveg,0.16108895682613442,10673
LPJ-GUESS,2005,CD,lai,evspsblveg,0.7815810738732383,10673
LPJ-GUESS,2005,CD,precipitation,evspsblsoi,0.2001270573603639,10673
LPJ-GUESS,2005,CD,lai,evspsblsoi,0.034249212634699176,10673
LPJ-GUESS,2006,HW,precipitation,evapotrans,0.4586020167264876,13288
LPJ-GUESS,2006,HW,lai,evapotrans,0.6435986513577259,13288
LPJ-GUESS,2006,HW,precipitation,tran,0.29060734260664206,13288
LPJ-GUESS,2006,HW,lai,tran,0.7096465105549996,13288
LPJ-GUESS,2006,HW,precipitation,evspsblveg,0.5512719809548955,13288
LPJ-GUESS,2006,HW,lai,evspsblveg,0.6820027821487527,13288
LPJ-GUESS,2006,HW,precipitation,evspsblsoi,0.04361611380213313,13288
LPJ-GUESS,2006,HW,lai,evspsblsoi,0.05030965834529404,13288
LPJ-GUESS,2006,HD,precipitation,evapotrans,0.6154990828973601,11878
LPJ-GUESS,2006,HD,lai,evapotrans,0.7410911066958268,11878
LPJ-GUESS,2006,HD,precipitation,tran,0.5376629766678614,11878
LPJ-GUESS,2006,HD,lai,tran,0.8535256245717853,11878
LPJ-GUESS,2006,HD,precipitation,evspsblveg,0.4875120111312084,11878
LPJ-GUESS,2006,HD,lai,evspsblveg,0.7835905361688511,11878
LPJ-GUESS,2006,HD,precipitation,evspsblsoi,0.24481227748209863,11878
LPJ-GUESS,2006,HD,lai,evspsblsoi,0.19718570235607122,11878
LPJ-GUESS,2006,CW,precipitation,evapotrans,0.27018069879389933,22404
LPJ-GUESS,2006,CW,lai,evapotrans,0.5175792276300681,22404
LPJ-GUESS,2006,CW,precipitation,tran,0.21510882715503551,22404
LPJ-GUESS,2006,CW,lai,tran,0.546625077944463,22404
LPJ-GUESS,2006,CW,precipitation,evspsblveg,0.22855995105400959,22404
LPJ-GUESS,2006,CW,lai,evspsblveg,0.8205618192882805,22404
LPJ-GUESS,2006,CW,precipitation,evspsblsoi,0.07636995052717707,22404
LPJ-GUESS,2006,CW,lai,evspsblsoi,0.020236710956951398,22404
LPJ-GUESS,2006,CD,precipitation,evapotrans,0.1987883089809662,10726
LPJ-GUESS,2006,CD,lai,evapotrans,0.7794887968207973,10726
LPJ-GUESS,2006,CD,precipitation,tran,0.13740199740732983,10726
LPJ-GUESS,2006,CD,lai,tran,0.8918522516622106,10726
LPJ-GUESS,2006,CD,precipitation,evspsblveg,0.19865900436523332,10726
LPJ-GUESS,2006,CD,lai,evspsblveg,0.7945014055443509,10726
LPJ-GUESS,2006,CD,precipitation,evspsblsoi,0.13180309974623006,10726
LPJ-GUESS,2006,CD,lai,evspsblsoi,0.024870475073833356,10726
LPJ-GUESS,2007,HW,precipitation,evapotrans,0.4493597401927783,13288
LPJ-GUESS,2007,HW,lai,evapotrans,0.6781865902722803,13288
LPJ-GUESS,2007,HW,precipitation,tran,0.28502206018744325,13288
LPJ-GUESS,2007,HW,lai,tran,0.7429320996384953,13288
LPJ-GUESS,2007,HW,precipitation,evspsblveg,0.510820938434255,13288
LPJ-GUESS,2007,HW,lai,evspsblveg,0.7225888213577364,13288
LPJ-GUESS,2007,HW,precipitation,evspsblsoi,0.04994827196993174,13288
LPJ-GUESS,2007,HW,lai,evspsblsoi,0.038775582135213,13288
LPJ-GUESS,2007,HD,precipitation,evapotrans,0.7108492306941809,11879
LPJ-GUESS,2007,HD,lai,evapotrans,0.725543890184659,11879
LPJ-GUESS,2007,HD,precipitation,tran,0.6032259381679245,11879
LPJ-GUESS,2007,HD,lai,tran,0.8335104695473535,11879
LPJ-GUESS,2007,HD,precipitation,evspsblveg,0.5609233255329671,11879
LPJ-GUESS,2007,HD,lai,evspsblveg,0.7866858685277125,11879
LPJ-GUESS,2007,HD,precipitation,evspsblsoi,0.22768337361223623,11879
LPJ-GUESS,2007,HD,lai,evspsblsoi,0.1280245970977709,11879
LPJ-GUESS,2007,CW,precipitation,evapotrans,0.25763905544877935,22401
LPJ-GUESS,2007,CW,lai,evapotrans,0.5138669069382664,22401
LPJ-GUESS,2007,CW,precipitation,tran,0.1829589654125871,22401
LPJ-GUESS,2007,CW,lai,tran,0.5337832067818787,22401
LPJ-GUESS,2007,CW,precipitation,evspsblveg,0.20488022703582448,22401
LPJ-GUESS,2007,CW,lai,evspsblveg,0.7945004502989435,22401
LPJ-GUESS,2007,CW,precipitation,evspsblsoi,0.08922747122114726,22401
LPJ-GUESS,2007,CW,lai,evspsblsoi,0.02184284601285098,22401
LPJ-GUESS,2007,CD,precipitation,evapotrans,0.2344039450457287,10701
LPJ-GUESS,2007,CD,lai,evapotrans,0.7993102268190293,10701
LPJ-GUESS,2007,CD,precipitation,tran,0.18299903697088418,10701
LPJ-GUESS,2007,CD,lai,tran,0.8959329127485548,10701
LPJ-GUESS,2007,CD,precipitation,evspsblveg,0.21696853328467527,10701
LPJ-GUESS,2007,CD,lai,evspsblveg,0.7759262066683148,10701
LPJ-GUESS,2007,CD,precipitation,evspsblsoi,0.1304081807817263,10701
LPJ-GUESS,2007,CD,lai,evspsblsoi,0.023698702741346386,10701
LPJ-GUESS,2008,HW,precipitation,evapotrans,0.47131771028041297,13278
LPJ-GUESS,2008,HW,lai,evapotrans,0.683252910960546,13278
LPJ-GUESS,2008,HW,precipitation,tran,0.3079092803384436,13278
LPJ-GUESS,2008,HW,lai,tran,0.7404360365071955,13278
LPJ-GUESS,2008,HW,precipitation,evspsblveg,0.5380908980247977,13278
LPJ-GUESS,2008,HW,lai,evspsblveg,0.71687982838991,13278
LPJ-GUESS,2008,HW,precipitation,evspsblsoi,0.0577817284344683,13278
LPJ-GUESS,2008,HW,lai,evspsblsoi,0.038924178446528,13278
LPJ-GUESS,2008,HD,precipitation,evapotrans,0.6760940041988002,11876
LPJ-GUESS,2008,HD,lai,evapotrans,0.7966607478106968,11876
LPJ-GUESS,2008,HD,precipitation,tran,0.6069629718757227,11876
LPJ-GUESS,2008,HD,lai,tran,0.8577808415640779,11876
LPJ-GUESS,2008,HD,precipitation,evspsblveg,0.5562041094235669,11876
LPJ-GUESS,2008,HD,lai,evspsblveg,0.7574566363446971,11876
LPJ-GUESS,2008,HD,precipitation,evspsblsoi,0.24008169272350208,11876
LPJ-GUESS,2008,HD,lai,evspsblsoi,0.18895100376627844,11876
LPJ-GUESS,2008,CW,precipitation,evapotrans,0.27254612530062183,22390
LPJ-GUESS,2008,CW,lai,evapotrans,0.5090092584138123,22390
LPJ-GUESS,2008,CW,precipitation,tran,0.22411579517362287,22390
LPJ-GUESS,2008,CW,lai,tran,0.5357065866607766,22390
LPJ-GUESS,2008,CW,precipitation,evspsblveg,0.19521221856961937,22390
LPJ-GUESS,2008,CW,lai,evspsblveg,0.7936254783770623,22390
LPJ-GUESS,2008,CW,precipitation,evspsblsoi,0.08083966769380115,22390
LPJ-GUESS,2008,CW,lai,evspsblsoi,0.011929006746286887,22390
LPJ-GUESS,2008,CD,precipitation,evapotrans,0.19076128819161373,10675
LPJ-GUESS,2008,CD,lai,evapotrans,0.7880040805976647,10675
LPJ-GUESS,2008,CD,precipitation,tran,0.16324764130146302,10675
LPJ-GUESS,2008,CD,lai,tran,0.8910674726957893,10675
LPJ-GUESS,2008,CD,precipitation,evspsblveg,0.16862229196341227,10675
LPJ-GUESS,2008,CD,lai,evspsblveg,0.7738178668158233,10675
LPJ-GUESS,2008,CD,precipitation,evspsblsoi,0.1426375909712745,10675
LPJ-GUESS,2008,CD,lai,evspsblsoi,0.04083193082445693,10675
LPJ-GUESS,2009,HW,precipitation,evapotrans,0.42593938776981266,13284
LPJ-GUESS,2009,HW,lai,evapotrans,0.6503633053391126,13284
LPJ-GUESS,2009,HW,precipitation,tran,0.28899329427440773,13284
LPJ-GUESS,2009,HW,lai,tran,0.7233611081405528,13284
LPJ-GUESS,2009,HW,precipitation,evspsblveg,0.5149098832868678,13284
LPJ-GUESS,2009,HW,lai,evspsblveg,0.7002107878594076,13284
LPJ-GUESS,2009,HW,precipitation,evspsblsoi,0.029696326014977983,13284
LPJ-GUESS,2009,HW,lai,evspsblsoi,0.043799802719955566,13284
LPJ-GUESS,2009,HD,precipitation,evapotrans,0.6772083182286825,11879
LPJ-GUESS,2009,HD,lai,evapotrans,0.7282915391856313,11879
LPJ-GUESS,2009,HD,precipitation,tran,0.5835491631154119,11879
LPJ-GUESS,2009,HD,lai,tran,0.8461000206955636,11879
LPJ-GUESS,2009,HD,precipitation,evspsblveg,0.5723500524497062,11879
LPJ-GUESS,2009,HD,lai,evspsblveg,0.7649002441719511,11879
LPJ-GUESS,2009,HD,precipitation,evspsblsoi,0.22168903170429272,11879
LPJ-GUESS,2009,HD,lai,evspsblsoi,0.16479266968896808,11879
LPJ-GUESS,2009,CW,precipitation,evapotrans,0.3655650310996239,22339
LPJ-GUESS,2009,CW,lai,evapotrans,0.5144317387787276,22339
LPJ-GUESS,2009,CW,precipitation,tran,0.2697491755237964,22339
LPJ-GUESS,2009,CW,lai,tran,0.5328673441044133,22339
LPJ-GUESS,2009,CW,precipitation,evspsblveg,0.24242793419199224,22339
LPJ-GUESS,2009,CW,lai,evspsblveg,0.7962110616487852,22339
LPJ-GUESS,2009,CW,precipitation,evspsblsoi,0.12590172573387332,22339
LPJ-GUESS,2009,CW,lai,evspsblsoi,0.021428644339821983,22339
LPJ-GUESS,2009,CD,precipitation,evapotrans,0.21587507563845945,10735
LPJ-GUESS,2009,CD,lai,evapotrans,0.748196236048308,10735
LPJ-GUESS,2009,CD,precipitation,tran,0.1612020637075037,10735
LPJ-GUESS,2009,CD,lai,tran,0.873574994513462,10735
LPJ-GUESS,2009,CD,precipitation,evspsblveg,0.19238414368778028,10735
LPJ-GUESS,2009,CD,lai,evspsblveg,0.7826838666315205,10735
LPJ-GUESS,2009,CD,precipitation,evspsblsoi,0.18605411094861876,10735
LPJ-GUESS,2009,CD,lai,evspsblsoi,0.04239080381917122,10735
LPJ-GUESS,2010,HW,precipitation,evapotrans,0.4585970732869809,13283
LPJ-GUESS,2010,HW,lai,evapotrans,0.6743411606202719,13283
LPJ-GUESS,2010,HW,precipitation,tran,0.2985292399435921,13283
LPJ-GUESS,2010,HW,lai,tran,0.7589624453909758,13283
LPJ-GUESS,2010,HW,precipitation,evspsblveg,0.5126162086357358,13283
LPJ-GUESS,2010,HW,lai,evspsblveg,0.682695076274489,13283
LPJ-GUESS,2010,HW,precipitation,evspsblsoi,0.07350849992694487,13283
LPJ-GUESS,2010,HW,lai,evspsblsoi,0.03756433315158828,13283
LPJ-GUESS,2010,HD,precipitation,evapotrans,0.6747467939112219,11877
LPJ-GUESS,2010,HD,lai,evapotrans,0.7530534575649555,11877
LPJ-GUESS,2010,HD,precipitation,tran,0.5483144441552904,11877
LPJ-GUESS,2010,HD,lai,tran,0.8419892183628591,11877
LPJ-GUESS,2010,HD,precipitation,evspsblveg,0.5020441472301901,11877
LPJ-GUESS,2010,HD,lai,evspsblveg,0.79401931252494,11877
LPJ-GUESS,2010,HD,precipitation,evspsblsoi,0.2433966791963949,11877
LPJ-GUESS,2010,HD,lai,evspsblsoi,0.14215169207769998,11877
LPJ-GUESS,2010,CW,precipitation,evapotrans,0.322709937787056,22416
LPJ-GUESS,2010,CW,lai,evapotrans,0.5047051676884836,22416
LPJ-GUESS,2010,CW,precipitation,tran,0.23978620904589795,22416
LPJ-GUESS,2010,CW,lai,tran,0.5225013128960617,22416
LPJ-GUESS,2010,CW,precipitation,evspsblveg,0.1752369130446911,22416
LPJ-GUESS,2010,CW,lai,evspsblveg,0.8052113254330309,22416
LPJ-GUESS,2010,CW,precipitation,evspsblsoi,0.12242024181845855,22416
LPJ-GUESS,2010,CW,lai,evspsblsoi,0.02408508180066105,22416
LPJ-GUESS,2010,CD,precipitation,evapotrans,0.22457898619599334,10721
LPJ-GUESS,2010,CD,lai,evapotrans,0.7423325115564237,10721
LPJ-GUESS,2010,CD,precipitation,tran,0.15155069323176207,10721
LPJ-GUESS,2010,CD,lai,tran,0.8768877833747656,10721
LPJ-GUESS,2010,CD,precipitation,evspsblveg,0.19883914215436227,10721
LPJ-GUESS,2010,CD,lai,evspsblveg,0.7775203611701424,10721
LPJ-GUESS,2010,CD,precipitation,evspsblsoi,0.10494286417726728,10721
LPJ-GUESS,2010,CD,lai,evspsblsoi,0.03646101572411546,10721
LPJ-GUESS,2011,HW,precipitation,evapotrans,0.4228470751687027,13278
LPJ-GUESS,2011,HW,lai,evapotrans,0.6957818621425089,13278
LPJ-GUESS,2011,HW,precipitation,tran,0.2847490067639676,13278
LPJ-GUESS,2011,HW,lai,tran,0.732291283753289,13278
LPJ-GUESS,2011,HW,precipitation,evspsblveg,0.5021500308507095,13278
LPJ-GUESS,2011,HW,lai,evspsblveg,0.7157034210046561,13278
LPJ-GUESS,2011,HW,precipitation,evspsblsoi,0.02534219035228261,13278
LPJ-GUESS,2011,HW,lai,evspsblsoi,0.04322685803680621,13278
LPJ-GUESS,2011,HD,precipitation,evapotrans,0.5377105104409989,11878
LPJ-GUESS,2011,HD,lai,evapotrans,0.7933052936470992,11878
LPJ-GUESS,2011,HD,precipitation,tran,0.5100221695592516,11878
LPJ-GUESS,2011,HD,lai,tran,0.8408604912570937,11878
LPJ-GUESS,2011,HD,precipitation,evspsblveg,0.44851968209606324,11878
LPJ-GUESS,2011,HD,lai,evspsblveg,0.7996273351590608,11878
LPJ-GUESS,2011,HD,precipitation,evspsblsoi,0.16184187148107945,11878
LPJ-GUESS,2011,HD,lai,evspsblsoi,0.1897818813322114,11878
LPJ-GUESS,2011,CW,precipitation,evapotrans,0.23778442888113382,22363
LPJ-GUESS,2011,CW,lai,evapotrans,0.5112004142274211,22363
LPJ-GUESS,2011,CW,precipitation,tran,0.1947225860166828,22363
LPJ-GUESS,2011,CW,lai,tran,0.5383292484210555,22363
LPJ-GUESS,2011,CW,precipitation,evspsblveg,0.16352013683788286,22363
LPJ-GUESS,2011,CW,lai,evspsblveg,0.7857550419491282,22363
LPJ-GUESS,2011,CW,precipitation,evspsblsoi,0.08801876278922358,22363
LPJ-GUESS,2011,CW,lai,evspsblsoi,0.023310508462094374,22363
LPJ-GUESS,2011,CD,precipitation,evapotrans,0.1927898042815477,10676
LPJ-GUESS,2011,CD,lai,evapotrans,0.7539438636686113,10676
LPJ-GUESS,2011,CD,precipitation,tran,0.15577199513746762,10676
LPJ-GUESS,2011,CD,lai,tran,0.8775615449668026,10676
LPJ-GUESS,2011,CD,precipitation,evspsblveg,0.19679759289816884,10676
LPJ-GUESS,2011,CD,lai,evspsblveg,0.7678423172825128,10676
LPJ-GUESS,2011,CD,precipitation,evspsblsoi,0.1710228327143615,10676
LPJ-GUESS,2011,CD,lai,evspsblsoi,0.02954576630960724,10676
LPJ-GUESS,2012,HW,precipitation,evapotrans,0.44913414847561367,13274
LPJ-GUESS,2012,HW,lai,evapotrans,0.6984437042370623,13274
LPJ-GUESS,2012,HW,precipitation,tran,0.2755961058905586,13274
LPJ-GUESS,2012,HW,lai,tran,0.7611116532112342,13274
LPJ-GUESS,2012,HW,precipitation,evspsblveg,0.5232605826475292,13274
LPJ-GUESS,2012,HW,lai,evspsblveg,0.7223224246969298,13274
LPJ-GUESS,2012,HW,precipitation,evspsblsoi,0.048515983590359836,13274
LPJ-GUESS,2012,HW,lai,evspsblsoi,0.03235975116992787,13274
LPJ-GUESS,2012,HD,precipitation,evapotrans,0.6895524976310128,11878
LPJ-GUESS,2012,HD,lai,evapotrans,0.7915729146744407,11878
LPJ-GUESS,2012,HD,precipitation,tran,0.5961477630388159,11878
LPJ-GUESS,2012,HD,lai,tran,0.8514297922049093,11878
LPJ-GUESS,2012,HD,precipitation,evspsblveg,0.5857958750322865,11878
LPJ-GUESS,2012,HD,lai,evspsblveg,0.7655445065538604,11878
LPJ-GUESS,2012,HD,precipitation,evspsblsoi,0.293700124282445,11878
LPJ-GUESS,2012,HD,lai,evspsblsoi,0.1933196433725946,11878
LPJ-GUESS,2012,CW,precipitation,evapotrans,0.26661711691989654,22412
LPJ-GUESS,2012,CW,lai,evapotrans,0.4906318199434232,22412
LPJ-GUESS,2012,CW,precipitation,tran,0.1928797057881422,22412
LPJ-GUESS,2012,CW,lai,tran,0.4987978856699382,22412
LPJ-GUESS,2012,CW,precipitation,evspsblveg,0.2342577307515439,22412
LPJ-GUESS,2012,CW,lai,evspsblveg,0.794415555923354,22412
LPJ-GUESS,2012,CW,precipitation,evspsblsoi,0.11617465246718398,22412
LPJ-GUESS,2012,CW,lai,evspsblsoi,0.019997127012530237,22412
LPJ-GUESS,2012,CD,precipitation,evapotrans,0.1729976760524828,10689
LPJ-GUESS,2012,CD,lai,evapotrans,0.7856547694631384,10689
LPJ-GUESS,2012,CD,precipitation,tran,0.1338687037621608,10689
LPJ-GUESS,2012,CD,lai,tran,0.8965365387646353,10689
LPJ-GUESS,2012,CD,precipitation,evspsblveg,0.14218823247068943,10689
LPJ-GUESS,2012,CD,lai,evspsblveg,0.7782535125730295,10689
LPJ-GUESS,2012,CD,precipitation,evspsblsoi,0.14021348965155017,10689
LPJ-GUESS,2012,CD,lai,evspsblsoi,0.042864897980574586,10689
LPJ-GUESS,2013,HW,precipitation,evapotrans,0.44553722804906953,13285
LPJ-GUESS,2013,HW,lai,evapotrans,0.63718559340218,13285
LPJ-GUESS,2013,HW,precipitation,tran,0.2804266836385144,13285
LPJ-GUESS,2013,HW,lai,tran,0.7068567070416912,13285
LPJ-GUESS,2013,HW,precipitation,evspsblveg,0.5317105974107186,13285
LPJ-GUESS,2013,HW,lai,evspsblveg,0.6777576327245011,13285
LPJ-GUESS,2013,HW,precipitation,evspsblsoi,0.047754423249350225,13285
LPJ-GUESS,2013,HW,lai,evspsblsoi,0.03826743576208155,13285
LPJ-GUESS,2013,HD,precipitation,evapotrans,0.6837415727785675,11879
LPJ-GUESS,2013,HD,lai,evapotrans,0.7365326423961212,11879
LPJ-GUESS,2013,HD,precipitation,tran,0.6133489770950841,11879
LPJ-GUESS,2013,HD,lai,tran,0.8259428113206198,11879
LPJ-GUESS,2013,HD,precipitation,evspsblveg,0.5508262768063681,11879
LPJ-GUESS,2013,HD,lai,evspsblveg,0.7913680836797571,11879
LPJ-GUESS,2013,HD,precipitation,evspsblsoi,0.20656375546687164,11879
LPJ-GUESS,2013,HD,lai,evspsblsoi,0.13068375029791499,11879
LPJ-GUESS,2013,CW,precipitation,evapotrans,0.33974950508060614,22416
LPJ-GUESS,2013,CW,lai,evapotrans,0.5344494151351273,22416
LPJ-GUESS,2013,CW,precipitation,tran,0.276947069498356,22416
LPJ-GUESS,2013,CW,lai,tran,0.572638658657216,22416
LPJ-GUESS,2013,CW,precipitation,evspsblveg,0.216863990233331,22416
LPJ-GUESS,2013,CW,lai,evspsblveg,0.7868247901590835,22416
LPJ-GUESS,2013,CW,precipitation,evspsblsoi,0.12094262787118316,22416
LPJ-GUESS,2013,CW,lai,evspsblsoi,0.01483183280143421,22416
LPJ-GUESS,2013,CD,precipitation,evapotrans,0.2991399541869826,10727
LPJ-GUESS,2013,CD,lai,evapotrans,0.7709493327211483,10727
LPJ-GUESS,2013,CD,precipitation,tran,0.23556345860843392,10727
LPJ-GUESS,2013,CD,lai,tran,0.8818105023734361,10727
LPJ-GUESS,2013,CD,precipitation,evspsblveg,0.2970672094750823,10727
LPJ-GUESS,2013,CD,lai,evspsblveg,0.7766158157578148,10727
LPJ-GUESS,2013,CD,precipitation,evspsblsoi,0.08692974655091565,10727
LPJ-GUESS,2013,CD,lai,evspsblsoi,0.028182805008029638,10727
LPJ-GUESS,2014,HW,precipitation,evapotrans,0.41542003209715156,13268
LPJ-GUESS,2014,HW,lai,evapotrans,0.6734525141293197,13268
LPJ-GUESS,2014,HW,precipitation,tran,0.26482742264824694,13268
LPJ-GUESS,2014,HW,lai,tran,0.7305848880656712,13268
LPJ-GUESS,2014,HW,precipitation,evspsblveg,0.499142907007936,13268
LPJ-GUESS,2014,HW,lai,evspsblveg,0.7236018230447002,13268
LPJ-GUESS,2014,HW,precipitation,evspsblsoi,0.0613349679504505,13268
LPJ-GUESS,2014,HW,lai,evspsblsoi,0.01963804678218256,13268
LPJ-GUESS,2014,HD,precipitation,evapotrans,0.7383288360127123,11878
LPJ-GUESS,2014,HD,lai,evapotrans,0.7590403611751193,11878
LPJ-GUESS,2014,HD,precipitation,tran,0.633009843558333,11878
LPJ-GUESS,2014,HD,lai,tran,0.8493946602174621,11878
LPJ-GUESS,2014,HD,precipitation,evspsblveg,0.5881561468299176,11878
LPJ-GUESS,2014,HD,lai,evspsblveg,0.7605416818820628,11878
LPJ-GUESS,2014,HD,precipitation,evspsblsoi,0.23730141272751706,11878
LPJ-GUESS,2014,HD,lai,evspsblsoi,0.16045725776008188,11878
LPJ-GUESS,2014,CW,precipitation,evapotrans,0.25698062698743535,22352
LPJ-GUESS,2014,CW,lai,evapotrans,0.5036041012869159,22352
LPJ-GUESS,2014,CW,precipitation,tran,0.19552467747233132,22352
LPJ-GUESS,2014,CW,lai,tran,0.527444992894116,22352
LPJ-GUESS,2014,CW,precipitation,evspsblveg,0.20575413681501745,22352
LPJ-GUESS,2014,CW,lai,evspsblveg,0.8056924420019027,22352
LPJ-GUESS,2014,CW,precipitation,evspsblsoi,0.10232433547927197,22352
LPJ-GUESS,2014,CW,lai,evspsblsoi,0.017272799749954642,22352
LPJ-GUESS,2014,CD,precipitation,evapotrans,0.22954622409838116,10681
LPJ-GUESS,2014,CD,lai,evapotrans,0.7840752656022699,10681
LPJ-GUESS,2014,CD,precipitation,tran,0.19246350945673374,10681
LPJ-GUESS,2014,CD,lai,tran,0.8864742191961001,10681
LPJ-GUESS,2014,CD,precipitation,evspsblveg,0.2303004507114114,10681
LPJ-GUESS,2014,CD,lai,evspsblveg,0.7660760731076149,10681
LPJ-GUESS,2014,CD,precipitation,evspsblsoi,0.12503563695954215,10681
LPJ-GUESS,2014,CD,lai,evspsblsoi,0.020398724180264425,10681
LPJ-GUESS,2015,HW,precipitation,evapotrans,0.340848696986691,13287
LPJ-GUESS,2015,HW,lai,evapotrans,0.6564394706711899,13287
LPJ-GUESS,2015,HW,precipitation,tran,0.1845763941037036,13287
LPJ-GUESS,2015,HW,lai,tran,0.7392717879571065,13287
LPJ-GUESS,2015,HW,precipitation,evspsblveg,0.3986835773925485,13287
LPJ-GUESS,2015,HW,lai,evspsblveg,0.6869451040954503,13287
LPJ-GUESS,2015,HW,precipitation,evspsblsoi,0.0931062036051354,13287
LPJ-GUESS,2015,HW,lai,evspsblsoi,0.031722332398292134,13287
LPJ-GUESS,2015,HD,precipitation,evapotrans,0.6269069975614876,11878
LPJ-GUESS,2015,HD,lai,evapotrans,0.7343970721721291,11878
LPJ-GUESS,2015,HD,precipitation,tran,0.5986989229146221,11878
LPJ-GUESS,2015,HD,lai,tran,0.8409953404846487,11878
LPJ-GUESS,2015,HD,precipitation,evspsblveg,0.5239100448237609,11878
LPJ-GUESS,2015,HD,lai,evspsblveg,0.7911028490965006,11878
LPJ-GUESS,2015,HD,precipitation,evspsblsoi,0.20915114479098004,11878
LPJ-GUESS,2015,HD,lai,evspsblsoi,0.16196915263345416,11878
LPJ-GUESS,2015,CW,precipitation,evapotrans,0.2628543327133297,22341
LPJ-GUESS,2015,CW,lai,evapotrans,0.4884673002057258,22341
LPJ-GUESS,2015,CW,precipitation,tran,0.20421235431724952,22341
LPJ-GUESS,2015,CW,lai,tran,0.5314974844317811,22341
LPJ-GUESS,2015,CW,precipitation,evspsblveg,0.2850640594858821,22341
LPJ-GUESS,2015,CW,lai,evspsblveg,0.7753627372782427,22341
LPJ-GUESS,2015,CW,precipitation,evspsblsoi,0.06352893586589589,22341
LPJ-GUESS,2015,CW,lai,evspsblsoi,0.03268280726191754,22341
LPJ-GUESS,2015,CD,precipitation,evapotrans,0.2604092622401514,10698
LPJ-GUESS,2015,CD,lai,evapotrans,0.781836613354381,10698
LPJ-GUESS,2015,CD,precipitation,tran,0.18282143180722896,10698
LPJ-GUESS,2015,CD,lai,tran,0.8912420500694036,10698
LPJ-GUESS,2015,CD,precipitation,evspsblveg,0.22449810741931173,10698
LPJ-GUESS,2015,CD,lai,evspsblveg,0.7780188240196049,10698
LPJ-GUESS,2015,CD,precipitation,evspsblsoi,0.18172740349409705,10698
LPJ-GUESS,2015,CD,lai,evspsblsoi,0.03244949746210036,10698
LPJ-GUESS,2016,HW,precipitation,evapotrans,0.3986263413641789,13265
LPJ-GUESS,2016,HW,lai,evapotrans,0.6601516217278707,13265
LPJ-GUESS,2016,HW,precipitation,tran,0.23577046085247286,13265
LPJ-GUESS,2016,HW,lai,tran,0.7080137740605381,13265
LPJ-GUESS,2016,HW,precipitation,evspsblveg,0.4759869671896452,13265
LPJ-GUESS,2016,HW,lai,evspsblveg,0.7015306524777911,13265
LPJ-GUESS,2016,HW,precipitation,evspsblsoi,0.06787756675075902,13265
LPJ-GUESS,2016,HW,lai,evspsblsoi,0.03257749996463957,13265
LPJ-GUESS,2016,HD,precipitation,evapotrans,0.7198653727239936,11877
LPJ-GUESS,2016,HD,lai,evapotrans,0.6995936284531749,11877
LPJ-GUESS,2016,HD,precipitation,tran,0.600942195701637,11877
LPJ-GUESS,2016,HD,lai,tran,0.8398379623481929,11877
LPJ-GUESS,2016,HD,precipitation,evspsblveg,0.5100606907181496,11877
LPJ-GUESS,2016,HD,lai,evspsblveg,0.7731522987651632,11877
LPJ-GUESS,2016,HD,precipitation,evspsblsoi,0.2961991540717946,11877
LPJ-GUESS,2016,HD,lai,evspsblsoi,0.16002108829409326,11877
LPJ-GUESS,2016,CW,precipitation,evapotrans,0.3897681009634358,22380
LPJ-GUESS,2016,CW,lai,evapotrans,0.4966956417567856,22380
LPJ-GUESS,2016,CW,precipitation,tran,0.2902734842365358,22380
LPJ-GUESS,2016,CW,lai,tran,0.5555907447362656,22380
LPJ-GUESS,2016,CW,precipitation,evspsblveg,0.25829062002405906,22380
LPJ-GUESS,2016,CW,lai,evspsblveg,0.7923246298057578,22380
LPJ-GUESS,2016,CW,precipitation,evspsblsoi,0.1311696796049078,22380
LPJ-GUESS,2016,CW,lai,evspsblsoi,0.01951145995887185,22380
LPJ-GUESS,2016,CD,precipitation,evapotrans,0.2475466232106381,10690
LPJ-GUESS,2016,CD,lai,evapotrans,0.7478172684936368,10690
LPJ-GUESS,2016,CD,precipitation,tran,0.17487232400042416,10690
LPJ-GUESS,2016,CD,lai,tran,0.8725856370675684,10690
LPJ-GUESS,2016,CD,precipitation,evspsblveg,0.23503343362985138,10690
LPJ-GUESS,2016,CD,lai,evspsblveg,0.7873219886907387,10690
LPJ-GUESS,2016,CD,precipitation,evspsblsoi,0.08856459723052033,10690
LPJ-GUESS,2016,CD,lai,evspsblsoi,0.033041238277533844,10690
LPJ-GUESS,2017,HW,precipitation,evapotrans,0.45155474058789774,13259
LPJ-GUESS,2017,HW,lai,evapotrans,0.6852042997361487,13259
LPJ-GUESS,2017,HW,precipitation,tran,0.23875319828793737,13259
LPJ-GUESS,2017,HW,lai,tran,0.7507969634154806,13259
LPJ-GUESS,2017,HW,precipitation,evspsblveg,0.49887946819950896,13259
LPJ-GUESS,2017,HW,lai,evspsblveg,0.7068948889080361,13259
LPJ-GUESS,2017,HW,precipitation,evspsblsoi,0.06305322195547618,13259
LPJ-GUESS,2017,HW,lai,evspsblsoi,0.05013106021675842,13259
LPJ-GUESS,2017,HD,precipitation,evapotrans,0.6236517570573876,11876
LPJ-GUESS,2017,HD,lai,evapotrans,0.7301348794880037,11876
LPJ-GUESS,2017,HD,precipitation,tran,0.5292062239360505,11876
LPJ-GUESS,2017,HD,lai,tran,0.8267013949201497,11876
LPJ-GUESS,2017,HD,precipitation,evspsblveg,0.4708025220521995,11876
LPJ-GUESS,2017,HD,lai,evspsblveg,0.7840621954719408,11876
LPJ-GUESS,2017,HD,precipitation,evspsblsoi,0.23587114501102588,11876
LPJ-GUESS,2017,HD,lai,evspsblsoi,0.16220920999818317,11876
LPJ-GUESS,2017,CW,precipitation,evapotrans,0.23941334532449907,22323
LPJ-GUESS,2017,CW,lai,evapotrans,0.49497815660726757,22323
LPJ-GUESS,2017,CW,precipitation,tran,0.18961289746078877,22323
LPJ-GUESS,2017,CW,lai,tran,0.5505364852699673,22323
LPJ-GUESS,2017,CW,precipitation,evspsblveg,0.2270382496960369,22323
LPJ-GUESS,2017,CW,lai,evspsblveg,0.787259617067971,22323
LPJ-GUESS,2017,CW,precipitation,evspsblsoi,0.07126862912528377,22323
LPJ-GUESS,2017,CW,lai,evspsblsoi,0.04409405717467969,22323
LPJ-GUESS,2017,CD,precipitation,evapotrans,0.12849776015640338,10707
LPJ-GUESS,2017,CD,lai,evapotrans,0.740518772463168,10707
LPJ-GUESS,2017,CD,precipitation,tran,0.09335916290892488,10707
LPJ-GUESS,2017,CD,lai,tran,0.8598030600572529,10707
LPJ-GUESS,2017,CD,precipitation,evspsblveg,0.11202086950319448,10707
LPJ-GUESS,2017,CD,lai,evspsblveg,0.771826936724178,10707
LPJ-GUESS,2017,CD,precipitation,evspsblsoi,0.14667656539363946,10707
LPJ-GUESS,2017,CD,lai,evspsblsoi,0.050138172983667295,10707
LPJ-GUESS,2018,HW,precipitation,evapotrans,0.4329960402041736,13251
LPJ-GUESS,2018,HW,lai,evapotrans,0.719891956912314,13251
LPJ-GUESS,2018,HW,precipitation,tran,0.24250234433191617,13251
LPJ-GUESS,2018,HW,lai,tran,0.7611930469092422,13251
LPJ-GUESS,2018,HW,precipitation,evspsblveg,0.5142301767704994,13251
LPJ-GUESS,2018,HW,lai,evspsblveg,0.7183281683361723,13251
LPJ-GUESS,2018,HW,precipitation,evspsblsoi,0.06912812765772981,13251
LPJ-GUESS,2018,HW,lai,evspsblsoi,0.045540287678630095,13251
LPJ-GUESS,2018,HD,precipitation,evapotrans,0.6457176805766823,11874
LPJ-GUESS,2018,HD,lai,evapotrans,0.7341213995558143,11874
LPJ-GUESS,2018,HD,precipitation,tran,0.5814730188955798,11874
LPJ-GUESS,2018,HD,lai,tran,0.8435873415678456,11874
LPJ-GUESS,2018,HD,precipitation,evspsblveg,0.5019558049913339,11874
LPJ-GUESS,2018,HD,lai,evspsblveg,0.7643745037851003,11874
LPJ-GUESS,2018,HD,precipitation,evspsblsoi,0.18450345630686565,11874
LPJ-GUESS,2018,HD,lai,evspsblsoi,0.13359898969629225,11874
LPJ-GUESS,2018,CW,precipitation,evapotrans,0.3106471221898273,22383
LPJ-GUESS,2018,CW,lai,evapotrans,0.48791132753773314,22383
LPJ-GUESS,2018,CW,precipitation,tran,0.23294856355880109,22383
LPJ-GUESS,2018,CW,lai,tran,0.5189672292524218,22383
LPJ-GUESS,2018,CW,precipitation,evspsblveg,0.2509166693030561,22383
LPJ-GUESS,2018,CW,lai,evspsblveg,0.7823685590667294,22383
LPJ-GUESS,2018,CW,precipitation,evspsblsoi,0.12984215206397096,22383
LPJ-GUESS,2018,CW,lai,evspsblsoi,0.017556362263022155,22383
LPJ-GUESS,2018,CD,precipitation,evapotrans,0.14770587929010237,10681
LPJ-GUESS,2018,CD,lai,evapotrans,0.7452312776026081,10681
LPJ-GUESS,2018,CD,precipitation,tran,0.11716360984339627,10681
LPJ-GUESS,2018,CD,lai,tran,0.8617002548598238,10681
LPJ-GUESS,2018,CD,precipitation,evspsblveg,0.1353317313959718,10681
LPJ-GUESS,2018,CD,lai,evspsblveg,0.7914907899391493,10681
LPJ-GUESS,2018,CD,precipitation,evspsblsoi,0.11221659640412801,10681
LPJ-GUESS,2018,CD,lai,evspsblsoi,0.018351439710068047,10681
LPJ-GUESS,2019,HW,precipitation,evapotrans,0.3684798661305322,13275
LPJ-GUESS,2019,HW,lai,evapotrans,0.6675857890154573,13275
LPJ-GUESS,2019,HW,precipitation,tran,0.19969596406475315,13275
LPJ-GUESS,2019,HW,lai,tran,0.7559948129104413,13275
LPJ-GUESS,2019,HW,precipitation,evspsblveg,0.45869978336147693,13275
LPJ-GUESS,2019,HW,lai,evspsblveg,0.7350744404999201,13275
LPJ-GUESS,2019,HW,precipitation,evspsblsoi,0.06124661411932115,13275
LPJ-GUESS,2019,HW,lai,evspsblsoi,0.06722197059246901,13275
LPJ-GUESS,2019,HD,precipitation,evapotrans,0.5779997386602439,11874
LPJ-GUESS,2019,HD,lai,evapotrans,0.7374960543401008,11874
LPJ-GUESS,2019,HD,precipitation,tran,0.5004918338249836,11874
LPJ-GUESS,2019,HD,lai,tran,0.8292933435850091,11874
LPJ-GUESS,2019,HD,precipitation,evspsblveg,0.4878461215346743,11874
LPJ-GUESS,2019,HD,lai,evspsblveg,0.7615242131275877,11874
LPJ-GUESS,2019,HD,precipitation,evspsblsoi,0.23779525686221364,11874
LPJ-GUESS,2019,HD,lai,evspsblsoi,0.1766639888295537,11874
LPJ-GUESS,2019,CW,precipitation,evapotrans,0.2039427364920495,22343
LPJ-GUESS,2019,CW,lai,evapotrans,0.5028672971693915,22343
LPJ-GUESS,2019,CW,precipitation,tran,0.15351929237712778,22343
LPJ-GUESS,2019,CW,lai,tran,0.5189485220198669,22343
LPJ-GUESS,2019,CW,precipitation,evspsblveg,0.21248362067992935,22343
LPJ-GUESS,2019,CW,lai,evspsblveg,0.8082126235588446,22343
LPJ-GUESS,2019,CW,precipitation,evspsblsoi,0.0733225764495058,22343
LPJ-GUESS,2019,CW,lai,evspsblsoi,0.01702379881686146,22343
LPJ-GUESS,2019,CD,precipitation,evapotrans,0.12182729355889112,10676
LPJ-GUESS,2019,CD,lai,evapotrans,0.7358792442627508,10676
LPJ-GUESS,2019,CD,precipitation,tran,0.07680708078692189,10676
LPJ-GUESS,2019,CD,lai,tran,0.867788454715109,10676
LPJ-GUESS,2019,CD,precipitation,evspsblveg,0.14008682250254323,10676
LPJ-GUESS,2019,CD,lai,evspsblveg,0.7649202911527113,10676
LPJ-GUESS,2019,CD,precipitation,evspsblsoi,0.1738963063931349,10676
LPJ-GUESS,2019,CD,lai,evspsblsoi,0.03785531552724554,10676
LPJ-GUESS,2020,HW,precipitation,evapotrans,0.3717912750260981,13258
LPJ-GUESS,2020,HW,lai,evapotrans,0.6726293091194244,13258
LPJ-GUESS,2020,HW,precipitation,tran,0.1774517132671895,13258
LPJ-GUESS,2020,HW,lai,tran,0.7248468706940452,13258
LPJ-GUESS,2020,HW,precipitation,evspsblveg,0.4435219096165713,13258
LPJ-GUESS,2020,HW,lai,evspsblveg,0.7138425851805856,13258
LPJ-GUESS,2020,HW,precipitation,evspsblsoi,0.09008742834916818,13258
LPJ-GUESS,2020,HW,lai,evspsblsoi,0.042860762134788455,13258
LPJ-GUESS,2020,HD,precipitation,evapotrans,0.6913049674951373,11870
LPJ-GUESS,2020,HD,lai,evapotrans,0.6994957489809335,11870
LPJ-GUESS,2020,HD,precipitation,tran,0.5851985849592275,11870
LPJ-GUESS,2020,HD,lai,tran,0.841783769427417,11870
LPJ-GUESS,2020,HD,precipitation,evspsblveg,0.5230496197476743,11870
LPJ-GUESS,2020,HD,lai,evspsblveg,0.7778364694660577,11870
LPJ-GUESS,2020,HD,precipitation,evspsblsoi,0.28718750710498864,11870
LPJ-GUESS,2020,HD,lai,evspsblsoi,0.17394210808777025,11870
LPJ-GUESS,2020,CW,precipitation,evapotrans,0.29280356065022306,22309
LPJ-GUESS,2020,CW,lai,evapotrans,0.5180878492906372,22309
LPJ-GUESS,2020,CW,precipitation,tran,0.23205445371587088,22309
LPJ-GUESS,2020,CW,lai,tran,0.5438866896077896,22309
LPJ-GUESS,2020,CW,precipitation,evspsblveg,0.2686409353973343,22309
LPJ-GUESS,2020,CW,lai,evspsblveg,0.7760220358226599,22309
LPJ-GUESS,2020,CW,precipitation,evspsblsoi,0.07353968446977996,22309
LPJ-GUESS,2020,CW,lai,evspsblsoi,0.026008225565435125,22309
LPJ-GUESS,2020,CD,precipitation,evapotrans,0.14008154817486038,10667
LPJ-GUESS,2020,CD,lai,evapotrans,0.7279895041562221,10667
LPJ-GUESS,2020,CD,precipitation,tran,0.11222109645102324,10667
LPJ-GUESS,2020,CD,lai,tran,0.8665712183623975,10667
LPJ-GUESS,2020,CD,precipitation,evspsblveg,0.14962604980949015,10667
LPJ-GUESS,2020,CD,lai,evspsblveg,0.7709553460322418,10667
LPJ-GUESS,2020,CD,precipitation,evspsblsoi,0.11099447710399286,10667
LPJ-GUESS,2020,CD,lai,evspsblsoi,0.022995384289718826,10667
