analysis_group,zone,model,x_label,y_label,method,n_raw_points,n_curve_points,pearson_r,pearson_p,spearman_rho,spearman_p,kendall_tau,kendall_p,abs_pearson_r,abs_spearman_r,abs_spearman_minus_abs_pearson,raw_net_change,absolute_net_change,normalized_net_change,normalized_absolute_net_change,positive_slope_fraction,negative_slope_fraction,flat_slope_fraction,dominant_slope_sign,monotonic_fraction,number_of_slope_sign_changes,early_slope,middle_slope,late_slope,early_absolute_slope,middle_absolute_slope,late_absolute_slope,early_late_slope_sign_consistency,early_late_slope_sign_opposition,has_internal_valley,has_internal_peak,number_of_internal_extrema,turning_point_x_norm,turning_point_y_norm,turning_point_type,turning_point_x,two_line_left_slope,two_line_right_slope,two_line_left_p,two_line_right_p,two_line_test_evidence,u_test_stat,u_test_p,lind_mehlum_stat,lind_mehlum_p,raw_amplitude,normalized_amplitude,amplitude_norm_by_y_sd,amplitude_norm_by_y_range,amplitude_divided_by_raw_y_range,raw_y_sd_for_strength,strength_raw_net_change,strength_absolute_net_change,strength_normalized_net_change,strength_normalized_absolute_net_change,raw_total_variation,normalized_total_variation,mean_absolute_elasticity,median_absolute_elasticity,max_absolute_elasticity,mean_absolute_slope,max_absolute_slope,median_absolute_slope,slope_standard_deviation,slope_interquartile_range,overall_standardized_slope,mean_standardized_absolute_slope,max_standardized_absolute_slope,early_standardized_slope,middle_standardized_slope,late_standardized_slope,early_absolute_standardized_slope,middle_absolute_standardized_slope,late_absolute_standardized_slope,middle_to_early_absolute_slope_ratio,late_to_early_absolute_slope_ratio,accumulated_absolute_variation_final_value,accumulated_absolute_variation_early_value,accumulated_absolute_variation_middle_value,accumulated_absolute_variation_late_value,accumulated_slope_final_value,accumulated_slope_early_value,accumulated_slope_middle_value,accumulated_slope_late_value,tightness_n_raw,tightness_n_predicted,tightness_prediction_fraction,raw_y_sd_for_tightness,raw_y_range_for_tightness,r_squared,rmse,normalized_rmse_raw_y_range,normalized_rmse_raw_y_std,nrmse_by_raw_y_range,nrmse_by_sd,residual_variance,residual_standard_deviation,mean_absolute_residual,median_absolute_residual,residual_iqr,residual_90_interval_width,residual_95_interval_width,residual_90_interval_width_by_sd,residual_95_interval_width_by_sd,mean_buffer_width,median_buffer_width,buffer_width_90,buffer_width_95,mean_buffer_width_by_sd,median_buffer_width_by_sd,buffer_width90_by_sd,buffer_width95_by_sd,early_mean_absolute_residual,early_median_absolute_residual,early_rmse,early_rmse_by_sd,early_nrmse_by_sd,early_residual_variance,early_buffer_width_90,early_buffer_width_95,early_buffer_width90_by_sd,early_buffer_width95_by_sd,middle_mean_absolute_residual,middle_median_absolute_residual,middle_rmse,middle_rmse_by_sd,middle_nrmse_by_sd,middle_residual_variance,middle_buffer_width_90,middle_buffer_width_95,middle_buffer_width90_by_sd,middle_buffer_width95_by_sd,late_mean_absolute_residual,late_median_absolute_residual,late_rmse,late_rmse_by_sd,late_nrmse_by_sd,late_residual_variance,late_buffer_width_90,late_buffer_width_95,late_buffer_width90_by_sd,late_buffer_width95_by_sd,shape_label,piecewise_breakpoint,symbolic_expression,net_change_by_sd,absolute_net_change_by_sd,abs_net_change_by_sd,total_variation_by_sd
HW_T,HW,CLASSIC,P,T,Equal-width bins,12340,10,0.7864697488614871,0.0069657584418327,0.7212121212121211,0.0185731550894602,0.4666666666666666,0.0725501543209876,0.7864697488614871,0.7212121212121211,-0.065257627649366,115.13126500000004,115.13126500000004,0.4596314995942689,0.4596314995942689,0.4444444444444444,0.3333333333333333,0.2222222222222222,positive,0.4444444444444444,2,1.6129187014550233,1.1819815821092003,-0.2123031987314208,1.6129187014550233,1.1819815821092003,0.2123031987314208,False,True,True,True,2,0.1684793470408049,0.0729455145270925,valley,603.7150716145833,,1.0326889133450423,,0.0071786684301203,,,,,,250.48602,1.901131276711829,1.901131276711829,0.4039092502807427,0.4039092502807427,131.75629850939976,115.13126500000004,115.13126500000004,0.4596314995942689,0.4596314995942689,385.8407749999999,1.540368500405731,0.3597550853749982,0.2156166883594136,0.9683487494774417,1.5308130605060342,4.139313020192588,1.5905596373725726,1.8871697903857776,2.185571762464553,0.8608656949442675,1.5308130605060342,4.139313020192588,1.6129187014550233,1.1819815821092003,-0.2123031987314208,1.6129187014550233,1.1819815821092003,0.2123031987314208,0.7328215495566689,0.1316267202679843,1.540368500405731,1.0960245406110884,1.4726593324449804,1.540368500405731,1.540368500405731,1.0960245406110884,1.4726593324449804,1.540368500405731,12340,12294,0.9962722852512156,131.75629850939976,620.1542049999999,0.3080078348796964,109.42635283323864,0.176450231169905,0.8305208484999445,0.176450231169905,0.8305208484999445,11782.263455394726,108.5461351472024,84.46867232047852,64.40336998421122,132.3270064039329,372.26760734734694,437.3951070261334,2.825425513306968,3.319728255685088,84.46867232047852,64.40336998421122,372.26760734734694,437.3951070261334,0.641097794003771,0.4888067645556737,2.825425513306968,3.319728255685088,70.27496311091139,51.7415875923906,94.73037461327408,0.7189817540792239,0.7189817540792239,8829.865046662766,321.59292310482107,401.68367493240874,2.440816315751903,3.0486867001940845,93.5201423071866,77.88402933563617,117.02955623603728,0.8882274134901275,0.8882274134901275,13487.440360883023,389.70546335763424,450.64145207531885,2.957774829488185,3.420264967774343,84.63042127839316,57.78119021798205,113.437527270502,0.8609647398557506,0.8609647398557506,12612.206497153787,400.4655343423125,452.369167274205,3.0394412933036556,3.4333779287366064,Non-monotonic: U-shaped / inverted-U,,,0.8738198196406249,0.8738198196406249,0.8738198196406249,2.9284427337830325
HW_T,HW,CLASSIC,P,T,Equal-count bins,12340,10,0.918982494323704,0.000170778312454,0.9878787878787878,9.307459988955517e-08,0.9555555555555554,5.5114638447971785e-06,0.918982494323704,0.9878787878787878,0.0688962935550838,215.54232,215.54232,0.9835761346312042,0.9835761346312042,0.8888888888888888,0.1111111111111111,0.0,positive,0.8888888888888888,1,1.9584490115421984,0.8194775521522507,-0.0599037183628406,1.9584490115421984,0.8194775521522507,0.0599037183628406,False,True,False,True,1,0.7465190233766208,0.9987605876651888,peak,2315.9301106770836,1.3902127745628936,,9.327238494632094e-06,,,,,,,219.14147,1.663233351871721,1.663233351871721,0.35336609545363,0.35336609545363,131.75629850939976,215.54232,215.54232,0.9835761346312042,0.9835761346312042,222.74062,1.0164238653687958,0.5154549524966806,0.5797539708391297,0.7990087981646298,1.367842381392287,2.2920627783647394,1.650385075031957,0.7768311773863074,1.303266099542217,1.3545304439783223,1.367842381392287,2.2920627783647394,1.9584490115421984,0.8194775521522507,-0.0599037183628406,1.9584490115421984,0.8194775521522507,0.0599037183628406,0.4184319057185694,0.0305873259961304,1.0164238653687958,0.688321840681273,1.0,1.0164238653687958,1.0164238653687958,0.688321840681273,1.0,1.0164238653687958,12340,11106,0.9,131.75629850939976,620.1542049999999,0.2718499945584433,109.47668841661356,0.17653139740722,0.8309028839999121,0.17653139740722,0.8309028839999121,11839.895403097718,108.81128343649716,84.86617309565932,66.04482716428325,134.7875387304835,371.48112252432304,435.5032821472606,2.819456274402099,3.3053697399991164,84.86617309565932,66.04482716428325,371.48112252432304,435.5032821472606,0.6441147334569725,0.5012650469956204,2.819456274402099,3.3053697399991164,78.00084156959362,58.76129406486422,103.07608523834296,0.7823237780999843,0.7823237780999843,10569.208023677516,357.87123514887236,439.521249028452,2.7161603596760204,3.3358651844419844,99.15075002579748,89.37342780874047,121.546600712934,0.9225107420899702,0.9225107420899702,14420.386000430046,388.6366989490682,451.83415477822314,2.9496631534570783,3.429317306952034,77.6564590877928,55.772127928605585,103.21199616808644,0.7833553107954311,0.7833553107954311,10482.185744648044,367.8102741671021,422.831896327628,2.7915953797143276,3.2091968362139616,Non-monotonic: U-shaped / inverted-U,,,1.6359166312236888,1.6359166312236888,1.6359166312236888,1.6905500725197533
HW_T,HW,CLASSIC,P,T,LOWESS,12340,12149,0.8824063863566616,0.0,0.9862674649358186,0.0,0.9366105138444926,0.0,0.8824063863566616,0.9862674649358186,0.103861078579157,134.08443235806806,134.08443235806806,0.4554723081662729,0.4554723081662729,0.8463121501481725,0.1391998682910767,0.0144879815607507,positive,0.8463121501481725,2,3.0504277661337293,1.5624738513244651,-0.1029729512716907,3.0504277661337293,1.5624738513244651,0.1029729512716907,False,True,True,True,2,0.1308588391648533,0.0007501046204225,valley,504.19334815014366,-3.1735477301395147,1.380720659814335,6.100410476445099e-07,0.0,True,,,,,294.38547624967725,2.234318052192968,2.234318052192968,0.4746972186533465,0.4746972186533465,131.75629850939976,134.08443235806806,134.08443235806806,0.4554723081662729,0.4554723081662729,454.6946131818908,1.5445551831376734,0.5495324169647714,0.660256838094296,2.60603707749463,2.0422763104890485,16.53910584243198,2.487637545272869,1.3465888717061054,2.2857562621738565,2.007190175937333,2.0422763104890485,16.53910584243198,3.0504277661337293,1.5624738513244651,-0.1029729512716907,3.0504277661337293,1.5624738513244651,0.1029729512716907,0.5122146699132711,0.0337568889238783,1.5445551831376756,1.1287971237004233,1.5152955552157206,1.5445551831376756,1.5445551831376756,1.1287971237004233,1.5152955552157206,1.5445551831376756,12340,12340,1.0,131.75629850939976,620.1542049999999,0.3187934454327386,108.74096852194435,0.1753450474820925,0.8253189392246516,0.1753450474820925,0.8253189392246516,11790.220091592371,108.58277990359416,84.43206201111974,65.48330767443224,132.31512559015775,371.7167695003304,435.5813806790527,2.8212447807480823,3.305962489891726,84.43206201111974,65.48330767443224,371.7167695003304,435.5813806790527,0.6408199301765918,0.4970032432245395,2.8212447807480823,3.305962489891726,71.27511441105602,52.29602753900608,96.36562314598235,0.7313929143137506,0.7313929143137506,9227.305308475336,333.9065972377586,412.31817681254535,2.5342742701134475,3.1294001233886344,93.98581066087222,80.01511414744951,116.26422180905212,0.8824187012263222,0.8824187012263222,13496.353495447009,388.1185608988628,445.4202409640111,2.9457306048346044,3.380637176386933,90.3924595282038,66.3581636517157,117.6767699897926,0.8931396170134311,0.8931396170134311,13846.020350069228,417.472278566971,459.1941888011111,3.168518570193346,3.4851782722808604,Non-monotonic: U-shaped / inverted-U,,,1.0176700004099022,1.0176700004099022,1.0176700004099022,3.451027528292714
HW_T,HW,CLASSIC,P,T,Polynomial degree 3,12340,300,0.7323507757452441,1.1549881579642432e-51,0.7050198335537061,2.195983064928308e-46,0.5857302118171683,1.035969577472989e-51,0.7323507757452441,0.7050198335537061,-0.0273309421915379,57.37008404545938,57.37008404545938,0.2203869569292972,0.2203869569292972,0.6655518394648829,0.3277591973244147,0.0066889632107023,positive,0.6655518394648829,2,1.259572810206225,1.701833082527951,-2.2854305606902967,1.259572810206225,1.701833082527951,2.2854305606902967,False,True,True,True,2,0.7006688963210701,0.9999809765408836,peak,2699.6464207950103,1.7411997011500358,-2.5389152172609557,4.169450727923881e-188,7.464515540318857e-50,True,,,,,260.3152420851493,1.9757328114873984,1.9757328114873984,0.4197588922018989,0.4197588922018989,131.75629850939976,57.37008404545938,57.37008404545938,0.2203869569292972,0.2203869569292972,463.2604001248393,1.779613043070703,0.7035456226732116,0.4615884352677427,4.817813367671653,1.779613043070703,5.728305787918706,1.7485802216047044,2.139812960764869,2.6078999393899953,0.2203869569292974,1.779613043070703,5.728305787918706,1.259572810206225,1.701833082527951,-2.2854305606902967,1.259572810206225,1.701833082527951,2.2854305606902967,1.351119259433138,1.814448948224051,1.779613043070703,0.4350966887127323,0.9985798832621208,1.779613043070703,1.779613043070703,0.4350966887127323,0.9985798832621208,1.779613043070703,12340,12340,1.0,131.75629850939976,620.1542049999999,0.2827193256541264,111.58308198122144,0.1799279615966184,0.8468899266569854,0.1799279615966184,0.8468899266569854,12451.79324371327,111.5876034499947,87.7767997688682,70.64233977099786,140.0324685612244,377.75842430228386,443.5173277593578,2.8670995510346233,3.3661945028587485,87.7767997688682,70.64233977099786,377.75842430228386,443.5173277593578,0.6662057204241058,0.5361591101920498,2.8670995510346233,3.3661945028587485,76.83958849093091,60.91818733373725,100.92073682344716,0.7659651793894868,0.7659651793894868,10112.275717856472,347.66993056940515,421.9040109685591,2.638734804352459,3.2021543997644986,94.71329528417496,79.60901933961466,117.33126960349756,0.8905173485510972,0.8905173485510972,13687.613112150022,389.9460621392657,450.9557136933454,2.9596009188998744,3.422650141170847,98.571460074866,78.8919393066945,124.05924476306171,0.9415811324891696,0.9415811324891696,15261.850695328198,422.4229242907559,484.6916088558253,3.206092832523064,3.678697825753252,Non-monotonic: U-shaped / inverted-U,,,0.4354257420290726,0.4354257420290726,0.4354257420290726,3.516039880945725
HW_T,HW,CLASSIC,P,T,GAM,12340,300,0.8710830450180281,5.035136827543019e-94,0.8698958877320858,1.7976089417530557e-93,0.7082720178372353,9.12311848732958e-75,0.8710830450180281,0.8698958877320858,-0.0011871572859423,165.3750354536736,165.3750354536736,0.5312999003376834,0.5312999003376834,0.6889632107023411,0.2842809364548495,0.0267558528428093,positive,0.6889632107023411,3,0.2557184947455685,1.0096056547246712,0.33335860908668,0.2557184947455685,1.0096056547246712,0.33335860908668,True,False,True,True,3,0.1270903010033444,0.0,valley,489.6733364687848,-3.882442997713338,0.9195788615556086,2.560509435006912e-28,9.011033188734786e-72,True,,,,,311.264947252135,2.3624293546006743,2.3624293546006743,0.5019154022379564,0.5019154022379564,131.75629850939976,165.3750354536736,165.3750354536736,0.5312999003376834,0.5312999003376834,490.92871439084865,1.5772052674893071,0.4073040873022445,0.3180822171546548,1.4906785767934572,1.5772052674893071,5.413298598501635,1.2293039292407484,2.056137363706592,2.064596037693623,0.5312999003376833,1.5772052674893071,5.413298598501635,0.2557184947455685,1.0096056547246712,0.33335860908668,0.2557184947455685,1.0096056547246712,0.33335860908668,3.9481135524796342,1.3036155613944187,1.5772052674893065,1.0229247795070977,1.357208926054731,1.5772052674893065,1.5772052674893065,1.0229247795070977,1.357208926054731,1.5772052674893065,12340,12340,1.0,131.75629850939976,620.1542049999999,0.3206345080286821,108.59392473732753,0.1751079390606204,0.8242029107214197,0.1751079390606204,0.8242029107214197,11793.596208744724,108.59832507338557,84.91487303449182,66.56137022367787,132.154101859204,371.1403524731189,435.97141146263505,2.8168699080950654,3.3089227338268916,84.91487303449182,66.56137022367787,371.1403524731189,435.97141146263505,0.6444843547910829,0.5051854900047094,2.8168699080950654,3.3089227338268916,71.87143664338704,53.54361794251636,96.07607845347316,0.7291953366967038,0.7291953366967038,9232.399125006374,330.2216155494812,413.6958427708359,2.5063061066938106,3.1398562911307204,94.3708413110327,81.04393117823534,116.23329647630212,0.882183985063984,0.882183985063984,13512.34075469624,389.65948296423454,447.1816658976022,2.957425848878378,3.3940059864819245,90.91303880287867,68.33053070135804,117.40099256464312,0.8910465297889915,0.8910465297889915,13794.017107683718,414.082365779003,460.11279934157807,3.1427899118573186,3.492150314990465,Non-monotonic: U-shaped / inverted-U,,,1.2551584806541558,1.2551584806541558,1.2551584806541558,3.726036022147547
HW_T,HW,CLASSIC,P,T,Piecewise linear,12340,300,0.9026308435211644,4.0480325823825504e-111,0.7798926654740607,1.3574570523737855e-62,0.5450167224080268,5.200774890189799e-45,0.9026308435211644,0.7798926654740607,-0.1227381780471038,302.59542838020775,302.59542838020775,0.9843098345000691,0.9843098345000691,0.5284280936454849,0.471571906354515,0.0,positive,0.5284280936454849,1,1.900107531784024,1.087122147931916,-0.0332720530814135,1.900107531784024,1.087122147931916,0.0332720530814135,False,True,False,True,1,0.5284280936454849,1.0,peak,2036.0101884754736,1.8998205058354676,-0.0332720530814134,0.0,0.0,True,,,,,307.4188815088858,2.333238600255258,2.333238600255258,0.4957136128890488,0.4957136128890488,131.75629850939976,302.59542838020775,302.59542838020775,0.9843098345000691,0.9843098345000691,312.2423346375639,1.0156901654999309,0.2340982991530128,0.0893826108307984,0.6437764788074982,1.0156901654999309,1.9001075317840692,1.9001075317839713,0.9638377976164336,1.9333795848654445,0.9843098345000691,1.0156901654999309,1.9001075317840692,1.900107531784024,1.087122147931916,-0.0332720530814135,1.900107531784024,1.087122147931916,0.0332720530814135,0.5721371710532664,0.0175106158598161,1.0156901654999348,0.6354874688240881,1.0045623885496264,1.0156901654999348,1.0156901654999348,0.6354874688240881,1.0045623885496264,1.0156901654999348,12340,12340,1.0,131.75629850939976,620.1542049999999,0.2775038444417177,111.98801789629007,0.1805809216375306,0.8499632971117553,0.1805809216375306,0.8499632971117553,12542.332548504432,111.99255577271389,87.7510374602157,70.34734223655661,139.5698225468256,380.6785110290401,442.9536912961737,2.8892623376322444,3.3619166317470017,87.7510374602157,70.34734223655661,380.6785110290401,442.9536912961737,0.6660101904271041,0.5339201467589642,2.8892623376322444,3.3619166317470017,79.14661268644124,62.44413363646851,104.58327020850729,0.7937629653511107,0.7937629653511107,10874.621805108143,360.73664502808714,432.7392302528976,2.7379081615771974,3.2843912218892912,94.12147544760818,79.36552278769591,116.65500174380936,0.8853846310465907,0.8853846310465907,13566.201058317964,389.1816871089612,446.04161956460865,2.9537994882362018,3.3853532970401954,90.93783001448804,68.20326977655196,117.61610711291796,0.8926791997312143,0.8926791997312143,13845.498575711952,419.1332023321435,458.5967593757746,3.181124599536634,3.4806439203592032,Non-monotonic: U-shaped / inverted-U,2027.8988458034576,,2.296629700466426,2.296629700466426,2.296629700466426,2.36984750004409
HW_T,HW,CLASSIC,P,T,Symbolic regression,12340,300,0.9791729053381462,2.1149384543997746e-208,1.0,0.0,1.0,0.0,0.9791729053381462,1.0,0.0208270946618538,600.4853893716681,600.4853893716681,1.0,1.0,1.0,0.0,0.0,positive,1.0,0,1.713393546987554,0.7260853444024304,0.5577819620540397,1.713393546987554,0.7260853444024304,0.5577819620540397,True,False,False,False,0,,,,,,,,,,,,,,600.4853893716681,4.557545985771817,4.557545985771817,0.9682839921591246,0.9682839921591246,131.75629850939976,600.4853893716681,600.4853893716681,1.0,1.0,600.4853893716681,1.0,0.5085649830764836,0.5059648270247903,0.8593566212867189,1.0,14.577422829141232,0.7158148942432714,1.0716517645755304,0.4246435358662197,1.0,1.0,14.577422829141232,1.713393546987554,0.7260853444024304,0.5577819620540397,1.713393546987554,0.7260853444024304,0.5577819620540397,0.4237703274177819,0.325542233443518,1.0,0.5730413200627271,0.8134508488113579,1.0,1.0,0.5730413200627271,0.8134508488113579,1.0,12340,12340,1.0,131.75629850939976,620.1542049999999,0.1647724479235933,120.40823597232917,0.1941585415394049,0.9138708155476832,0.1941585415394049,0.9138708155476832,14244.787465728175,119.35152896267468,90.9410636355864,69.50943744215411,143.6152903408704,393.67148355669246,466.0498117727343,2.9878760105620845,3.53721087375178,90.9410636355864,69.50943744215411,393.67148355669246,466.0498117727343,0.6902217553500751,0.5275606420986028,2.9878760105620845,3.53721087375178,82.1958408984525,55.746993186295185,117.716614210312,0.8934420254824771,0.8934420254824771,13642.911503441668,401.81659782335896,488.5698139016109,3.049695554362379,3.708132510012456,95.11183715615395,79.03150711847877,120.34068331656492,0.9133581064284344,0.9133581064284344,13639.81828870237,389.19843574783386,449.3217146059947,2.9539266065528373,3.410248463939196,107.56195061300537,93.59117625156648,132.61316909782462,1.0065034506746084,1.0065034506746084,14635.888809757986,413.01187949165575,481.4671335279226,3.134665167162318,3.654224799686322,Monotonic nonlinear,,"sub(sqrt(div(X0, -0.010)), log(sub(sqrt(div(X0, -0.010)), log(sqrt(0.833)))))",4.557545985771817,4.557545985771817,4.557545985771817,4.557545985771817
HW_T,HW,LPJ-GUESS,P,T,Equal-width bins,12538,10,0.9407108622267476,5.0308302065994735e-05,0.9393939393939392,5.484052998513666e-05,0.8666666666666666,0.0001151895943562,0.9407108622267476,0.9393939393939392,-0.0013169228328083,534.2467800000002,534.2467800000002,0.9758719347275928,0.9758719347275928,0.8888888888888888,0.1111111111111111,0.0,positive,0.8888888888888888,2,1.6728435829982218,1.5626026755167697,0.0650685886967509,1.6728435829982218,1.5626026755167697,0.0650685886967509,True,False,True,True,2,0.9078965993763336,0.9500835376496336,valley,3228.6365885416667,1.4674932742517648,,4.6358576833881766e-05,,,,,,,547.4558300000001,2.617413846755194,2.617413846755194,0.5441108378896644,0.5441108378896644,209.15906388998465,534.2467800000002,534.2467800000002,0.9758719347275928,0.9758719347275928,592.0112400000003,1.0813863101978478,0.3528906731604697,0.3627499065063453,0.6356912603544479,1.2068995161943246,2.506616311914669,1.0227573979768048,1.011120899570071,1.8799274372958883,1.1001716157372474,1.2068995161943246,2.506616311914669,1.6728435829982218,1.5626026755167697,0.0650685886967509,1.6728435829982218,1.5626026755167697,0.0650685886967509,0.9340996919246516,0.0388969951273801,1.0813863101978478,0.472725132911636,0.9627013835983806,1.0813863101978478,1.0813863101978478,0.472725132911636,0.9627013835983806,1.0813863101978478,12538,12489,0.9960918806827244,209.15906388998465,1006.14763,0.456866919710752,153.91057171203624,0.1529701677198566,0.735854181260782,0.1529701677198566,0.735854181260782,23624.04818070284,153.70116518980214,119.97704044451714,99.3273444481755,197.87403077078716,511.0750233630516,604.542571634829,2.4434753811667056,2.8903484285663645,119.97704044451714,99.3273444481755,511.0750233630516,604.542571634829,0.5736162622511245,0.4748890275222334,2.4434753811667056,2.8903484285663645,103.40838600204322,86.74264574280394,131.25141888057857,0.6275196323770857,0.6275196323770857,17076.89206123178,432.1996292000267,511.7495631360682,2.066368156186427,2.446700389734211,127.29024857608438,106.01320558729152,161.03172710424485,0.7699007832094035,0.7699007832094035,25690.67834117207,540.6862736590887,617.4152660396718,2.585048257547584,2.9518934276949405,131.9627675333331,105.49537565707982,176.04689486935533,0.8416890551869846,0.8416890551869846,30119.760834129836,578.0788556655923,675.8627968448636,2.763824072045261,3.2313340109437476,Non-monotonic: U-shaped / inverted-U,,,2.554260714615782,2.554260714615782,2.554260714615782,2.830435502003354
HW_T,HW,LPJ-GUESS,P,T,Equal-count bins,12538,10,0.9617727945322926,8.920829581279015e-06,1.0,6.646897422032013e-64,1.0,5.511463844797178e-07,0.9617727945322926,1.0,0.0382272054677073,493.10777500000006,493.10777500000006,1.0,1.0,1.0,0.0,0.0,positive,1.0,0,1.6673089359126243,0.9480284326200876,0.1886875979071083,1.6673089359126243,0.9480284326200876,0.1886875979071083,True,False,False,False,0,,,,,,,,,,,,,,493.10777500000006,2.3575730634335277,2.3575730634335277,0.4900948531777588,0.4900948531777588,209.15906388998465,493.10777500000006,493.10777500000006,1.0,1.0,493.10777500000006,1.0,0.523795499448668,0.5312756808325358,0.949457296264476,1.2632575083700548,2.258601265475663,1.3423269833232114,0.5558509277666775,0.6506218616832836,1.2632575083700548,1.2632575083700548,2.258601265475663,1.6673089359126243,0.9480284326200876,0.1886875979071083,1.6673089359126243,0.9480284326200876,0.1886875979071083,0.5685979437884865,0.1131689477834097,1.0,0.5891209076960915,0.9502048005631224,1.0,1.0,0.5891209076960915,0.9502048005631224,1.0,12538,11285,0.9000638060296698,209.15906388998465,1006.14763,0.4062138978424653,153.12932284268174,0.1521936923338792,0.7321189911388496,0.1521936923338792,0.7321189911388496,23364.481222274575,152.85444456172866,119.77371422715754,99.78304712992986,199.4165497549427,509.47264973684435,604.7381449717076,2.4358143522999383,2.891283474522496,119.77371422715754,99.78304712992986,509.47264973684435,604.7381449717076,0.5726441493836346,0.4770677649543059,2.4358143522999383,2.891283474522496,111.19682793975618,94.26035067039231,139.34216422943106,0.6662018926548815,0.6662018926548815,19401.50033428807,471.795418998542,549.0682015481843,2.2556776179047215,2.6251226761895823,129.76063753638735,107.25781503756536,166.57368170425437,0.7963971467756725,0.7963971467756725,27027.78500776767,550.0281125289098,642.0851814493292,2.6297120588482765,3.0698415335567715,127.24334260681395,103.43008409900636,166.87716109075834,0.7978480969800757,0.7978480969800757,27581.95282632595,566.60674553379,666.9242957710312,2.7089753367409353,3.18859858792362,Monotonic nonlinear,,,2.3575730634335277,2.3575730634335277,2.3575730634335277,2.3575730634335277
HW_T,HW,LPJ-GUESS,P,T,LOWESS,12538,12288,0.9492194169690128,0.0,0.9985285607495994,0.0,0.986763645222932,0.0,0.9492194169690128,0.9985285607495994,0.0493091437805865,519.7819206309831,519.7819206309831,0.8936113484108102,0.8936113484108102,0.9370879791649712,0.0543664035159111,0.0085456173191177,positive,0.9370879791649712,19,2.278431995877336,1.7200882833084283,0.006469898066923,2.278431995877336,1.7200882833084283,0.006469898066923,False,False,True,True,19,0.1267108815219188,0.0018382648973907,valley,487.09659213362073,-0.2309301245491533,1.4579207668909584,0.198172481854182,0.0,False,,,,,581.664413232171,2.7809668030361814,2.7809668030361814,0.5781104043669725,0.5781104043669725,209.15906388998465,519.7819206309831,519.7819206309831,0.8936113484108102,0.8936113484108102,678.1553916897328,1.1658877116469697,0.4725000849016135,0.5070511107863584,0.9577954020683412,1.7931695435545372,6.666057771620048,1.9437632172285408,0.8693368553016427,1.043391501375467,1.7814618573549363,1.7931695435545372,6.666057771620048,2.278431995877336,1.7200882833084283,0.006469898066923,2.278431995877336,1.7200882833084283,0.006469898066923,0.7549438764996315,0.0028396274624961,1.1658877116469737,0.6384296075820134,1.1346517515180343,1.1658877116469737,1.1658877116469737,0.6384296075820134,1.1346517515180343,1.1658877116469737,12538,12538,1.0,209.15906388998465,1006.14763,0.4617779909509522,153.4405321906179,0.1525030001716725,0.7336068986774864,0.1525030001716725,0.7336068986774864,23451.83206443355,153.13991009672674,120.01385796146256,99.0233585562745,197.8019301851017,509.5634209482832,600.7415787251747,2.43624833402538,2.872175690369116,120.01385796146256,99.0233585562745,509.5634209482832,600.7415787251747,0.5737922886506536,0.4734356556900622,2.43624833402538,2.872175690369116,105.50928259347413,88.47744557300393,133.13167562950665,0.6365092344242487,0.6365092344242487,17727.539425852243,444.95442883130863,527.1427721096422,2.127349494475409,2.520296095735605,128.5724382653217,107.30133295794236,163.0467444555916,0.7795346824718645,0.7795346824718645,26384.6265697377,545.1069320836447,628.9458398406741,2.6061836477254694,3.007021680740992,136.39525953795606,109.1432891965518,179.88927833327148,0.8600596837050831,0.8600596837050831,31688.926662588863,592.4112798929809,671.3268422502764,2.832348112843834,3.2096473839803896,Non-monotonic: U-shaped / inverted-U,,,2.485103494746862,2.485103494746862,2.485103494746862,3.2422950221580407
HW_T,HW,LPJ-GUESS,P,T,Polynomial degree 3,12538,300,0.8676186487285249,1.9943494714389214e-92,0.8227642529361437,4.2805112710503855e-75,0.7005128205128206,3.5364806850908285e-73,0.8676186487285249,0.8227642529361437,-0.0448543957923811,312.80752326180146,312.80752326180146,0.5641196399703204,0.5641196399703204,0.7357859531772575,0.2575250836120401,0.0066889632107023,positive,0.7357859531772575,1,1.3410760852338277,1.5852351626763994,-1.223741172772206,1.3410760852338277,1.5852351626763994,1.223741172772206,False,True,False,True,1,0.7391304347826086,1.0,peak,2841.333842844203,1.6001640201086726,-1.640846733352252,3.547733362574167e-218,2.59814980805215e-44,True,,,,,554.5056422397543,2.6511193535051296,2.6511193535051296,0.5511175753003108,0.5511175753003108,209.15906388998465,312.80752326180146,312.80752326180146,0.5641196399703204,0.5641196399703204,796.2037612177071,1.4358803600296794,0.4966623618701516,0.426129405965627,2.537427209711983,1.4358803600296797,3.626996057044809,1.5228249206127296,1.5131728040499135,1.8679048030579144,0.5641196399703201,1.4358803600296797,3.626996057044809,1.3410760852338277,1.5852351626763994,-1.223741172772206,1.3410760852338277,1.5852351626763994,1.223741172772206,1.182062062049224,0.91250689371501,1.43588036002968,0.4485204298440896,0.9733976241750716,1.43588036002968,1.43588036002968,0.4485204298440896,0.9733976241750716,1.43588036002968,12538,12538,1.0,209.15906388998465,1006.14763,0.4592720949975956,153.7973175764239,0.1528576055746649,0.7353127075445297,0.1528576055746649,0.7353127075445297,23655.501597786755,153.803451189454,121.930016366684,102.51810972880128,203.3384509345161,509.4709250084933,596.6078209460644,2.4358061062869805,2.852411986601133,121.930016366684,102.51810972880128,509.4709250084933,596.6078209460644,0.5829535383215229,0.4901442367456983,2.4358061062869805,2.852411986601133,107.1020158233017,89.28952791877339,134.45891685652117,0.6428548414581023,0.6428548414581023,18068.970238172973,445.3221323454926,526.1342673188584,2.12910750346314,2.5154743836279514,130.35682719687549,111.23380637068205,162.6624617177458,0.7776974073822803,0.7776974073822803,26439.861383772644,544.6992550077016,629.7700770733185,2.604234523129284,3.0109624003890674,140.51392929701476,119.23639738564816,180.8436573619372,0.8646226178228593,0.8646226178228593,32616.357683843715,587.7935921090657,694.0283406330649,2.810270715393135,3.3181843890739353,Non-monotonic: U-shaped / inverted-U,,,1.4955484952176625,1.4955484952176625,1.4955484952176625,3.8066902117925974
HW_T,HW,LPJ-GUESS,P,T,GAM,12538,300,0.9212391605602754,3.1894123677960935e-124,0.8865409615662396,9.15526161557337e-102,0.7432775919732442,3.781786272464526e-82,0.9212391605602754,0.8865409615662396,-0.0346981989940358,495.3589676884112,495.3589676884112,0.8843526058222847,0.8843526058222847,0.7224080267558528,0.2675585284280936,0.0100334448160535,positive,0.7224080267558528,3,1.1207640900257396,1.485938944905366,0.0523706459265795,1.1207640900257396,1.485938944905366,0.0523706459265795,True,False,True,True,3,0.0969899665551839,6.505213034913028e-19,valley,372.84471240942025,-1.2934928551836384,1.0822160824309088,9.719523380272494e-23,5.446758556462719e-96,True,,,,,560.1373981680292,2.678045061736628,2.678045061736628,0.5567149208193525,0.5567149208193525,209.15906388998465,495.3589676884112,495.3589676884112,0.8843526058222847,0.8843526058222847,735.8419479516675,1.3136811617262,0.3632585449324459,0.4172730180816215,0.8525175302510407,1.3136811617261996,2.724686829483311,1.3682142245959334,1.2219166739070793,2.050734149335809,0.8843526058222846,1.3136811617261996,2.724686829483311,1.1207640900257396,1.485938944905366,0.0523706459265795,1.1207640900257396,1.485938944905366,0.0523706459265795,1.3258266910311516,0.0467276266188871,1.313681161726199,0.6061322766583535,1.0981321279815344,1.313681161726199,1.313681161726199,0.6061322766583535,1.0981321279815344,1.313681161726199,12538,12538,1.0,209.15906388998465,1006.14763,0.4658196120002056,152.86333814056033,0.1519293328162591,0.7308473049055371,0.1519293328162591,0.7308473049055371,23369.064003441716,152.8694344970299,120.97332750986416,101.73225046412772,201.39115147560773,508.35537842149046,598.7401499790983,2.4304726219700417,2.862606758911624,120.97332750986416,101.73225046412772,508.35537842149046,598.7401499790983,0.5783795607992144,0.4863870040919564,2.4304726219700417,2.862606758911624,105.66080852635066,89.34003746441181,133.07417531599924,0.6362343225345223,0.6362343225345223,17712.221266025117,444.95944104992344,524.3795762154805,2.1273734581445973,2.5070851172450186,129.86050811526863,109.97297262111611,162.55865847517444,0.7772011188608039,0.7772011188608039,26429.405258188955,545.2820944196793,630.1366241733758,2.6070211076603957,3.0127148805027195,139.1108360371799,118.37009568400276,177.07772553176684,0.8466175084093308,0.8466175084093308,31384.31337238113,586.6186883990852,674.4355319101059,2.8046534416870412,3.224510185534448,Non-monotonic: U-shaped / inverted-U,,,2.3683361288562876,2.3683361288562876,2.3683361288562876,3.5180973478572852
HW_T,HW,LPJ-GUESS,P,T,Piecewise linear,12538,300,0.9268395546846092,8.248745355081426e-129,0.8595504394493272,7.112294962059687e-89,0.6733110367892977,9.546398737297476e-68,0.9268395546846092,0.8595504394493272,-0.0672891152352819,570.7006213029214,570.7006213029214,0.928031557524292,0.928031557524292,0.6187290969899666,0.3812709030100334,0.0,positive,0.6187290969899666,1,1.6212609477003763,1.3558714598628734,-0.1887593359669882,1.6212609477003763,1.3558714598628734,0.1887593359669882,False,True,False,True,1,0.6187290969899666,1.0,peak,2378.4921308876815,1.621099954889514,-0.188759335966988,0.0,0.0,True,,,,,614.9582055435467,2.940146097933426,2.940146097933426,0.6112007693578194,0.6112007693578194,209.15906388998465,570.7006213029214,570.7006213029214,0.928031557524292,0.928031557524292,659.215789784172,1.071968442475708,0.2813002848814572,0.2306935256201676,0.6078497435215594,1.071968442475708,1.6212609477004516,1.621260947700352,0.8783254901136535,1.8100202836673505,0.928031557524292,1.071968442475708,1.6212609477004516,1.6212609477003763,1.3558714598628734,-0.1887593359669882,1.6212609477003763,1.3558714598628734,0.1887593359669882,0.8363067412350024,0.1164274858003134,1.0719684424757112,0.5422277417058116,1.008838229777719,1.0719684424757112,1.0719684424757112,0.5422277417058116,1.008838229777719,1.0719684424757112,12538,12538,1.0,209.15906388998465,1006.14763,0.4536206018850566,154.59894549656815,0.1536543354940548,0.7391453309328516,0.1536543354940548,0.7391453309328516,23902.74037130698,154.60511107756747,122.70660559635756,102.99078133510405,204.529595202181,513.411034190523,597.1000812112267,2.454643966376573,2.854765507677423,122.70660559635756,102.99078133510405,513.411034190523,597.1000812112267,0.5866664504718756,0.4924041034591551,2.454643966376573,2.854765507677423,108.98740476093352,91.10197385662455,137.39816868922895,0.6569075522421485,0.6569075522421485,18832.268283318,451.5902648646875,531.7452155944784,2.1590757601698725,2.542300609425994,130.5013435541615,111.04195640609204,162.83453245579813,0.7785200862318226,0.7785200862318226,26493.94067316859,544.0758208773792,630.0478868036392,2.6012538532088527,3.012290622676708,139.9118961245186,117.58528629365968,177.65969784217515,0.8493999472842457,0.8493999472842457,31581.952885879746,598.8766162968005,675.8390797831571,2.8632592112374486,3.2312206184793455,Non-monotonic: U-shaped / inverted-U,2371.863003995686,,2.728548362614128,2.728548362614128,2.728548362614128,3.1517438332527257
HW_T,HW,LPJ-GUESS,P,T,Symbolic regression,12538,300,0.9875661350004205,1.6447405989842044e-241,0.9992862142912698,0.0,0.9973244147157192,2.432615899046787e-146,0.9875661350004205,0.9992862142912698,0.0117200792908495,812.376968852235,812.376968852235,0.6840490125066783,0.6840490125066783,0.9933110367892976,0.0066889632107023,0.0,positive,0.9933110367892976,1,0.4965416407011529,0.8675569875532275,0.6898834890161203,0.4965416407011529,0.8675569875532275,0.6898834890161203,True,False,False,False,0,,,,,,,,,,,,,,1187.6005286160746,5.67797783432775,5.67797783432775,1.180344209145605,1.180344209145605,209.15906388998465,812.376968852235,812.376968852235,0.6840490125066783,0.6840490125066783,1562.8240883799142,1.3159509874933215,0.5467268274321468,0.5617205076907904,0.5625384039335929,1.3159509874933215,89.29129182805161,0.8551442991211852,5.240640648294168,0.4171023145647847,0.6840490125066783,1.3159509874933215,89.29129182805161,0.4965416407011529,0.8675569875532275,0.6898834890161203,0.4965416407011529,0.8675569875532275,0.6898834890161203,1.7471988579410458,1.3893769071249586,1.3159509874933228,0.7979694133482327,1.085220723608331,1.3159509874933228,1.3159509874933228,0.7979694133482327,1.085220723608331,1.3159509874933228,12538,12538,1.0,209.15906388998465,1006.14763,0.3946173766482451,162.73251825458368,0.1617382115729713,0.7780323512070181,0.1617382115729713,0.7780323512070181,26358.668912166588,162.35353064275068,125.36384160328603,102.31220020962915,204.69076259583545,530.3005728781148,630.6948495518993,2.5353936999691635,3.0153837841024083,125.36384160328603,102.31220020962915,530.3005728781148,630.6948495518993,0.5993708294144309,0.4891597729823664,2.5353936999691635,3.0153837841024083,106.00101989637308,87.79988836285054,134.7765650139034,0.6443735332684142,0.6443735332684142,18004.523936628124,448.607102490852,528.6632964959978,2.1448131108810773,2.527565799271643,129.6823322879506,109.52095175596564,163.1702654334826,0.7801252424772198,0.7801252424772198,26609.379024439066,545.6191714078847,631.6323540495555,2.6086326896876644,3.019866040239055,187.7044634766087,134.70115168562836,251.02045858955867,1.2001414326543012,1.2001414326543012,38200.06091243096,663.1466837532748,772.6666892641459,3.170537634946017,3.694158287448446,Monotonic nonlinear,,"mul(sub(sub(log(X0), div(-0.822, 0.104)), sqrt(sqrt(0.714))), add(sqrt(add(X0, X0)), div(div(div(-0.822, 0.104), add(-0.822, log(sqrt(sub(sqrt(sqrt(X0)), div(-0.822, 0.104)))))), sub(sub(log(mul(sub(log(X0), log(X0)), sqrt(add(X0, X0)))), sqrt(sub(X0, 0.642))), sub(log(sqrt(X0)), add(sqrt(-0.093), log(X0)))))))",3.8840151306067057,3.8840151306067057,3.8840151306067057,7.471940538048795
HW_T,HW,CLASSIC,LAI,T,Equal-width bins,12340,10,0.9826972402788012,3.840550335281128e-07,0.9878787878787878,9.307459988955517e-08,0.9555555555555554,5.5114638447971785e-06,0.9826972402788012,0.9878787878787878,0.0051815475999866,318.65449,318.65449,0.9990820739453914,0.9990820739453914,0.8888888888888888,0.0,0.1111111111111111,positive,0.8888888888888888,0,1.5429807161907734,0.9151139181786484,0.5023846439047662,1.5429807161907734,0.9151139181786484,0.5023846439047662,True,False,False,False,0,,,,,,,,,,,,,,318.94726,2.4207363413237184,2.4207363413237184,0.5143031481984389,0.5143031481984389,131.75629850939976,318.65449,318.65449,0.9990820739453914,0.9990820739453914,319.24003,1.0009179260546086,0.5125501107048245,0.4733034045279494,0.8912208754765453,0.9896857651752224,2.3361943775976317,0.9377798365503291,0.6238550437870677,0.5248041100898868,0.986826426091396,0.9896857651752224,2.3361943775976317,1.5429807161907734,0.9151139181786484,0.5023846439047662,1.5429807161907734,0.9151139181786484,0.5023846439047662,0.593081889213646,0.3255935985674701,1.0009179260546086,0.4974793324764726,0.8182973730515821,1.0009179260546086,1.0009179260546086,0.4974793324764726,0.8182973730515821,1.0009179260546086,12340,11712,0.9491085899513776,131.75629850939976,620.1542049999999,0.5675178014075309,81.99573363863053,0.1322182982515301,0.6223287582170562,0.1322182982515301,0.6223287582170562,6651.5398414711635,81.55697297883954,62.684880355949936,49.14502574935781,99.53153522133466,278.9100137061804,333.6599282740952,2.1168628510483116,2.532402109416357,62.684880355949936,49.14502574935781,278.9100137061804,333.6599282740952,0.4757638235524495,0.3729994414335472,2.1168628510483116,2.532402109416357,38.7316639748032,31.130714050943084,50.414106512147384,0.3826314725178071,0.3826314725178071,2541.512103220116,165.62063779214253,204.4601177988328,1.257022545911358,1.5518052655694956,69.00409914482267,56.51851649886152,88.9168678372782,0.674858574832646,0.674858574832646,7839.440200397783,293.56186609561075,352.7757811204241,2.2280670405648006,2.677487035621726,77.49183225871145,63.52148907874209,96.15536915478452,0.7297971348817499,0.7297971348817499,9024.158213826528,311.04505109703587,364.8024267300393,2.360760393362487,2.768766509511601,Monotonic nonlinear,,,2.4185142843646794,2.4185142843646794,2.4185142843646794,2.4229583982827565
HW_T,HW,CLASSIC,LAI,T,Equal-count bins,12340,10,0.9826380808041404,3.89306673309545e-07,0.9878787878787878,9.307459988955517e-08,0.9555555555555554,5.5114638447971785e-06,0.9826380808041404,0.9878787878787878,0.0052407070746475,286.58876499999997,286.58876499999997,0.9349059125966692,0.9349059125966692,0.8888888888888888,0.1111111111111111,0.0,positive,0.8888888888888888,1,1.3694406321228767,1.002713050440395,0.3455334475384823,1.3694406321228767,1.002713050440395,0.3455334475384823,True,False,False,True,1,0.9088267333732544,0.9956704550667118,peak,5.7832901625,1.0228855327651958,,4.507338916397384e-06,,,,,,,306.542895,2.3265900641412647,2.3265900641412647,0.494301082744412,0.494301082744412,131.75629850939976,286.58876499999997,286.58876499999997,0.9349059125966692,0.9349059125966692,326.497025,1.0650940874033306,0.6145939433178004,0.5773004665476893,0.9239492052669468,1.0730512539950148,2.08664800702389,0.9341002313097618,0.7192812316802074,0.3158010170395149,0.9058957100339184,1.0730512539950148,2.08664800702389,1.3694406321228767,1.002713050440395,0.3455334475384823,1.3694406321228767,1.002713050440395,0.3455334475384823,0.7322062942487775,0.2523172158276361,1.0650940874033306,0.4766564235651261,0.8163501554978138,1.0650940874033306,1.0650940874033306,0.4766564235651261,0.8163501554978138,1.0650940874033306,12340,11106,0.9,131.75629850939976,620.1542049999999,0.5438990524838998,82.02310670872792,0.1322624373864044,0.6225365135229284,0.1322624373864044,0.6225365135229284,6675.9377901361295,81.70641217270607,62.92108686570046,49.81431201666015,99.97421222741588,277.1475022256423,335.2318535551244,2.103485794311913,2.5443326607358228,62.92108686570046,49.81431201666015,277.1475022256423,335.2318535551244,0.4775565766308435,0.3780791702577035,2.103485794311913,2.5443326607358228,40.36674658312805,32.56104486813564,52.84498158207853,0.4010812551652585,0.4010812551652585,2793.178475333844,172.8069963629086,215.35092921953677,1.3115653545062227,1.6344640192223767,69.50864030353198,57.056175922509254,89.52556455589477,0.6794784429186727,0.6794784429186727,7934.401297514429,295.19623703914164,353.6261750981112,2.240471540099328,2.6839413303105415,76.82327556862207,66.10969321772905,95.10805240994108,0.7218482416850522,0.7218482416850522,8914.616566811943,313.5673528532341,366.6885648091965,2.3799040835293623,2.78308186369577,Non-monotonic: U-shaped / inverted-U,,,2.1751428071543324,2.1751428071543324,2.1751428071543324,2.478037321128197
HW_T,HW,CLASSIC,LAI,T,LOWESS,12340,12333,0.9915096049980254,0.0,0.9977371230825848,0.0,0.9824458528509818,0.0,0.9915096049980254,0.9977371230825848,0.0062275180845593,463.73956202095167,463.73956202095167,1.0,1.0,0.946723970158936,0.0495458968537139,0.0037301329873499,positive,0.946723970158936,128,1.2223444168740962,0.8294611962035885,0.6588651529989306,1.2223444168740962,0.8294611962035885,0.6588651529989306,True,False,True,True,128,0.8810850269143384,0.8237412093700379,valley,6.120372099999999,0.8409069007475846,1.4604321108473188,0.0,0.0,False,,,,,463.73956202095167,3.5196766095236622,3.5196766095236622,0.7477810491036688,0.7477810491036688,131.75629850939976,463.73956202095167,463.73956202095167,1.0,1.0,475.60036110029824,1.0255764227396478,0.6354094484315982,0.5694755207276688,1.7195405404467348,0.9296188423296966,1.9534468753435592,0.852047633570697,0.4974071939783598,0.5170801006560493,0.8917260814565098,0.9296188423296966,1.9534468753435592,1.2223444168740962,0.8294611962035885,0.6588651529989306,1.2223444168740962,0.8294611962035885,0.6588651529989306,0.678582226705605,0.5390175992163058,1.025576422739647,0.4443879803689766,0.7095168822485907,1.025576422739647,1.025576422739647,0.4443879803689766,0.7095168822485907,1.025576422739647,12340,12340,1.0,131.75629850939976,620.1542049999999,0.617655413828638,81.46691305640505,0.1313655739162569,0.6183151316336731,0.1313655739162569,0.6183151316336731,6619.353997617017,81.35941247094289,62.83321238284699,49.84094174418959,99.65253960494404,275.7856347146576,331.4630988131187,2.093149533151028,2.5157286791072946,62.83321238284699,49.84094174418959,275.7856347146576,331.4630988131187,0.4768896295182757,0.3782812837644634,2.093149533151028,2.5157286791072946,36.643493995547615,28.72155547884915,47.635547392327574,0.3615428479036177,0.3615428479036177,2269.721956909581,155.8363681092757,193.8004684620585,1.1827621895294669,1.470900978963312,69.62846964317033,57.10316342369947,89.38193397700113,0.6783883198617973,0.6783883198617973,7927.1439309003745,295.3057909813011,353.60924342005467,2.2413030293214664,2.683812822768602,79.46223087356908,69.54862221490248,95.90041023657898,0.7278620553364836,0.7278620553364836,9180.887294641445,314.85009602998184,364.56905206431475,2.3896398091930293,2.7669952494780023,Non-monotonic: U-shaped / inverted-U,,,3.5196766095236622,3.5196766095236622,3.5196766095236622,3.6096973463956865
HW_T,HW,CLASSIC,LAI,T,Polynomial degree 3,12340,300,0.9938601006712948,5.723457096037121e-287,1.0,0.0,1.0,0.0,0.9938601006712948,1.0,0.0061398993287051,422.90655970935336,422.90655970935336,1.0,1.0,1.0,0.0,0.0,positive,1.0,0,1.315578624816225,0.8518873670823528,0.8310528817722465,1.315578624816225,0.8518873670823528,0.8310528817722465,True,False,False,False,0,,,,,,,,,,,,,,422.90655970935336,3.209763514107695,3.209763514107695,0.6819377443540086,0.6819377443540086,131.75629850939976,422.90655970935336,422.90655970935336,1.0,1.0,422.90655970935336,1.0,0.5989817316638646,0.5835017941217095,0.8008617355087326,1.0,1.69215386511859,0.8912798643155543,0.2574918387481342,0.3403032551961797,1.0,1.0,1.69215386511859,1.315578624816225,0.8518873670823528,0.8310528817722465,1.315578624816225,0.8518873670823528,0.8310528817722465,0.6475381638260916,0.6317014172287404,1.0,0.439992851109105,0.7220558923838639,1.0,1.0,0.439992851109105,0.7220558923838639,1.0,12340,12340,1.0,131.75629850939976,620.1542049999999,0.6140844281947365,81.84646735141254,0.1319776060397954,0.6211958614302864,0.1319776060397954,0.6211958614302864,6699.387117929416,81.84978386000427,63.99647965309797,51.332129705970345,102.35357770171694,277.01505748676914,330.6746664954063,2.1024805692079025,2.5097446591656896,63.99647965309797,51.332129705970345,277.01505748676914,330.6746664954063,0.4857185605326665,0.3895990574014813,2.1024805692079025,2.5097446591656896,37.62337583364312,31.826359682422236,48.167212225006274,0.3655780616937256,0.3655780616937256,2316.591597679143,156.3170309053878,193.15289219522515,1.1864103095931755,1.4659860240491291,70.76121052104752,60.05221323921677,89.30458288146528,0.6778012428384523,0.6778012428384523,7957.213786191887,293.85260675082753,351.92061774867767,2.2302736952637106,2.6709965423290254,80.81798127757119,71.57578020675737,96.65654527434818,0.7336009463521207,0.7336009463521207,9338.110809402286,318.0063184976424,362.8277883946555,2.4135948117497787,2.753779458738898,Monotonic nonlinear,,,3.209763514107695,3.209763514107695,3.209763514107695,3.209763514107695
HW_T,HW,CLASSIC,LAI,T,GAM,12340,300,0.9897868434207088,3.5967571451855235e-254,1.0,0.0,1.0,0.0,0.9897868434207088,1.0,0.0102131565792912,498.13347171381815,498.13347171381815,1.0,1.0,1.0,0.0,0.0,positive,1.0,0,1.3125721803417338,0.7544241544566117,0.93054790674622,1.3125721803417338,0.7544241544566117,0.93054790674622,True,False,False,False,0,,,,,,,,,,,,,,498.13347171381815,3.78071847303968,3.78071847303968,0.8032413030462612,0.8032413030462612,131.75629850939976,498.13347171381815,498.13347171381815,1.0,1.0,498.13347171381815,1.0,0.713298083584144,0.5883524094427713,2.498121680974333,0.9999999999999996,2.749984549416216,0.8876162466735862,0.5608828387256637,0.4410852581935471,0.9999999999999996,0.9999999999999996,2.749984549416216,1.3125721803417338,0.7544241544566117,0.93054790674622,1.3125721803417338,0.7544241544566117,0.93054790674622,0.574767746685134,0.7089498929528949,1.0,0.4389873512848607,0.6887799642989227,1.0,1.0,0.4389873512848607,0.6887799642989227,1.0,12340,12340,1.0,131.75629850939976,620.1542049999999,0.6182579032244384,81.40270095012205,0.1312620317556696,0.6178277765166166,0.1312620317556696,0.6178277765166166,6626.936750880106,81.40599947718907,63.19812503750787,50.65047830930678,100.80768511765476,274.6880740803504,331.3789585542914,2.0848193003900577,2.515090073896165,63.19812503750787,50.65047830930678,274.6880740803504,331.3789585542914,0.4796592326324285,0.3844254800896161,2.0848193003900577,2.515090073896165,36.56165848411292,28.88151349166452,47.61663300762936,0.3613992920743162,0.3613992920743162,2267.8595193270453,157.6437794724976,192.24702677604895,1.1964800260478703,1.4591107138785755,70.06793978538371,58.51943727107147,89.0179673343882,0.6756258967614932,0.6756258967614932,7925.827504764379,294.4411096552336,351.18705151723907,2.234740296944723,2.6654289433623144,80.15106773170338,71.46370165553577,96.08215724729163,0.7292414733435832,0.7292414733435832,9233.859624830004,313.25076539767855,366.0380200760761,2.377501257560986,2.778144378805255,Monotonic nonlinear,,,3.78071847303968,3.78071847303968,3.78071847303968,3.78071847303968
HW_T,HW,CLASSIC,LAI,T,Piecewise linear,12340,300,0.9916725895671892,2.5558446422561477e-267,1.0,0.0,1.0,0.0,0.9916725895671892,1.0,0.0083274104328107,445.11044293320623,445.11044293320623,1.0,1.0,1.0,0.0,0.0,positive,1.0,0,1.369727973629941,0.8142070484271653,0.8142070484271652,1.369727973629941,0.8142070484271653,0.8142070484271652,True,False,False,False,0,,,,,,,,,,,,,,445.11044293320623,3.378285880590757,3.378285880590757,0.7177415541884559,0.7177415541884559,131.75629850939976,445.11044293320623,445.11044293320623,1.0,1.0,445.11044293320623,1.0,0.6243617389350415,0.6300347446114034,0.8763171272415887,1.0,1.903617232959451,0.8142070484271722,0.4097040399043737,4.4519943287468784e-14,1.0,1.0,1.903617232959451,1.369727973629941,0.8142070484271653,0.8142070484271652,1.369727973629941,0.8142070484271653,0.8142070484271652,0.5944297437902363,0.5944297437902362,1.0,0.4581030012140271,0.7276899503588076,1.0,1.0,0.4581030012140271,0.7276899503588076,1.0,12340,12340,1.0,131.75629850939976,620.1542049999999,0.6150147699276455,81.74775258479464,0.1318184282646195,0.6204466390573548,0.1318184282646195,0.6204466390573548,6683.236643963919,81.75106509375837,63.58380573611862,51.388910619276714,102.30833528157508,275.8503359374088,331.8174031917677,2.093640600549575,2.518417767846561,63.58380573611862,51.388910619276714,275.8503359374088,331.8174031917677,0.4825864604232368,0.3900300114731178,2.093640600549575,2.518417767846561,36.60308884564342,28.21497311940917,47.72504312630079,0.3622220999392753,0.3622220999392753,2276.3230715021245,157.2066654617372,196.37521712579104,1.1931624312481863,1.490442729094892,70.16680753003486,58.8578562389763,89.12419541963527,0.6764321434946579,0.6764321434946579,7944.5248190761695,294.572561340931,351.1810995626706,2.235737985003545,2.665383769396168,81.12151956039055,72.06062901560574,96.77422835483748,0.7344941338643739,0.7344941338643739,9367.11081391631,318.36970726228594,361.5157697401044,2.416352848889215,2.7438215389324494,Linear,1.6997301091469377,,3.378285880590757,3.378285880590757,3.378285880590757,3.378285880590757
HW_T,HW,CLASSIC,LAI,T,Symbolic regression,12340,300,0.9804200696932364,2.3425972438037554e-212,0.9999986666518516,0.0,0.9999108138238574,4.3307279996479344e-147,0.9804200696932364,0.9999986666518516,0.0195785969586151,545.1215238433331,545.1215238433331,0.9797859850740188,0.9797859850740188,0.9966555183946488,0.0033444816053511,0.0,positive,0.9966555183946488,1,1.3484667302166138,0.6448530398149888,0.9426888557378632,1.3484667302166138,0.6448530398149888,0.9426888557378632,True,False,False,False,0,,,,,,,,,,,,,,556.3679539692042,4.222704798659108,4.222704798659108,0.8971445319300936,0.8971445319300936,131.75629850939976,545.1215238433331,545.1215238433331,0.9797859850740188,0.9797859850740188,567.6143840950754,1.0202140149259813,0.8579138076867627,0.7514421623311308,9.789834471001232,1.0202140149259813,8.221582853640994,0.793484525531358,1.0646068647200513,0.4267706178961468,0.9797859850740188,1.0202140149259813,8.221582853640994,1.3484667302166138,0.6448530398149888,0.9426888557378632,1.3484667302166138,0.6448530398149888,0.9426888557378632,0.4782120502976009,0.699082027471625,1.020214014925981,0.491420247315713,0.7049334611674987,1.020214014925981,1.020214014925981,0.491420247315713,0.7049334611674987,1.020214014925981,12340,12340,1.0,131.75629850939976,620.1542049999999,0.5901095873535961,84.35050128591736,0.1360153661877006,0.6402009030323482,0.1360153661877006,0.6402009030323482,7030.919312654869,83.85057729470245,65.0662921899624,52.70470447045393,106.25263477827944,281.26990092993606,337.2589924378484,2.134773852271432,2.5597181785870196,65.0662921899624,52.70470447045393,281.26990092993606,337.2589924378484,0.4938381916164747,0.4000165841536135,2.134773852271432,2.5597181785870196,38.88109551859976,31.262607589346885,50.285651638285266,0.3816565295715088,0.3816565295715088,2525.794659318814,165.46464053963575,202.8135516861365,1.255838562646257,1.539308207506052,71.35399109060324,56.7672553166322,92.87892638834424,0.7049296879095163,0.7049296879095163,7930.019731033999,294.6561145844182,350.73668154838356,2.2363721349032653,2.662010738889734,82.18544015522679,72.80824238111762,98.56008892917346,0.7480484048520989,0.7480484048520989,9711.234198224782,323.49980108576943,369.87553423528567,2.4552890810202164,2.807270228594787,Monotonic nonlinear,,"sub(sub(mul(div(mul(sub(-0.566, X0), div(-0.392, -0.116)), div(log(-0.635), sqrt(X0))), div(-0.392, -0.116)), div(log(mul(X0, X0)), mul(log(sub(X0, X0)), sub(add(div(X0, -0.868), sqrt(X0)), mul(X0, X0))))), div(div(div(sqrt(sub(0.669, X0)), add(sub(X0, X0), sub(-0.921, -0.904))), sub(mul(div(X0, 0.783), log(0.717)), mul(log(sub(X0, 0.182)), div(-0.365, X0)))), add(log(sqrt(mul(-0.432, 0.884))), log(log(sub(X0, X0))))))",4.137346980831,4.137346980831,4.137346980831,4.308062616487216
HW_T,HW,LPJ-GUESS,LAI,T,Equal-width bins,12538,10,0.993011091202421,1.0350672859074789e-08,1.0,6.646897422032013e-64,1.0,5.511463844797178e-07,0.993011091202421,1.0,0.0069889087975788,737.9480000000001,737.9480000000001,1.0,1.0,1.0,0.0,0.0,positive,1.0,0,1.361925328788309,0.7571411293179136,0.9247660683059934,1.361925328788309,0.7571411293179136,0.9247660683059934,True,False,False,False,0,,,,,,,,,,,,,,737.9480000000001,3.5281664885828357,3.5281664885828357,0.7334390878602974,0.7334390878602974,209.15906388998465,737.9480000000001,737.9480000000001,1.0,1.0,737.9480000000001,1.0,0.6139619165267286,0.6107947529782816,0.7532690681425548,1.0146108421374054,1.6141838695228838,0.9836512797921708,0.3036626189790348,0.3501503158844118,1.0146108421374054,1.0146108421374054,1.6141838695228838,1.361925328788309,0.7571411293179136,0.9247660683059934,1.361925328788309,0.7571411293179136,0.9247660683059934,0.5559343917860271,0.679013782002827,1.0,0.4342988733623505,0.7020046466688709,1.0,1.0,0.4342988733623505,0.7020046466688709,1.0,12538,12080,0.9634710480140374,209.15906388998465,1006.14763,0.7943000121799326,90.4466446194424,0.0898940095097599,0.4324299551609024,0.0898940095097599,0.4324299551609024,8158.143302114811,90.32244074489358,72.26142908789926,61.03902282168917,122.27977489171684,293.71891205848897,347.58600733684193,1.4042848853683043,1.661826176080365,72.26142908789926,61.03902282168917,293.71891205848897,347.58600733684193,0.3454855254367937,0.2918306368678099,1.4042848853683043,1.661826176080365,69.40027303662762,61.23576893966367,84.7666274560329,0.4052735075378765,0.4052735075378765,7166.537872524883,270.75054153198835,317.45232679671506,1.2944719511385847,1.5177555344371376,74.53726391551643,62.86227757052808,93.72056566154252,0.4480827362606599,0.4480827362606599,8729.44855827639,306.42580266816606,353.3472730223081,1.4650371682163514,1.6893710769721406,74.98024281404973,58.02942647299665,96.79667530058934,0.4627897710973851,0.4627897710973851,9369.07349879957,323.59690306375467,397.6021179710227,1.5471330624904835,1.9009557155990957,Monotonic nonlinear,,,3.5281664885828357,3.5281664885828357,3.5281664885828357,3.5281664885828357
HW_T,HW,LPJ-GUESS,LAI,T,Equal-count bins,12538,10,0.989011568897801,6.294809525052164e-08,1.0,6.646897422032013e-64,1.0,5.511463844797178e-07,0.989011568897801,1.0,0.0109884311021989,636.5009400000001,636.5009400000001,1.0,1.0,1.0,0.0,0.0,positive,1.0,0,1.2791190453804784,0.8049502169502483,0.903676343255406,1.2791190453804784,0.8049502169502483,0.903676343255406,True,False,False,False,0,,,,,,,,,,,,,,636.5009400000001,3.04314299443792,3.04314299443792,0.632611876251202,0.632611876251202,209.15906388998465,636.5009400000001,636.5009400000001,1.0,1.0,636.50094,1.0,0.617459636370115,0.6093470223865771,0.7876490530739625,1.0486006272431811,1.682195303216718,1.094051749213237,0.3135572505067796,0.2300655956669897,1.0486006272431811,1.0486006272431811,1.682195303216718,1.2791190453804784,0.8049502169502483,0.903676343255406,1.2791190453804784,0.8049502169502483,0.903676343255406,0.6293004703958677,0.706483377383068,1.0,0.4553036323874086,0.6379812102084247,1.0,1.0,0.4553036323874086,0.6379812102084247,1.0,12538,11285,0.9000638060296698,209.15906388998465,1006.14763,0.7577669776514135,91.08946476370514,0.0905329019795088,0.4355033105886207,0.0905329019795088,0.4355033105886207,8238.821616147578,90.76795478662928,72.62550207822106,61.050965736355465,123.66864488789952,295.7997904006442,350.0120457596662,1.4142336693390043,1.673425187749782,72.62550207822106,61.050965736355465,295.7997904006442,350.0120457596662,0.3472261767074138,0.2918877365432635,1.4142336693390043,1.673425187749782,68.43839381560876,59.57725945707773,84.43629134921557,0.4036941540034245,0.4036941540034245,7069.426244868222,269.3869943221843,316.9594052046913,1.287952763375719,1.515398851523874,77.06751661025767,67.60370104650724,95.21387705264566,0.4552223330982543,0.4552223330982543,8979.285956975276,306.832679571032,345.050054514203,1.466982467144826,1.6497016581394508,74.44300044356838,57.944162004508144,96.33882108610108,0.4606007470791428,0.4606007470791428,9251.614566229924,328.15269783387623,397.1499752975679,1.5689145463305425,1.898793998745684,Monotonic nonlinear,,,3.04314299443792,3.04314299443792,3.04314299443792,3.0431429944379196
HW_T,HW,LPJ-GUESS,LAI,T,LOWESS,12538,12535,0.990527844348586,0.0,1.0,0.0,0.9999999999999998,0.0,0.990527844348586,1.0,0.0094721556514137,863.4225181031212,863.4225181031212,1.0,1.0,1.0,0.0,0.0,positive,1.0,0,1.2965438764229864,0.8399400666040447,0.9224073166159026,1.2965438764229864,0.8399400666040447,0.9224073166159026,True,False,False,False,0,,,,,,,,,,,,,,863.4225181031212,4.128066467907276,4.128066467907276,0.8581469481800809,0.8581469481800809,209.15906388998465,863.4225181031212,863.4225181031212,1.0,1.0,863.4225181031212,1.0,0.615369467368833,0.6506064990304495,0.7766380246601403,1.0544576213494326,1.594138335172828,1.007446959636047,0.2906991875133295,0.3656260961482361,1.0544576213494326,1.0544576213494326,1.594138335172828,1.2965438764229864,0.8399400666040447,0.9224073166159026,1.2965438764229864,0.8399400666040447,0.9224073166159026,0.6478300363589249,0.7114354811969164,1.0,0.4519262581196623,0.7102794675373255,1.0,1.0,0.4519262581196623,0.7102794675373255,1.0,12538,12538,1.0,209.15906388998465,1006.14763,0.8168338575280094,89.51214599853407,0.088965220738565,0.4279620702721086,0.088965220738565,0.4279620702721086,7996.120944461902,89.42103189105963,71.43370935633608,60.12086866488744,120.20474184200408,289.95316937153694,345.72695191532546,1.386280680258012,1.6529379386454608,71.43370935633608,60.12086866488744,289.95316937153694,345.72695191532546,0.3415281557863034,0.2874408956836331,1.386280680258012,1.6529379386454608,66.13228444548376,57.828410149935735,81.19933925648863,0.3882181233092465,0.3882181233092465,6578.724609852259,257.8003263709412,305.9649307648414,1.2325563213772142,1.4628337164760672,75.47731526910984,64.42017269786265,94.01491021115676,0.4494900123506364,0.4494900123506364,8811.629244530403,307.79256046767284,352.7457745219178,1.4715717059699995,1.6864952824012358,75.47656353735887,58.2510586576459,97.6970402607786,0.4670944612381998,0.4670944612381998,9543.761159124835,322.165847010094,404.4484863776322,1.5402911115511095,1.93368854715456,Monotonic nonlinear,,,4.128066467907276,4.128066467907276,4.128066467907276,4.128066467907276
HW_T,HW,LPJ-GUESS,LAI,T,Polynomial degree 3,12538,300,0.9933344229005686,1.1392606991108452e-281,1.0,0.0,1.0,0.0,0.9933344229005686,1.0,0.0066655770994313,920.8683816622996,920.8683816622996,1.0,1.0,1.0,0.0,0.0,positive,1.0,0,1.3113358975451053,0.7567226843986037,0.9295086449002774,1.3113358975451053,0.7567226843986037,0.9295086449002774,True,False,False,False,0,,,,,,,,,,,,,,920.8683816622996,4.4027180296937365,4.4027180296937365,0.9152418136315636,0.9152418136315636,209.15906388998465,920.8683816622996,920.8683816622996,1.0,1.0,920.8683816622996,1.0,0.6510222936617605,0.6146698580647675,1.0629575664011792,1.0,1.826883271945534,0.9071011273339816,0.2952091166558823,0.4084733185701888,1.0,1.0,1.826883271945534,1.3113358975451053,0.7567226843986037,0.9295086449002774,1.3113358975451053,0.7567226843986037,0.9295086449002774,0.5770624336718236,0.7088257452879693,1.0,0.4385738787776272,0.689127543511613,1.0,1.0,0.4385738787776272,0.689127543511613,1.0,12538,12538,1.0,209.15906388998465,1006.14763,0.8143667393181291,90.11296222771388,0.0895623659399902,0.4308346028700544,0.0895623659399902,0.4308346028700544,8120.9936710765,90.11655603204386,71.88333482760426,60.721898690849,120.938178693753,296.18607280324227,351.77024493444276,1.4160805049263028,1.681831226398441,71.88333482760426,60.721898690849,296.18607280324227,351.77024493444276,0.3436778377695078,0.2903144504547412,1.4160805049263028,1.681831226398441,66.2253671286193,58.09114562704451,81.24196952220366,0.3884219407528809,0.3884219407528809,6600.057051893833,258.99062546562976,311.6318204384012,1.238247201191606,1.4899274009101324,76.35647292159778,65.40365446904019,95.08713700454464,0.454616382556385,0.454616382556385,9037.807676593562,312.6534368539086,361.3876600638059,1.494811800354781,1.727812571650693,75.921049697254,60.154438014233165,98.48021286873052,0.4708388488510832,0.4708388488510832,9656.885229719244,324.683927717827,409.48340610751177,1.5523301820121318,1.9577607515153896,Monotonic nonlinear,,,4.4027180296937365,4.4027180296937365,4.4027180296937365,4.4027180296937365
HW_T,HW,LPJ-GUESS,LAI,T,GAM,12538,300,0.9913902551110144,3.597908887649054e-265,1.0,0.0,1.0,0.0,0.9913902551110144,1.0,0.0086097448889856,822.8785346847316,822.8785346847316,1.0,1.0,1.0,0.0,0.0,positive,1.0,0,1.4366327037505204,0.8125847038775178,0.7489084394107371,1.4366327037505204,0.8125847038775178,0.7489084394107371,True,False,False,False,0,,,,,,,,,,,,,,822.8785346847316,3.9342236448216106,3.9342236448216106,0.8178506912397453,0.8178506912397453,209.15906388998465,822.8785346847316,822.8785346847316,1.0,1.0,822.8785346847316,1.0,0.5678225698765907,0.641054183298614,0.8248605745648872,1.0,1.8696673075756136,1.0381926231163905,0.409999379745774,0.6007776511692202,1.0,1.0,1.8696673075756136,1.4366327037505204,0.8125847038775178,0.7489084394107371,1.4366327037505204,0.8125847038775178,0.7489084394107371,0.5656175734800952,0.5212942998273756,1.0,0.4804791651339533,0.7495289500298538,1.0,1.0,0.4804791651339533,0.7495289500298538,1.0,12538,12538,1.0,209.15906388998465,1006.14763,0.8174652957008463,89.35772285685329,0.0888117411327135,0.4272237654680576,0.0888117411327135,0.4272237654680576,7985.4395321923985,89.3612865406066,71.78242767854888,61.03114602109872,120.75310304775633,290.35611818945506,344.1544674074522,1.3882071988148654,1.6454198111561336,71.78242767854888,61.03114602109872,290.35611818945506,344.1544674074522,0.3431953956167333,0.2917929774881782,1.3882071988148654,1.6454198111561336,66.51048077882197,58.97864150113344,81.10676410669001,0.3877755168638126,0.3877755168638126,6579.502226659866,257.7946979134712,306.3364986059021,1.2325294114390777,1.4646102010048758,75.95560325648738,65.58948246743904,93.81581100945,0.4485381090574974,0.4485381090574974,8803.346226896254,307.51535943830464,351.611650461379,1.4702463939122157,1.6810729782493328,75.53548462335122,58.97744741251381,97.50784134091836,0.4661898916903089,0.4661898916903089,9511.42278794046,321.05982559980555,402.3969113144377,1.5350031675829237,1.9238798636338037,Monotonic nonlinear,,,3.9342236448216106,3.9342236448216106,3.9342236448216106,3.9342236448216106
HW_T,HW,LPJ-GUESS,LAI,T,Piecewise linear,12538,300,0.993359655073604,6.486505685934303e-282,1.0,0.0,1.0,0.0,0.993359655073604,1.0,0.006640344926396,838.0481611378932,838.0481611378932,1.0,1.0,1.0,0.0,0.0,positive,1.0,0,1.3427464109260694,0.8277656226502162,0.8277656226502164,1.3427464109260694,0.8277656226502162,0.8277656226502164,True,False,False,False,0,,,,,,,,,,,,,,838.0481611378932,4.0067503915522265,4.0067503915522265,0.8329276302503373,0.8329276302503373,209.15906388998465,838.0481611378932,838.0481611378932,1.0,1.0,838.0481611378932,1.0,0.5905412550900996,0.5969774163492698,0.7362899909013114,1.0,1.3933353352918525,0.8277656226502321,0.2601731104261292,0.5655697126415918,1.0,1.0,1.3933353352918525,1.3427464109260694,0.8277656226502162,0.8277656226502164,1.3427464109260694,0.8277656226502162,0.8277656226502164,0.6164720426095351,0.6164720426095353,1.0,0.4490790671993544,0.7231553101504293,1.0,1.0,0.4490790671993544,0.7231553101504293,1.0,12538,12538,1.0,209.15906388998465,1006.14763,0.8148645549978937,89.99205242689646,0.0894421949062251,0.4302565270335656,0.0894421949062251,0.4302565270335656,8099.214350048799,89.99563517220598,72.06351995974266,61.36087684892766,121.50651552674476,293.3603044807174,349.8979096413187,1.4025703645098624,1.672879497229731,72.06351995974266,61.36087684892766,293.3603044807174,349.8979096413187,0.3445393119451294,0.2933694371533561,1.4025703645098624,1.672879497229731,66.62847133230167,59.2067836921637,81.15215712527272,0.3879925431678058,0.3879925431678058,6586.206308600797,257.6839738116913,302.4758602307819,1.2320000339417767,1.446152294838539,76.41379592926297,65.47487854403226,95.17216885422908,0.455022924104731,0.455022924104731,9051.123716929154,312.29947543551236,361.6543047925121,1.4931194930178997,1.72908741350429,75.84831544561408,59.657636402707,97.9526547695544,0.4683165670557619,0.4683165670557619,9553.107025943613,322.38216089656044,402.4972076822118,1.5413253191175589,1.9243593856105652,Monotonic nonlinear,2.9016698140638684,,4.0067503915522265,4.0067503915522265,4.0067503915522265,4.0067503915522265
HW_T,HW,LPJ-GUESS,LAI,T,Symbolic regression,12538,300,0.9967697031695198,0.0,0.9991608795653284,0.0,0.995897435897436,6.291718312557258e-146,0.9967697031695198,0.9991608795653284,0.0023911763958086,818.2186141511933,818.2186141511933,1.0,1.0,0.9866220735785952,0.0133779264214046,0.0,positive,0.9866220735785952,2,1.1729777470399405,0.98266359674912,0.8441852921784414,1.1729777470399405,0.98266359674912,0.8441852921784414,True,False,True,True,2,0.2374581939799331,0.4896290349128335,peak,2.469744371237458,1.3535559479958537,0.9212049390870524,6.170810965239011e-46,2.160715388306877e-265,False,,,,,818.2186141511933,3.9119443304716985,3.9119443304716985,0.8132192431355161,0.8132192431355161,209.15906388998465,818.2186141511933,818.2186141511933,1.0,1.0,1091.788433093046,1.3343480754537096,0.7154388837310164,0.6018151115610092,18.507243803798673,1.334348075453709,43.66270708489203,0.968511609594028,3.623690223993613,0.1521778234475839,1.0000000000000036,1.334348075453709,43.66270708489203,1.1729777470399405,0.98266359674912,0.8441852921784414,1.1729777470399405,0.98266359674912,0.8441852921784414,0.8377512695606661,0.7196942092966205,1.3343480754537085,0.7266483252998404,1.0520118573338295,1.3343480754537085,1.3343480754537085,0.7266483252998404,1.0520118573338295,1.3343480754537085,12538,12538,1.0,209.15906388998465,1006.14763,0.8011368901444759,93.26882014897974,0.0926989413561305,0.4459229182534404,0.0926989413561305,0.4459229182534404,8514.153953085122,92.2721732326985,73.81993107304048,61.73057505031843,124.58324421860672,304.0701464222192,359.958417641286,1.4537746572730728,1.7209792917729836,73.81993107304048,61.73057505031843,304.0701464222192,359.958417641286,0.3529368017819631,0.2951369828409063,1.4537746572730728,1.7209792917729836,68.47607114912738,58.29757914376057,85.75430681616571,0.4099956522145821,0.4099956522145821,7166.185336505463,271.2734656754555,325.86336628179214,1.2969720777586875,1.557969137083118,78.21708333595183,66.61405295482592,97.93338874357585,0.4682244552169525,0.4682244552169525,9503.358777476247,322.26815146812874,374.1755952706045,1.5407802343083643,1.788952332792122,77.33049785364872,61.828778691860634,99.80446694489888,0.4771701741665612,0.4771701741665612,9537.451976727276,321.68975737056144,403.422967869991,1.5380149030489385,1.928785491611241,Linear,,"mul(sqrt(add(sqrt(0.724), add(add(add(X0, 0.230), sub(X0, X0)), add(mul(0.294, 0.144), div(X0, X0))))), mul(mul(sqrt(mul(div(-0.351, -0.563), add(0.764, X0))), sub(add(div(0.639, -0.050), mul(X0, -0.017)), div(sqrt(log(-0.867)), log(div(0.524, 0.270))))), sub(div(sub(log(-0.114), log(log(mul(0.050, X0)))), sqrt(0.045)), sub(sqrt(sub(0.138, X0)), div(div(log(-0.858), sqrt(add(sub(log(div(0.524, 0.270)), add(div(X0, 0.981), div(0.524, 0.270))), add(sqrt(0.724), add(div(0.524, 0.270), div(X0, X0)))))), sqrt(0.509))))))",3.9119443304716985,3.9119443304716985,3.9119443304716985,5.219895388646961
