model,year,climate_zone,input_var,output_var,pawn_median,pawn_max,n_samples
CLASSIC,1991,HW,precipitation,evapotrans,0.2815859354170737,0.4781732427888289,12287
CLASSIC,1991,HW,lai,evapotrans,0.38228597715495494,0.6308495957445217,12287
CLASSIC,1991,HW,precipitation,tran,0.22828406147455826,0.4340318043857577,12287
CLASSIC,1991,HW,lai,tran,0.3965834380068849,0.7030371327253668,12287
CLASSIC,1991,HW,precipitation,evspsblveg,0.3228838266377335,0.5127005508279305,12287
CLASSIC,1991,HW,lai,evspsblveg,0.4400938432341312,0.7586144054162175,12287
CLASSIC,1991,HW,precipitation,evspsblsoi,0.22626484169246103,0.4524111858750075,12287
CLASSIC,1991,HW,lai,evspsblsoi,0.4004102727550206,0.6239378737031333,12287
CLASSIC,1991,HD,precipitation,evapotrans,0.49208780490092985,0.7319659392710727,11062
CLASSIC,1991,HD,lai,evapotrans,0.47585922907642375,0.6982762999449436,11062
CLASSIC,1991,HD,precipitation,tran,0.4326008694137693,0.6623597419728775,11062
CLASSIC,1991,HD,lai,tran,0.6212187888550577,0.7981541012903047,11062
CLASSIC,1991,HD,precipitation,evspsblveg,0.4779650954113477,0.667859429653799,11062
CLASSIC,1991,HD,lai,evspsblveg,0.604587557292564,0.8246464005048656,11062
CLASSIC,1991,HD,precipitation,evspsblsoi,0.4314148864802876,0.73061141436485,11062
CLASSIC,1991,HD,lai,evspsblsoi,0.3745909542238175,0.657133440788856,11062
CLASSIC,1991,CW,precipitation,evapotrans,0.2780706737926415,0.5239646335532304,21182
CLASSIC,1991,CW,lai,evapotrans,0.295568002800318,0.5635334906640037,21182
CLASSIC,1991,CW,precipitation,tran,0.29740624635845675,0.4652101652069808,21182
CLASSIC,1991,CW,lai,tran,0.4320375665942603,0.7786433172778101,21182
CLASSIC,1991,CW,precipitation,evspsblveg,0.3371325485345808,0.5594806768806253,21182
CLASSIC,1991,CW,lai,evspsblveg,0.5511957655710851,0.7670972117020475,21182
CLASSIC,1991,CW,precipitation,evspsblsoi,0.1412142028406359,0.21552194547524328,21182
CLASSIC,1991,CW,lai,evspsblsoi,0.19576494696933427,0.49109787134837923,21182
CLASSIC,1991,CD,precipitation,evapotrans,0.25626776202833534,0.44056106057841066,12583
CLASSIC,1991,CD,lai,evapotrans,0.35714209003567665,0.7260674303396207,12583
CLASSIC,1991,CD,precipitation,tran,0.25031195175997156,0.4428193617256713,12583
CLASSIC,1991,CD,lai,tran,0.4875565197802016,0.7709348133319303,12583
CLASSIC,1991,CD,precipitation,evspsblveg,0.28176754981372937,0.5031149797591806,12583
CLASSIC,1991,CD,lai,evspsblveg,0.5391346135744507,0.8218407691909043,12583
CLASSIC,1991,CD,precipitation,evspsblsoi,0.2474564512140272,0.4101374028766868,12583
CLASSIC,1991,CD,lai,evspsblsoi,0.33539668619444785,0.7245574565654811,12583
CLASSIC,1992,HW,precipitation,evapotrans,0.29104579538143827,0.5595542081999719,12306
CLASSIC,1992,HW,lai,evapotrans,0.3696997308271731,0.7062556448790344,12306
CLASSIC,1992,HW,precipitation,tran,0.2413160422771659,0.540528003550935,12306
CLASSIC,1992,HW,lai,tran,0.4143236840926616,0.7586661971870035,12306
CLASSIC,1992,HW,precipitation,evspsblveg,0.3430319348023111,0.5492218929087315,12306
CLASSIC,1992,HW,lai,evspsblveg,0.420073349483426,0.7719998949083768,12306
CLASSIC,1992,HW,precipitation,evspsblsoi,0.22406331479839242,0.4052490097160902,12306
CLASSIC,1992,HW,lai,evspsblsoi,0.4168924639211161,0.6173678033857194,12306
CLASSIC,1992,HD,precipitation,evapotrans,0.4444433450270395,0.7696457337185815,11174
CLASSIC,1992,HD,lai,evapotrans,0.46443295673435536,0.6816777041942605,11174
CLASSIC,1992,HD,precipitation,tran,0.37692530175749095,0.6749928085606893,11174
CLASSIC,1992,HD,lai,tran,0.6199969586642736,0.790148866538825,11174
CLASSIC,1992,HD,precipitation,evspsblveg,0.4396543907749167,0.6790906504896571,11174
CLASSIC,1992,HD,lai,evspsblveg,0.5843734311602953,0.7974897322656447,11174
CLASSIC,1992,HD,precipitation,evspsblsoi,0.42251215773155454,0.7669962476667774,11174
CLASSIC,1992,HD,lai,evspsblsoi,0.34112540196014707,0.6673588295615941,11174
CLASSIC,1992,CW,precipitation,evapotrans,0.22984244253499211,0.5063919649755344,21175
CLASSIC,1992,CW,lai,evapotrans,0.2561082925628306,0.5528411223080294,21175
CLASSIC,1992,CW,precipitation,tran,0.23695432661559365,0.41610213545517505,21175
CLASSIC,1992,CW,lai,tran,0.3866142990236799,0.7856516974312493,21175
CLASSIC,1992,CW,precipitation,evspsblveg,0.2835718181193734,0.5552787207641702,21175
CLASSIC,1992,CW,lai,evspsblveg,0.5108543365424887,0.7609644660430136,21175
CLASSIC,1992,CW,precipitation,evspsblsoi,0.13213368892992408,0.2855057844550505,21175
CLASSIC,1992,CW,lai,evspsblsoi,0.1953241923008505,0.4448535017219024,21175
CLASSIC,1992,CD,precipitation,evapotrans,0.32118230039084317,0.48165037528625176,12935
CLASSIC,1992,CD,lai,evapotrans,0.3734926519766809,0.6902573741373614,12935
CLASSIC,1992,CD,precipitation,tran,0.3175703847046834,0.49178301446598116,12935
CLASSIC,1992,CD,lai,tran,0.4703148958599948,0.7953074133000038,12935
CLASSIC,1992,CD,precipitation,evspsblveg,0.32583849427010025,0.5074676079242963,12935
CLASSIC,1992,CD,lai,evspsblveg,0.5153087944095711,0.8284660730832859,12935
CLASSIC,1992,CD,precipitation,evspsblsoi,0.3190673206511534,0.4502223597677684,12935
CLASSIC,1992,CD,lai,evspsblsoi,0.3381264847117872,0.5210562753712671,12935
CLASSIC,1993,HW,precipitation,evapotrans,0.258680068063985,0.3989525633890389,12258
CLASSIC,1993,HW,lai,evapotrans,0.316288433801064,0.6752435470446839,12258
CLASSIC,1993,HW,precipitation,tran,0.2606529185060729,0.40353258663583425,12258
CLASSIC,1993,HW,lai,tran,0.3874810790409672,0.7397676438358862,12258
CLASSIC,1993,HW,precipitation,evspsblveg,0.26899405662042764,0.4727059094077657,12258
CLASSIC,1993,HW,lai,evspsblveg,0.3681064191711823,0.7777043164140633,12258
CLASSIC,1993,HW,precipitation,evspsblsoi,0.2526513424002277,0.44359258540615487,12258
CLASSIC,1993,HW,lai,evspsblsoi,0.40453675822986856,0.6500357857983746,12258
CLASSIC,1993,HD,precipitation,evapotrans,0.49547698136535323,0.7321231536577252,11134
CLASSIC,1993,HD,lai,evapotrans,0.4400804961724938,0.6784025446180509,11134
CLASSIC,1993,HD,precipitation,tran,0.40988954739831707,0.6983209028862426,11134
CLASSIC,1993,HD,lai,tran,0.6193550719480135,0.8019719951406387,11134
CLASSIC,1993,HD,precipitation,evspsblveg,0.469659546718767,0.7058460289292846,11134
CLASSIC,1993,HD,lai,evspsblveg,0.5783041382192037,0.8214545899002812,11134
CLASSIC,1993,HD,precipitation,evspsblsoi,0.44754744579266437,0.725293348616648,11134
CLASSIC,1993,HD,lai,evspsblsoi,0.3664636024990675,0.6288056930518372,11134
CLASSIC,1993,CW,precipitation,evapotrans,0.3200848153564599,0.513173885664461,21198
CLASSIC,1993,CW,lai,evapotrans,0.2789526913361353,0.5518021013018317,21198
CLASSIC,1993,CW,precipitation,tran,0.2594122859521043,0.39319976449824906,21198
CLASSIC,1993,CW,lai,tran,0.4278547103945371,0.7810221950451004,21198
CLASSIC,1993,CW,precipitation,evspsblveg,0.2923003285743705,0.46558130261487823,21198
CLASSIC,1993,CW,lai,evspsblveg,0.5258945052835337,0.7671547422594158,21198
CLASSIC,1993,CW,precipitation,evspsblsoi,0.10249052414989297,0.22431944451861785,21198
CLASSIC,1993,CW,lai,evspsblsoi,0.19806554374122157,0.42370252978654094,21198
CLASSIC,1993,CD,precipitation,evapotrans,0.320263470619794,0.48140199830647845,12790
CLASSIC,1993,CD,lai,evapotrans,0.38096168881939013,0.6469116497263487,12790
CLASSIC,1993,CD,precipitation,tran,0.29105608584966175,0.4535030365221459,12790
CLASSIC,1993,CD,lai,tran,0.47623143080531666,0.7978889757623143,12790
CLASSIC,1993,CD,precipitation,evspsblveg,0.3103521791700313,0.4942924159499609,12790
CLASSIC,1993,CD,lai,evspsblveg,0.5089132134480063,0.8186082877247849,12790
CLASSIC,1993,CD,precipitation,evspsblsoi,0.3089479119555127,0.4642950221527235,12790
CLASSIC,1993,CD,lai,evspsblsoi,0.35430023455824866,0.5223612197028928,12790
CLASSIC,1994,HW,precipitation,evapotrans,0.29357876521009885,0.5051863857374392,12340
CLASSIC,1994,HW,lai,evapotrans,0.34303079416531607,0.6196920583468395,12340
CLASSIC,1994,HW,precipitation,tran,0.22869744900172323,0.4410858995137764,12340
CLASSIC,1994,HW,lai,tran,0.3914100486223663,0.7279578606158833,12340
CLASSIC,1994,HW,precipitation,evspsblveg,0.38520727929007925,0.5337115072933549,12340
CLASSIC,1994,HW,lai,evspsblveg,0.4419773095623987,0.7672609400324149,12340
CLASSIC,1994,HW,precipitation,evspsblsoi,0.21817269155490357,0.4225283630470016,12340
CLASSIC,1994,HW,lai,evspsblsoi,0.38662884927066454,0.6249594813614263,12340
CLASSIC,1994,HD,precipitation,evapotrans,0.45396017532568966,0.710250661663276,11147
CLASSIC,1994,HD,lai,evapotrans,0.4437593324012274,0.6910521884268969,11147
CLASSIC,1994,HD,precipitation,tran,0.4673619344385308,0.6543652880120976,11147
CLASSIC,1994,HD,lai,tran,0.6222166674531747,0.7962777090982673,11147
CLASSIC,1994,HD,precipitation,evspsblveg,0.487010217666099,0.6613588244499415,11147
CLASSIC,1994,HD,lai,evspsblveg,0.6021300302357318,0.817626090150339,11147
CLASSIC,1994,HD,precipitation,evspsblsoi,0.3834077304051544,0.7107867507234145,11147
CLASSIC,1994,HD,lai,evspsblsoi,0.3515672474854157,0.6721283974734702,11147
CLASSIC,1994,CW,precipitation,evapotrans,0.27001780961677957,0.5385999886716183,20704
CLASSIC,1994,CW,lai,evapotrans,0.2779225139812886,0.5744618263769117,20704
CLASSIC,1994,CW,precipitation,tran,0.27295097661560086,0.3928351677460408,20704
CLASSIC,1994,CW,lai,tran,0.40594456764405024,0.7851202845730807,20704
CLASSIC,1994,CW,precipitation,evspsblveg,0.30536871893047823,0.5466665830184554,20704
CLASSIC,1994,CW,lai,evspsblveg,0.5341876572661634,0.7559176289631527,20704
CLASSIC,1994,CW,precipitation,evspsblsoi,0.14352071538215028,0.2589639296567944,20704
CLASSIC,1994,CW,lai,evspsblsoi,0.18073195235467826,0.41977866776572337,20704
CLASSIC,1994,CD,precipitation,evapotrans,0.26571738086220353,0.44704699713742563,12821
CLASSIC,1994,CD,lai,evapotrans,0.42421559743600257,0.7351395804854153,12821
CLASSIC,1994,CD,precipitation,tran,0.23023480970196505,0.42864480585661835,12821
CLASSIC,1994,CD,lai,tran,0.5509618762412145,0.7666262363777446,12821
CLASSIC,1994,CD,precipitation,evspsblveg,0.2737382375731671,0.48109425442041154,12821
CLASSIC,1994,CD,lai,evspsblveg,0.5408288322797243,0.8103082878482444,12821
CLASSIC,1994,CD,precipitation,evspsblsoi,0.2469371950239402,0.44395193201010325,12821
CLASSIC,1994,CD,lai,evspsblsoi,0.4051818261795287,0.7345154825637095,12821
CLASSIC,1995,HW,precipitation,evapotrans,0.3083544152350641,0.5334714757833715,12365
CLASSIC,1995,HW,lai,evapotrans,0.377124521223719,0.6435380198300089,12365
CLASSIC,1995,HW,precipitation,tran,0.24789279595541308,0.4034377088386562,12365
CLASSIC,1995,HW,lai,tran,0.3927273731727067,0.7226263532979134,12365
CLASSIC,1995,HW,precipitation,evspsblveg,0.3805354252769032,0.5508940825862776,12365
CLASSIC,1995,HW,lai,evspsblveg,0.44832239508794325,0.7591906249581168,12365
CLASSIC,1995,HW,precipitation,evspsblsoi,0.20643267599647921,0.4235703234381604,12365
CLASSIC,1995,HW,lai,evspsblsoi,0.3990084668665729,0.623332410404233,12365
CLASSIC,1995,HD,precipitation,evapotrans,0.45148158095686614,0.7215916186144522,11272
CLASSIC,1995,HD,lai,evapotrans,0.46316830956778676,0.7168544161394078,11272
CLASSIC,1995,HD,precipitation,tran,0.4188281499799959,0.6794696874143046,11272
CLASSIC,1995,HD,lai,tran,0.6109755671330772,0.8023590746417408,11272
CLASSIC,1995,HD,precipitation,evspsblveg,0.44712270899253914,0.6684279536816186,11272
CLASSIC,1995,HD,lai,evspsblveg,0.5784190616413813,0.8265840417981668,11272
CLASSIC,1995,HD,precipitation,evspsblsoi,0.43088223630676326,0.7151183750538882,11272
CLASSIC,1995,HD,lai,evspsblsoi,0.3994586864893765,0.6290148538300662,11272
CLASSIC,1995,CW,precipitation,evapotrans,0.216124091838705,0.4641597665891717,21134
CLASSIC,1995,CW,lai,evapotrans,0.28673158778472174,0.5919551585911371,21134
CLASSIC,1995,CW,precipitation,tran,0.2172515644753248,0.3514083087787178,21134
CLASSIC,1995,CW,lai,tran,0.38131948344306144,0.788507383485063,21134
CLASSIC,1995,CW,precipitation,evspsblveg,0.29338298673369495,0.562173172778036,21134
CLASSIC,1995,CW,lai,evspsblveg,0.5431918861239737,0.727753410928634,21134
CLASSIC,1995,CW,precipitation,evspsblsoi,0.13280271378175484,0.19373235736216324,21134
CLASSIC,1995,CW,lai,evspsblsoi,0.18367190116871268,0.40048623376232695,21134
CLASSIC,1995,CD,precipitation,evapotrans,0.2444184464902551,0.4368598283301979,12839
CLASSIC,1995,CD,lai,evapotrans,0.4032373494990317,0.7468042324696087,12839
CLASSIC,1995,CD,precipitation,tran,0.24290250222116772,0.4521085738558296,12839
CLASSIC,1995,CD,lai,tran,0.5437359374510927,0.789162583629173,12839
CLASSIC,1995,CD,precipitation,evspsblveg,0.2698324440850898,0.5140989763688275,12839
CLASSIC,1995,CD,lai,evspsblveg,0.5660145453433719,0.8351137706156694,12839
CLASSIC,1995,CD,precipitation,evspsblsoi,0.21907426881885714,0.4184329701243704,12839
CLASSIC,1995,CD,lai,evspsblsoi,0.3710705844415344,0.7459474679240834,12839
CLASSIC,1996,HW,precipitation,evapotrans,0.28118960699337275,0.4345552460043455,12248
CLASSIC,1996,HW,lai,evapotrans,0.34780785534331304,0.6621622522294353,12248
CLASSIC,1996,HW,precipitation,tran,0.2378509636407854,0.42099001586264806,12248
CLASSIC,1996,HW,lai,tran,0.4079589503992322,0.7278792705847852,12248
CLASSIC,1996,HW,precipitation,evspsblveg,0.31115973095719107,0.5619135152428052,12248
CLASSIC,1996,HW,lai,evspsblveg,0.4221640184486597,0.7634785187752436,12248
CLASSIC,1996,HW,precipitation,evspsblsoi,0.22742911795678428,0.4363607886002213,12248
CLASSIC,1996,HW,lai,evspsblsoi,0.38401478292165986,0.6214246390914302,12248
CLASSIC,1996,HD,precipitation,evapotrans,0.46787455485578866,0.7098154728789132,11035
CLASSIC,1996,HD,lai,evapotrans,0.43167219912925275,0.6777526053466244,11035
CLASSIC,1996,HD,precipitation,tran,0.3932545176738843,0.6717834344281839,11035
CLASSIC,1996,HD,lai,tran,0.6240231181418805,0.784243480887558,11035
CLASSIC,1996,HD,precipitation,evspsblveg,0.454600460998683,0.6877430507673213,11035
CLASSIC,1996,HD,lai,evspsblveg,0.581705278987149,0.7788107503792282,11035
CLASSIC,1996,HD,precipitation,evspsblsoi,0.3740503409369594,0.7013606222515734,11035
CLASSIC,1996,HD,lai,evspsblsoi,0.3407012765705955,0.6670593565926597,11035
CLASSIC,1996,CW,precipitation,evapotrans,0.24545226805244896,0.48145695364238406,21140
CLASSIC,1996,CW,lai,evapotrans,0.25591296121097445,0.5660359508041627,21140
CLASSIC,1996,CW,precipitation,tran,0.2153310273336327,0.3842307025089734,21140
CLASSIC,1996,CW,lai,tran,0.38864711447492906,0.7802743614001892,21140
CLASSIC,1996,CW,precipitation,evspsblveg,0.2773393718831141,0.5631031220435194,21140
CLASSIC,1996,CW,lai,evspsblveg,0.5115657521286661,0.7840586565752128,21140
CLASSIC,1996,CW,precipitation,evspsblsoi,0.12054969926293835,0.18491745550859956,21140
CLASSIC,1996,CW,lai,evspsblsoi,0.2001419110690634,0.4233207190160833,21140
CLASSIC,1996,CD,precipitation,evapotrans,0.3229647212789072,0.6093888336785829,12623
CLASSIC,1996,CD,lai,evapotrans,0.3728461228359221,0.7020626029964163,12623
CLASSIC,1996,CD,precipitation,tran,0.2942746700517619,0.5786559972641485,12623
CLASSIC,1996,CD,lai,tran,0.5004791520220742,0.7871019163513372,12623
CLASSIC,1996,CD,precipitation,evspsblveg,0.346015430038469,0.5668449310272071,12623
CLASSIC,1996,CD,lai,evspsblveg,0.5556454126890604,0.8368955887369943,12623
CLASSIC,1996,CD,precipitation,evspsblsoi,0.29974785040714425,0.6108138609155219,12623
CLASSIC,1996,CD,lai,evspsblsoi,0.3462223950871758,0.6975489186405768,12623
CLASSIC,1997,HW,precipitation,evapotrans,0.27159865290224056,0.4018169172992903,12251
CLASSIC,1997,HW,lai,evapotrans,0.32954694244035054,0.5844173855102284,12251
CLASSIC,1997,HW,precipitation,tran,0.23061096653174373,0.41782639709938785,12251
CLASSIC,1997,HW,lai,tran,0.3978775243670237,0.6763354404734148,12251
CLASSIC,1997,HW,precipitation,evspsblveg,0.3429304840955997,0.46499381141731033,12251
CLASSIC,1997,HW,lai,evspsblveg,0.42811682178381105,0.7651187511676312,12251
CLASSIC,1997,HW,precipitation,evspsblsoi,0.25257786536376037,0.4389621838450506,12251
CLASSIC,1997,HW,lai,evspsblsoi,0.398036811655525,0.6319422154626277,12251
CLASSIC,1997,HD,precipitation,evapotrans,0.49235219189084123,0.7611607252325816,11022
CLASSIC,1997,HD,lai,evapotrans,0.4680516874187609,0.6925569449578548,11022
CLASSIC,1997,HD,precipitation,tran,0.45441284776778224,0.6721824164937937,11022
CLASSIC,1997,HD,lai,tran,0.6077806439587414,0.7874396266397395,11022
CLASSIC,1997,HD,precipitation,evspsblveg,0.5003246345418666,0.677347516269672,11022
CLASSIC,1997,HD,lai,evspsblveg,0.5969830673581068,0.8233730346938202,11022
CLASSIC,1997,HD,precipitation,evspsblsoi,0.4094443884092108,0.7581730887120108,11022
CLASSIC,1997,HD,lai,evspsblsoi,0.35898367280933063,0.6631449531363989,11022
CLASSIC,1997,CW,precipitation,evapotrans,0.2616744345837615,0.5101461864930339,20882
CLASSIC,1997,CW,lai,evapotrans,0.25458602268319597,0.5465516440621994,20882
CLASSIC,1997,CW,precipitation,tran,0.2786303433515375,0.4189379924286341,20882
CLASSIC,1997,CW,lai,tran,0.39574212111771273,0.7701428285927138,20882
CLASSIC,1997,CW,precipitation,evspsblveg,0.30687389790477076,0.5601617770720054,20882
CLASSIC,1997,CW,lai,evspsblveg,0.5322727717247911,0.751017284704787,20882
CLASSIC,1997,CW,precipitation,evspsblsoi,0.10319451279843989,0.20688099775956853,20882
CLASSIC,1997,CW,lai,evspsblsoi,0.1819561205831462,0.4359083700341966,20882
CLASSIC,1997,CD,precipitation,evapotrans,0.24111539693374556,0.43646121453342657,12822
CLASSIC,1997,CD,lai,evapotrans,0.3832312394039982,0.732267365757502,12822
CLASSIC,1997,CD,precipitation,tran,0.2657422642552211,0.4322978316163363,12822
CLASSIC,1997,CD,lai,tran,0.4907713950111584,0.8040442351555497,12822
CLASSIC,1997,CD,precipitation,evspsblveg,0.29433436256859785,0.477428542385782,12822
CLASSIC,1997,CD,lai,evspsblveg,0.5445269939950617,0.8306284514644002,12822
CLASSIC,1997,CD,precipitation,evspsblsoi,0.2279493677068561,0.4289733532059229,12822
CLASSIC,1997,CD,lai,evspsblsoi,0.3586559372529323,0.731176678242166,12822
CLASSIC,1998,HW,precipitation,evapotrans,0.2903885359982512,0.4294770018501785,12192
CLASSIC,1998,HW,lai,evapotrans,0.36775644917847117,0.6365410266339658,12192
CLASSIC,1998,HW,precipitation,tran,0.24665366210456127,0.45318725528161435,12192
CLASSIC,1998,HW,lai,tran,0.4036269344420427,0.7316590293016652,12192
CLASSIC,1998,HW,precipitation,evspsblveg,0.3361943454899352,0.48647245170173403,12192
CLASSIC,1998,HW,lai,evspsblveg,0.43671131327257184,0.753316337506992,12192
CLASSIC,1998,HW,precipitation,evspsblsoi,0.2472941620533978,0.43503506733789427,12192
CLASSIC,1998,HW,lai,evspsblsoi,0.3797414730459759,0.6225143603975732,12192
CLASSIC,1998,HD,precipitation,evapotrans,0.4697483821580202,0.7654905239331433,11171
CLASSIC,1998,HD,lai,evapotrans,0.48372575040567123,0.6958164072195183,11171
CLASSIC,1998,HD,precipitation,tran,0.4075755529746533,0.6808208754811564,11171
CLASSIC,1998,HD,lai,tran,0.6147296483403472,0.8002842120540564,11171
CLASSIC,1998,HD,precipitation,evspsblveg,0.4425780139770408,0.6706344233154724,11171
CLASSIC,1998,HD,lai,evspsblveg,0.5836663549834905,0.8046720922660165,11171
CLASSIC,1998,HD,precipitation,evspsblsoi,0.42435462668358365,0.7664659449851018,11171
CLASSIC,1998,HD,lai,evspsblsoi,0.3442742098157182,0.6522557508986295,11171
CLASSIC,1998,CW,precipitation,evapotrans,0.29858642735765395,0.4448943575719443,20881
CLASSIC,1998,CW,lai,evapotrans,0.26469241507326274,0.5462383903828136,20881
CLASSIC,1998,CW,precipitation,tran,0.29459071217507715,0.3674466913661274,20881
CLASSIC,1998,CW,lai,tran,0.37884816666179677,0.7592721562972966,20881
CLASSIC,1998,CW,precipitation,evspsblveg,0.3356489985187663,0.581142552735892,20881
CLASSIC,1998,CW,lai,evspsblveg,0.5362885635747536,0.76947900694833,20881
CLASSIC,1998,CW,precipitation,evspsblsoi,0.10839118107961954,0.24793535804712963,20881
CLASSIC,1998,CW,lai,evspsblsoi,0.17407710459569514,0.4529342381871657,20881
CLASSIC,1998,CD,precipitation,evapotrans,0.272415588993919,0.47672742360121007,12875
CLASSIC,1998,CD,lai,evapotrans,0.3675280709159983,0.7404458783091117,12875
CLASSIC,1998,CD,precipitation,tran,0.2712711042872233,0.4504686597113781,12875
CLASSIC,1998,CD,lai,tran,0.4991865766146053,0.7886903455345836,12875
CLASSIC,1998,CD,precipitation,evspsblveg,0.2885182031215051,0.4884401897994131,12875
CLASSIC,1998,CD,lai,evspsblveg,0.5192305372972321,0.8297620454682506,12875
CLASSIC,1998,CD,precipitation,evspsblsoi,0.25661640056723944,0.45568083780578506,12875
CLASSIC,1998,CD,lai,evspsblsoi,0.34453385997708497,0.739979858891636,12875
CLASSIC,1999,HW,precipitation,evapotrans,0.3094679307022852,0.4757546950296879,12277
CLASSIC,1999,HW,lai,evapotrans,0.38270949335161286,0.6474107192841464,12277
CLASSIC,1999,HW,precipitation,tran,0.23279155639019167,0.4156305493257035,12277
CLASSIC,1999,HW,lai,tran,0.40520798129087465,0.7333326213923496,12277
CLASSIC,1999,HW,precipitation,evspsblveg,0.37812166871793274,0.5764998717179631,12277
CLASSIC,1999,HW,lai,evspsblveg,0.44461627507342616,0.7699871240387801,12277
CLASSIC,1999,HW,precipitation,evspsblsoi,0.23234775652720496,0.4107582861307617,12277
CLASSIC,1999,HW,lai,evspsblsoi,0.41511370770357015,0.6056387981127285,12277
CLASSIC,1999,HD,precipitation,evapotrans,0.4546426120863648,0.6991373365422142,11142
CLASSIC,1999,HD,lai,evapotrans,0.4541325026659281,0.7002616850715548,11142
CLASSIC,1999,HD,precipitation,tran,0.42181562959117613,0.6660860555644584,11142
CLASSIC,1999,HD,lai,tran,0.6210697098690415,0.7787940109455356,11142
CLASSIC,1999,HD,precipitation,evspsblveg,0.44797862458704263,0.6570713042406988,11142
CLASSIC,1999,HD,lai,evspsblveg,0.5778015930793186,0.8283214725842427,11142
CLASSIC,1999,HD,precipitation,evspsblsoi,0.41453842682465203,0.6948755114935974,11142
CLASSIC,1999,HD,lai,evspsblsoi,0.3673472410376284,0.66210412845023,11142
CLASSIC,1999,CW,precipitation,evapotrans,0.25756376944088205,0.5035270939104804,20999
CLASSIC,1999,CW,lai,evapotrans,0.25556300866934706,0.590031838250801,20999
CLASSIC,1999,CW,precipitation,tran,0.26533258375126156,0.39584657359649883,20999
CLASSIC,1999,CW,lai,tran,0.4306649636377242,0.766420101637493,20999
CLASSIC,1999,CW,precipitation,evspsblveg,0.27794723472174765,0.5274764439541699,20999
CLASSIC,1999,CW,lai,evspsblveg,0.5257414638792324,0.7578968386249685,20999
CLASSIC,1999,CW,precipitation,evspsblsoi,0.10975171951882615,0.23934049215507402,20999
CLASSIC,1999,CW,lai,evspsblsoi,0.18137681159420288,0.4571811809632659,20999
CLASSIC,1999,CD,precipitation,evapotrans,0.30717853446849464,0.6195756273832397,12418
CLASSIC,1999,CD,lai,evapotrans,0.3883272658332705,0.6923529905475695,12418
CLASSIC,1999,CD,precipitation,tran,0.30284711148415994,0.5892423311004698,12418
CLASSIC,1999,CD,lai,tran,0.5087231173697524,0.7912795539382471,12418
CLASSIC,1999,CD,precipitation,evspsblveg,0.3154141854394272,0.5892956385437766,12418
CLASSIC,1999,CD,lai,evspsblveg,0.5483230539845412,0.8263061075178127,12418
CLASSIC,1999,CD,precipitation,evspsblsoi,0.2833036205845017,0.6190185078906358,12418
CLASSIC,1999,CD,lai,evspsblsoi,0.36908567870285436,0.6905006136026985,12418
CLASSIC,2000,HW,precipitation,evapotrans,0.2914323458648836,0.47064440065536023,12318
CLASSIC,2000,HW,lai,evapotrans,0.36335525774761046,0.6408610670057333,12318
CLASSIC,2000,HW,precipitation,tran,0.1940964995793296,0.4567504159260126,12318
CLASSIC,2000,HW,lai,tran,0.4069015647041706,0.731459267717183,12318
CLASSIC,2000,HW,precipitation,evspsblveg,0.31453067045797195,0.5970382008801396,12318
CLASSIC,2000,HW,lai,evspsblveg,0.43072097268699805,0.7645819231912754,12318
CLASSIC,2000,HW,precipitation,evspsblsoi,0.2019019653426619,0.4102492024131089,12318
CLASSIC,2000,HW,lai,evspsblsoi,0.384871521561731,0.6230039241485905,12318
CLASSIC,2000,HD,precipitation,evapotrans,0.5113909037123263,0.6773236798238962,11053
CLASSIC,2000,HD,lai,evapotrans,0.4550562427923378,0.6657995400067181,11053
CLASSIC,2000,HD,precipitation,tran,0.415261841790849,0.640077045393451,11053
CLASSIC,2000,HD,lai,tran,0.6083337665947657,0.7997004078164243,11053
CLASSIC,2000,HD,precipitation,evspsblveg,0.4571401244621091,0.6546955414949683,11053
CLASSIC,2000,HD,lai,evspsblveg,0.585888313526804,0.7752022189977633,11053
CLASSIC,2000,HD,precipitation,evspsblsoi,0.4216869480893604,0.6719639578303882,11053
CLASSIC,2000,HD,lai,evspsblsoi,0.341428582880872,0.6501557010191796,11053
CLASSIC,2000,CW,precipitation,evapotrans,0.2920566432673922,0.47990766291187414,21028
CLASSIC,2000,CW,lai,evapotrans,0.26387676065542576,0.5464707247660456,21028
CLASSIC,2000,CW,precipitation,tran,0.28241616752465815,0.42141526579916855,21028
CLASSIC,2000,CW,lai,tran,0.42251355686248016,0.7892851195575475,21028
CLASSIC,2000,CW,precipitation,evspsblveg,0.29982927683497157,0.5659253233082516,21028
CLASSIC,2000,CW,lai,evspsblveg,0.5246538881092035,0.7938977905147595,21028
CLASSIC,2000,CW,precipitation,evspsblsoi,0.13569096242032566,0.16859263617081544,21028
CLASSIC,2000,CW,lai,evspsblsoi,0.22118462885932222,0.446294056580674,21028
CLASSIC,2000,CD,precipitation,evapotrans,0.30026898146840775,0.4599232015468145,13095
CLASSIC,2000,CD,lai,evapotrans,0.35349791862344,0.6805228380974033,13095
CLASSIC,2000,CD,precipitation,tran,0.32731818926629647,0.4537160991719088,13095
CLASSIC,2000,CD,lai,tran,0.4712154851360199,0.7907869386660604,13095
CLASSIC,2000,CD,precipitation,evspsblveg,0.34659166936331764,0.5033410232855018,13095
CLASSIC,2000,CD,lai,evspsblveg,0.5150052841605437,0.8333047693164164,13095
CLASSIC,2000,CD,precipitation,evspsblsoi,0.29479429031781623,0.4525174462206261,13095
CLASSIC,2000,CD,lai,evspsblsoi,0.3232981766490393,0.5356177146255154,13095
CLASSIC,2001,HW,precipitation,evapotrans,0.2516198101547748,0.5731247661803217,12144
CLASSIC,2001,HW,lai,evapotrans,0.3344282394896606,0.630006994258202,12144
CLASSIC,2001,HW,precipitation,tran,0.20992457350673108,0.4454199808064542,12144
CLASSIC,2001,HW,lai,tran,0.4126394170557375,0.7039216643081377,12144
CLASSIC,2001,HW,precipitation,evspsblveg,0.32089770990856137,0.6526360627206037,12144
CLASSIC,2001,HW,lai,evspsblveg,0.39189697544892377,0.7640243009808227,12144
CLASSIC,2001,HW,precipitation,evspsblsoi,0.22167421703794862,0.45161782885212837,12144
CLASSIC,2001,HW,lai,evspsblsoi,0.37057642176365757,0.6408411815416646,12144
CLASSIC,2001,HD,precipitation,evapotrans,0.503007490013001,0.7358916323276187,11031
CLASSIC,2001,HD,lai,evapotrans,0.5052561851383256,0.7165229482264315,11031
CLASSIC,2001,HD,precipitation,tran,0.4720479256328623,0.6797195585046232,11031
CLASSIC,2001,HD,lai,tran,0.6400285460342986,0.8015568586772643,11031
CLASSIC,2001,HD,precipitation,evspsblveg,0.5072040503327596,0.7094762997308153,11031
CLASSIC,2001,HD,lai,evspsblveg,0.5952279215099161,0.8281195999767572,11031
CLASSIC,2001,HD,precipitation,evspsblsoi,0.4322247071312572,0.7318014101181716,11031
CLASSIC,2001,HD,lai,evspsblsoi,0.40938070103761814,0.6466601496289834,11031
CLASSIC,2001,CW,precipitation,evapotrans,0.22331365609194775,0.5095131505032072,19846
CLASSIC,2001,CW,lai,evapotrans,0.23380772466600114,0.5384662404291382,19846
CLASSIC,2001,CW,precipitation,tran,0.2699246884204821,0.3946905022578133,19846
CLASSIC,2001,CW,lai,tran,0.4508690933324447,0.7820816001092543,19846
CLASSIC,2001,CW,precipitation,evspsblveg,0.26695541284090546,0.5404961782551846,19846
CLASSIC,2001,CW,lai,evspsblveg,0.5098284221956493,0.7507426072445488,19846
CLASSIC,2001,CW,precipitation,evspsblsoi,0.11897719492992767,0.18921793528050113,19846
CLASSIC,2001,CW,lai,evspsblsoi,0.18023489940552329,0.3769290285830619,19846
CLASSIC,2001,CD,precipitation,evapotrans,0.23937663964396005,0.4133412135245028,12670
CLASSIC,2001,CD,lai,evapotrans,0.37537490134175217,0.7325966850828729,12670
CLASSIC,2001,CD,precipitation,tran,0.2760647062889061,0.4261773217574323,12670
CLASSIC,2001,CD,lai,tran,0.49794790844514597,0.7831097079715864,12670
CLASSIC,2001,CD,precipitation,evspsblveg,0.29840623770385427,0.4945014469876349,12670
CLASSIC,2001,CD,lai,evspsblveg,0.5535911602209945,0.8333070244672455,12670
CLASSIC,2001,CD,precipitation,evspsblsoi,0.22940425445669177,0.403288608260984,12670
CLASSIC,2001,CD,lai,evspsblsoi,0.35343330702446724,0.731570639305446,12670
CLASSIC,2002,HW,precipitation,evapotrans,0.19959527801707724,0.46930467776173257,12011
CLASSIC,2002,HW,lai,evapotrans,0.35515830582998065,0.5810385128108441,12011
CLASSIC,2002,HW,precipitation,tran,0.14671979494788676,0.4175294942475775,12011
CLASSIC,2002,HW,lai,tran,0.4045382767711335,0.6687714575560312,12011
CLASSIC,2002,HW,precipitation,evspsblveg,0.3064928393345414,0.5624631071254347,12011
CLASSIC,2002,HW,lai,evspsblveg,0.4265579893424089,0.7520980144241046,12011
CLASSIC,2002,HW,precipitation,evspsblsoi,0.20478407560208303,0.4484005814542332,12011
CLASSIC,2002,HW,lai,evspsblsoi,0.3780586987601082,0.6177600452430124,12011
CLASSIC,2002,HD,precipitation,evapotrans,0.4893038121162965,0.7456256526623796,11131
CLASSIC,2002,HD,lai,evapotrans,0.453642333902745,0.7520411778280759,11131
CLASSIC,2002,HD,precipitation,tran,0.43529247280776073,0.6792846450015761,11131
CLASSIC,2002,HD,lai,tran,0.6260081706886504,0.8102581823280264,11131
CLASSIC,2002,HD,precipitation,evspsblveg,0.466562883646082,0.6925551649643911,11131
CLASSIC,2002,HD,lai,evspsblveg,0.5366059174562707,0.8409838303183931,11131
CLASSIC,2002,HD,precipitation,evspsblsoi,0.42965712204394335,0.741299364460197,11131
CLASSIC,2002,HD,lai,evspsblsoi,0.3742469919597959,0.6485734630207258,11131
CLASSIC,2002,CW,precipitation,evapotrans,0.19484748519213224,0.5089335005618365,20985
CLASSIC,2002,CW,lai,evapotrans,0.2785798585913416,0.5521264706987443,20985
CLASSIC,2002,CW,precipitation,tran,0.20393048639023587,0.36960053251585245,20985
CLASSIC,2002,CW,lai,tran,0.38148518193577774,0.7791389593714878,20985
CLASSIC,2002,CW,precipitation,evspsblveg,0.28145710494946674,0.551245126995246,20985
CLASSIC,2002,CW,lai,evspsblveg,0.5491068431315038,0.7305407580881691,20985
CLASSIC,2002,CW,precipitation,evspsblsoi,0.10051574584687917,0.21500861058790716,20985
CLASSIC,2002,CW,lai,evspsblsoi,0.16256413818805182,0.43049007418466173,20985
CLASSIC,2002,CD,precipitation,evapotrans,0.24007388907818222,0.4699657982747611,13132
CLASSIC,2002,CD,lai,evapotrans,0.3707254582273054,0.6637281164766049,13132
CLASSIC,2002,CD,precipitation,tran,0.23204497306957286,0.47073108506983363,13132
CLASSIC,2002,CD,lai,tran,0.48022536531635307,0.7920007640485487,13132
CLASSIC,2002,CD,precipitation,evspsblveg,0.2698583665979071,0.5099912485639759,13132
CLASSIC,2002,CD,lai,evspsblveg,0.511380112741235,0.8321150514318725,13132
CLASSIC,2002,CD,precipitation,evspsblsoi,0.231960679437194,0.46628772124047746,13132
CLASSIC,2002,CD,lai,evspsblsoi,0.34295079616914576,0.5531389205428364,13132
CLASSIC,2003,HW,precipitation,evapotrans,0.2458270562307861,0.47557233449478253,12413
CLASSIC,2003,HW,lai,evapotrans,0.35752933892900224,0.6140895220103904,12413
CLASSIC,2003,HW,precipitation,tran,0.19568915201778592,0.4192449658966179,12413
CLASSIC,2003,HW,lai,tran,0.4085765209500346,0.722100083894696,12413
CLASSIC,2003,HW,precipitation,evspsblveg,0.27748010926394195,0.5519729393876063,12413
CLASSIC,2003,HW,lai,evspsblveg,0.4236874951029025,0.7821023696911178,12413
CLASSIC,2003,HW,precipitation,evspsblsoi,0.17853446086040728,0.4796121748107569,12413
CLASSIC,2003,HW,lai,evspsblsoi,0.4009963171230183,0.6101197993428789,12413
CLASSIC,2003,HD,precipitation,evapotrans,0.5325393220879756,0.725085199651882,10977
CLASSIC,2003,HD,lai,evapotrans,0.4446795151111103,0.7021128629110743,10977
CLASSIC,2003,HD,precipitation,tran,0.4574381056471022,0.653092250211647,10977
CLASSIC,2003,HD,lai,tran,0.6224624471703452,0.7876583477325416,10977
CLASSIC,2003,HD,precipitation,evspsblveg,0.49346196559658306,0.6550225981697448,10977
CLASSIC,2003,HD,lai,evspsblveg,0.5958549777860711,0.8295601682803238,10977
CLASSIC,2003,HD,precipitation,evspsblsoi,0.4606258669734593,0.7179174289727972,10977
CLASSIC,2003,HD,lai,evspsblsoi,0.35953612795595064,0.6512902536899061,10977
CLASSIC,2003,CW,precipitation,evapotrans,0.18284536499739226,0.46061696638197813,20955
CLASSIC,2003,CW,lai,evapotrans,0.2981926693150171,0.5935846033211845,20955
CLASSIC,2003,CW,precipitation,tran,0.18374130458996085,0.3680429801410146,20955
CLASSIC,2003,CW,lai,tran,0.38409051915838266,0.7958071275962122,20955
CLASSIC,2003,CW,precipitation,evspsblveg,0.2385139029786596,0.49763447117687665,20955
CLASSIC,2003,CW,lai,evspsblveg,0.5454430932514421,0.7595565788922464,20955
CLASSIC,2003,CW,precipitation,evspsblsoi,0.09408571352955714,0.17597678413029738,20955
CLASSIC,2003,CW,lai,evspsblsoi,0.15690361404593298,0.47088934211988254,20955
CLASSIC,2003,CD,precipitation,evapotrans,0.2567663788329346,0.4653967180770608,12874
CLASSIC,2003,CD,lai,evapotrans,0.3701916184916131,0.6535364985231923,12874
CLASSIC,2003,CD,precipitation,tran,0.23619576876841344,0.4431521160316776,12874
CLASSIC,2003,CD,lai,tran,0.49233014942593056,0.7767973536146328,12874
CLASSIC,2003,CD,precipitation,evspsblveg,0.2601896044368902,0.4863452864705415,12874
CLASSIC,2003,CD,lai,evspsblveg,0.5144058670081797,0.8361175251385382,12874
CLASSIC,2003,CD,precipitation,evspsblsoi,0.25256437312026786,0.46317030290075173,12874
CLASSIC,2003,CD,lai,evspsblsoi,0.3299932268028566,0.543309463101195,12874
CLASSIC,2004,HW,precipitation,evapotrans,0.282620099700698,0.5054833801159486,12253
CLASSIC,2004,HW,lai,evapotrans,0.3661613565690701,0.6201578093402966,12253
CLASSIC,2004,HW,precipitation,tran,0.20901969863273798,0.42028274964313583,12253
CLASSIC,2004,HW,lai,tran,0.4044880970424569,0.6998770750819222,12253
CLASSIC,2004,HW,precipitation,evspsblveg,0.3321571893263957,0.5399875437503137,12253
CLASSIC,2004,HW,lai,evspsblveg,0.42073791174839315,0.7559174841357891,12253
CLASSIC,2004,HW,precipitation,evspsblsoi,0.20071499357924838,0.4594586750336736,12253
CLASSIC,2004,HW,lai,evspsblsoi,0.3858657188493613,0.6267521260898387,12253
CLASSIC,2004,HD,precipitation,evapotrans,0.5159433111675353,0.7342199264885804,11101
CLASSIC,2004,HD,lai,evapotrans,0.4928308613223272,0.6681371128808297,11101
CLASSIC,2004,HD,precipitation,tran,0.4239760171702536,0.6556810593510831,11101
CLASSIC,2004,HD,lai,tran,0.6265369172715848,0.7779463095200416,11101
CLASSIC,2004,HD,precipitation,evspsblveg,0.48644069000137613,0.6719147368449994,11101
CLASSIC,2004,HD,lai,evspsblveg,0.6078703241571451,0.7783067185733612,11101
CLASSIC,2004,HD,precipitation,evspsblsoi,0.42490669522133995,0.7306274832179869,11101
CLASSIC,2004,HD,lai,evspsblsoi,0.32373944072890115,0.6490683694606938,11101
CLASSIC,2004,CW,precipitation,evapotrans,0.28137401500806325,0.5012069210557428,21055
CLASSIC,2004,CW,lai,evapotrans,0.27457500062581996,0.5907562452880271,21055
CLASSIC,2004,CW,precipitation,tran,0.24423567616721206,0.37934720580626696,21055
CLASSIC,2004,CW,lai,tran,0.40715070711853635,0.7902276022437504,21055
CLASSIC,2004,CW,precipitation,evspsblveg,0.31935840322649334,0.5508453992512541,21055
CLASSIC,2004,CW,lai,evspsblveg,0.5364178537040474,0.7565106807725346,21055
CLASSIC,2004,CW,precipitation,evspsblsoi,0.08058560954858832,0.2455467447619784,21055
CLASSIC,2004,CW,lai,evspsblsoi,0.1649533943312369,0.5024232648945701,21055
CLASSIC,2004,CD,precipitation,evapotrans,0.29427432801379216,0.48485832906941206,12661
CLASSIC,2004,CD,lai,evapotrans,0.36473195229644395,0.7277659560104699,12661
CLASSIC,2004,CD,precipitation,tran,0.27448691501174194,0.4431870550784161,12661
CLASSIC,2004,CD,lai,tran,0.4919813216513798,0.7947971361096564,12661
CLASSIC,2004,CD,precipitation,evspsblveg,0.2979875444402479,0.5053162227037497,12661
CLASSIC,2004,CD,lai,evspsblveg,0.5386591007975257,0.8353973647227813,12661
CLASSIC,2004,CD,precipitation,evspsblsoi,0.28258229891571596,0.44183817926553737,12661
CLASSIC,2004,CD,lai,evspsblsoi,0.3394555533886262,0.7262652846574962,12661
CLASSIC,2005,HW,precipitation,evapotrans,0.3000668429118951,0.5155637036056552,12305
CLASSIC,2005,HW,lai,evapotrans,0.3541812799575902,0.6255712263215174,12305
CLASSIC,2005,HW,precipitation,tran,0.23543961675410158,0.4497801115764991,12305
CLASSIC,2005,HW,lai,tran,0.4069078931081162,0.7073837816319639,12305
CLASSIC,2005,HW,precipitation,evspsblveg,0.35861301452950345,0.574074852838315,12305
CLASSIC,2005,HW,lai,evspsblveg,0.4524084594070625,0.7768565082385127,12305
CLASSIC,2005,HW,precipitation,evspsblsoi,0.21014285898192137,0.4280571224671075,12305
CLASSIC,2005,HW,lai,evspsblsoi,0.3957611738168697,0.6210156095528918,12305
CLASSIC,2005,HD,precipitation,evapotrans,0.4906275893355748,0.7195092115778412,11045
CLASSIC,2005,HD,lai,evapotrans,0.48994385371239413,0.7130984106565286,11045
CLASSIC,2005,HD,precipitation,tran,0.44204803439307083,0.6549170361484768,11045
CLASSIC,2005,HD,lai,tran,0.6147758347689113,0.790867881087038,11045
CLASSIC,2005,HD,precipitation,evspsblveg,0.4749983950591006,0.66249341955677,11045
CLASSIC,2005,HD,lai,evspsblveg,0.567168862878926,0.8239153278750647,11045
CLASSIC,2005,HD,precipitation,evspsblsoi,0.4272295989264196,0.717376322330865,11045
CLASSIC,2005,HD,lai,evspsblsoi,0.3891250221426181,0.6408329560887279,11045
CLASSIC,2005,CW,precipitation,evapotrans,0.2497202091991187,0.5128594503049749,20881
CLASSIC,2005,CW,lai,evapotrans,0.29141147968223957,0.6117089365209758,20881
CLASSIC,2005,CW,precipitation,tran,0.22258332931638827,0.4087339077282087,20881
CLASSIC,2005,CW,lai,tran,0.4148817239131452,0.7869544735355416,20881
CLASSIC,2005,CW,precipitation,evspsblveg,0.305697087570934,0.533634102644414,20881
CLASSIC,2005,CW,lai,evspsblveg,0.5340480291438018,0.7965364790596072,20881
CLASSIC,2005,CW,precipitation,evspsblsoi,0.10946524974198321,0.23550639772564008,20881
CLASSIC,2005,CW,lai,evspsblsoi,0.16538471640060265,0.4585830837434754,20881
CLASSIC,2005,CD,precipitation,evapotrans,0.2300471327572663,0.45298342950444803,12730
CLASSIC,2005,CD,lai,evapotrans,0.35687352710133535,0.6461901021209742,12730
CLASSIC,2005,CD,precipitation,tran,0.29304791830322074,0.4435365196612693,12730
CLASSIC,2005,CD,lai,tran,0.472152395915161,0.786802827965436,12730
CLASSIC,2005,CD,precipitation,evspsblveg,0.2988216810683425,0.5056721764558305,12730
CLASSIC,2005,CD,lai,evspsblveg,0.523095051060487,0.81885310290652,12730
CLASSIC,2005,CD,precipitation,evspsblsoi,0.2260801256873527,0.449922267965765,12730
CLASSIC,2005,CD,lai,evspsblsoi,0.31956009426551457,0.5376014663524482,12730
CLASSIC,2006,HW,precipitation,evapotrans,0.3037668583223261,0.5583984183454599,12231
CLASSIC,2006,HW,lai,evapotrans,0.3337661972149237,0.614926753139323,12231
CLASSIC,2006,HW,precipitation,tran,0.2138568088353462,0.4280709095018925,12231
CLASSIC,2006,HW,lai,tran,0.4051059754402058,0.7019639104108653,12231
CLASSIC,2006,HW,precipitation,evspsblveg,0.36151664753286206,0.6430290898567258,12231
CLASSIC,2006,HW,lai,evspsblveg,0.3901077600427262,0.7634115579025331,12231
CLASSIC,2006,HW,precipitation,evspsblsoi,0.2208912262476735,0.4384543436904457,12231
CLASSIC,2006,HW,lai,evspsblsoi,0.37710549838744,0.6534178230148946,12231
CLASSIC,2006,HD,precipitation,evapotrans,0.46255671191180653,0.7227272727272728,10968
CLASSIC,2006,HD,lai,evapotrans,0.4918981181353297,0.7114372497900581,10968
CLASSIC,2006,HD,precipitation,tran,0.46457502363826436,0.6656352363901599,10968
CLASSIC,2006,HD,lai,tran,0.6231836611619648,0.7826442316323212,10968
CLASSIC,2006,HD,precipitation,evspsblveg,0.4897677584294813,0.6703461308931769,10968
CLASSIC,2006,HD,lai,evspsblveg,0.6157048731139299,0.8204820753104913,10968
CLASSIC,2006,HD,precipitation,evspsblsoi,0.3980200340609414,0.7142497181884491,10968
CLASSIC,2006,HD,lai,evspsblsoi,0.38587800293486574,0.6548570369964228,10968
CLASSIC,2006,CW,precipitation,evapotrans,0.27064773876410864,0.47821038870258314,21002
CLASSIC,2006,CW,lai,evapotrans,0.28643478398882644,0.5952142270079579,21002
CLASSIC,2006,CW,precipitation,tran,0.2298471347400021,0.36457221761192815,21002
CLASSIC,2006,CW,lai,tran,0.4138848000870665,0.7888908474571968,21002
CLASSIC,2006,CW,precipitation,evspsblveg,0.30023759641938863,0.5560045254863648,21002
CLASSIC,2006,CW,lai,evspsblveg,0.5412057581817604,0.7895666970544406,21002
CLASSIC,2006,CW,precipitation,evspsblsoi,0.12252198203345713,0.18672775707633027,21002
CLASSIC,2006,CW,lai,evspsblsoi,0.17922324465128414,0.4374224054543705,21002
CLASSIC,2006,CD,precipitation,evapotrans,0.25469356549899264,0.43772932358539446,12844
CLASSIC,2006,CD,lai,evapotrans,0.3518333031726526,0.6679215537058288,12844
CLASSIC,2006,CD,precipitation,tran,0.2842776697319355,0.44725089745111996,12844
CLASSIC,2006,CD,lai,tran,0.4752039420913872,0.7836718260551339,12844
CLASSIC,2006,CD,precipitation,evspsblveg,0.2981800305905984,0.501782555795623,12844
CLASSIC,2006,CD,lai,evspsblveg,0.5118327401443364,0.8407172814268074,12844
CLASSIC,2006,CD,precipitation,evspsblsoi,0.21546867202596232,0.4287198745746741,12844
CLASSIC,2006,CD,lai,evspsblsoi,0.3146430098472632,0.5144489165560606,12844
CLASSIC,2007,HW,precipitation,evapotrans,0.28356089450880817,0.5099763927932209,12185
CLASSIC,2007,HW,lai,evapotrans,0.3396665368432994,0.6096406810105217,12185
CLASSIC,2007,HW,precipitation,tran,0.22806823839340387,0.4091849639630754,12185
CLASSIC,2007,HW,lai,tran,0.3909823028421219,0.7027795777632432,12185
CLASSIC,2007,HW,precipitation,evspsblveg,0.3330190194038246,0.5803935297469992,12185
CLASSIC,2007,HW,lai,evspsblveg,0.432690317981254,0.7625059792244462,12185
CLASSIC,2007,HW,precipitation,evspsblsoi,0.2402124682272176,0.44652427388399313,12185
CLASSIC,2007,HW,lai,evspsblsoi,0.41018282828629715,0.6374678316883242,12185
CLASSIC,2007,HD,precipitation,evapotrans,0.5210346487239433,0.7571175398325682,11109
CLASSIC,2007,HD,lai,evapotrans,0.5123839145999396,0.7130283106625542,11109
CLASSIC,2007,HD,precipitation,tran,0.4364740498323878,0.713312966963723,11109
CLASSIC,2007,HD,lai,tran,0.6168883428985621,0.7882835812611777,11109
CLASSIC,2007,HD,precipitation,evspsblveg,0.4856828334635419,0.7023775767395805,11109
CLASSIC,2007,HD,lai,evspsblveg,0.6185101091799701,0.8333795572373872,11109
CLASSIC,2007,HD,precipitation,evspsblsoi,0.4823441991909614,0.7557284634080474,11109
CLASSIC,2007,HD,lai,evspsblsoi,0.3611561534225256,0.6582110141881052,11109
CLASSIC,2007,CW,precipitation,evapotrans,0.2213742207181366,0.44052055398165485,21277
CLASSIC,2007,CW,lai,evapotrans,0.2787513722711765,0.5994438380106868,21277
CLASSIC,2007,CW,precipitation,tran,0.25040441388067,0.3485223639773401,21277
CLASSIC,2007,CW,lai,tran,0.3895237586235196,0.7729542711056911,21277
CLASSIC,2007,CW,precipitation,evspsblveg,0.3060308997344273,0.583654258313453,21277
CLASSIC,2007,CW,lai,evspsblveg,0.5481177277471879,0.7944801934101599,21277
CLASSIC,2007,CW,precipitation,evspsblsoi,0.11482163441338224,0.1714442834420732,21277
CLASSIC,2007,CW,lai,evspsblsoi,0.1559490003148587,0.5084292942607023,21277
CLASSIC,2007,CD,precipitation,evapotrans,0.2799660262974395,0.46548870189560887,12591
CLASSIC,2007,CD,lai,evapotrans,0.38304324817157936,0.7283156469256336,12591
CLASSIC,2007,CD,precipitation,tran,0.2683088752425061,0.4487892400670222,12591
CLASSIC,2007,CD,lai,tran,0.5288576525878105,0.7653021823208062,12591
CLASSIC,2007,CD,precipitation,evspsblveg,0.3109036155466379,0.5136051956372383,12591
CLASSIC,2007,CD,lai,evspsblveg,0.5552351557389764,0.8201063217678398,12591
CLASSIC,2007,CD,precipitation,evspsblsoi,0.2531275823249082,0.4618872937904356,12591
CLASSIC,2007,CD,lai,evspsblsoi,0.3645252238051702,0.7274420070241165,12591
CLASSIC,2008,HW,precipitation,evapotrans,0.2997533960449796,0.5219953154735764,12144
CLASSIC,2008,HW,lai,evapotrans,0.3431558801249368,0.639774760487321,12144
CLASSIC,2008,HW,precipitation,tran,0.18160535579297601,0.40256307031669347,12144
CLASSIC,2008,HW,lai,tran,0.3939819696874568,0.718001065404447,12144
CLASSIC,2008,HW,precipitation,evspsblveg,0.35158674539260165,0.5925663641243352,12144
CLASSIC,2008,HW,lai,evspsblveg,0.4176173669942025,0.7442752809902569,12144
CLASSIC,2008,HW,precipitation,evspsblsoi,0.18965808020197167,0.400311081832821,12144
CLASSIC,2008,HW,lai,evspsblsoi,0.38739152682906713,0.6308981522145773,12144
CLASSIC,2008,HD,precipitation,evapotrans,0.50586394687789,0.7215433764894369,11196
CLASSIC,2008,HD,lai,evapotrans,0.45787908947072936,0.6881185244730261,11196
CLASSIC,2008,HD,precipitation,tran,0.4885751179134207,0.6716337936417333,11196
CLASSIC,2008,HD,lai,tran,0.6169253687541468,0.7855605318225897,11196
CLASSIC,2008,HD,precipitation,evspsblveg,0.5195999751073663,0.6811048070882968,11196
CLASSIC,2008,HD,lai,evspsblveg,0.6127252079824427,0.8147619685602,11196
CLASSIC,2008,HD,precipitation,evspsblsoi,0.38364743436606663,0.705823476525164,11196
CLASSIC,2008,HD,lai,evspsblsoi,0.3612777734675444,0.6470391211146838,11196
CLASSIC,2008,CW,precipitation,evapotrans,0.1881903110673845,0.4660915338466121,20845
CLASSIC,2008,CW,lai,evapotrans,0.266926952561242,0.5828058301739515,20845
CLASSIC,2008,CW,precipitation,tran,0.2159100019968256,0.4174619910691739,20845
CLASSIC,2008,CW,lai,tran,0.41839832878663685,0.7767971087270265,20845
CLASSIC,2008,CW,precipitation,evspsblveg,0.30174523538907694,0.5465657312519192,20845
CLASSIC,2008,CW,lai,evspsblveg,0.530106591088482,0.7626933521544481,20845
CLASSIC,2008,CW,precipitation,evspsblsoi,0.13244604923260267,0.19710366511300437,20845
CLASSIC,2008,CW,lai,evspsblsoi,0.16723968699788855,0.40228533891524343,20845
CLASSIC,2008,CD,precipitation,evapotrans,0.24768517869921522,0.41317851426717395,12716
CLASSIC,2008,CD,lai,evapotrans,0.3615795778507145,0.7246177252053077,12716
CLASSIC,2008,CD,precipitation,tran,0.2622396983203038,0.4271160386261255,12716
CLASSIC,2008,CD,lai,tran,0.4981244843815843,0.7588911409584518,12716
CLASSIC,2008,CD,precipitation,evspsblveg,0.2896928458726987,0.4992971762410948,12716
CLASSIC,2008,CD,lai,evspsblveg,0.55466618591741,0.834625717908998,12716
CLASSIC,2008,CD,precipitation,evspsblsoi,0.238181615246834,0.4043449115427963,12716
CLASSIC,2008,CD,lai,evspsblsoi,0.34391871974296734,0.7228876213990792,12716
CLASSIC,2009,HW,precipitation,evapotrans,0.2456748493539356,0.4681716647378379,12105
CLASSIC,2009,HW,lai,evapotrans,0.3318544835622156,0.6432291629360629,12105
CLASSIC,2009,HW,precipitation,tran,0.22723629022273117,0.4221460241057551,12105
CLASSIC,2009,HW,lai,tran,0.3847540666566388,0.7115453107631374,12105
CLASSIC,2009,HW,precipitation,evspsblveg,0.2976390521827486,0.5305856306178631,12105
CLASSIC,2009,HW,lai,evspsblveg,0.361166743426021,0.7694484436517658,12105
CLASSIC,2009,HW,precipitation,evspsblsoi,0.24146682575039674,0.448516166177382,12105
CLASSIC,2009,HW,lai,evspsblsoi,0.38973955056788456,0.6455473729556718,12105
CLASSIC,2009,HD,precipitation,evapotrans,0.5126540809477642,0.724341735295492,11132
CLASSIC,2009,HD,lai,evapotrans,0.4702565376552996,0.6779838284635299,11132
CLASSIC,2009,HD,precipitation,tran,0.45524029380021624,0.6616091613237964,11132
CLASSIC,2009,HD,lai,tran,0.6127365996670195,0.7950131311482707,11132
CLASSIC,2009,HD,precipitation,evspsblveg,0.49598411320948427,0.6582912107301054,11132
CLASSIC,2009,HD,lai,evspsblveg,0.5900973824197032,0.8066129572274859,11132
CLASSIC,2009,HD,precipitation,evspsblsoi,0.42816347584600245,0.7208991490616475,11132
CLASSIC,2009,HD,lai,evspsblsoi,0.363596205740031,0.6392630395494101,11132
CLASSIC,2009,CW,precipitation,evapotrans,0.27930508263803955,0.5176219716685502,21308
CLASSIC,2009,CW,lai,evapotrans,0.2744144846336324,0.5639762753816848,21308
CLASSIC,2009,CW,precipitation,tran,0.25332970602106886,0.43122245324699426,21308
CLASSIC,2009,CW,lai,tran,0.4170802487738328,0.7819176094582754,21308
CLASSIC,2009,CW,precipitation,evspsblveg,0.3443740983847491,0.525549477146298,21308
CLASSIC,2009,CW,lai,evspsblveg,0.5344904278302034,0.8008754662351125,21308
CLASSIC,2009,CW,precipitation,evspsblsoi,0.10856024023934929,0.24467134702515547,21308
CLASSIC,2009,CW,lai,evspsblsoi,0.19636431971318827,0.46539291393983195,21308
CLASSIC,2009,CD,precipitation,evapotrans,0.27689756986813985,0.49053770919579776,13152
CLASSIC,2009,CD,lai,evapotrans,0.3830145395631539,0.6531709670978192,13152
CLASSIC,2009,CD,precipitation,tran,0.277963780053099,0.4732098043785755,13152
CLASSIC,2009,CD,lai,tran,0.46729957074001094,0.7683755149054496,13152
CLASSIC,2009,CD,precipitation,evspsblveg,0.29831363843098974,0.5111916514675614,13152
CLASSIC,2009,CD,lai,evspsblveg,0.5167984975900382,0.8186906518314734,13152
CLASSIC,2009,CD,precipitation,evspsblsoi,0.27172216922178094,0.4858252929141957,13152
CLASSIC,2009,CD,lai,evspsblsoi,0.3477262924056137,0.5508561905677991,13152
CLASSIC,2010,HW,precipitation,evapotrans,0.25621822478867884,0.5391909888319403,12053
CLASSIC,2010,HW,lai,evapotrans,0.34625001678272277,0.5769439535913727,12053
CLASSIC,2010,HW,precipitation,tran,0.185152321634501,0.39823649252837007,12053
CLASSIC,2010,HW,lai,tran,0.40252553297624294,0.6889275930147652,12053
CLASSIC,2010,HW,precipitation,evspsblveg,0.31315914951569335,0.6330913534322359,12053
CLASSIC,2010,HW,lai,evspsblveg,0.3851993942383794,0.7711131144245585,12053
CLASSIC,2010,HW,precipitation,evspsblsoi,0.2047141791200776,0.3251493988890141,12053
CLASSIC,2010,HW,lai,evspsblsoi,0.3823967655992396,0.6514135536537837,12053
CLASSIC,2010,HD,precipitation,evapotrans,0.50012245311349,0.7005429407776143,10994
CLASSIC,2010,HD,lai,evapotrans,0.4591307393577074,0.718224320703855,10994
CLASSIC,2010,HD,precipitation,tran,0.4046756912489118,0.6465652339292507,10994
CLASSIC,2010,HD,lai,tran,0.6204227038886129,0.7909907883639009,10994
CLASSIC,2010,HD,precipitation,evspsblveg,0.44578983380688186,0.6697730993765194,10994
CLASSIC,2010,HD,lai,evspsblveg,0.596680164530144,0.8278236062645741,10994
CLASSIC,2010,HD,precipitation,evspsblsoi,0.41600785919960015,0.7065412539070898,10994
CLASSIC,2010,HD,lai,evspsblsoi,0.3736807884125066,0.648358445629486,10994
CLASSIC,2010,CW,precipitation,evapotrans,0.2542175822292102,0.5147874409240422,21156
CLASSIC,2010,CW,lai,evapotrans,0.2853359602149368,0.5775367143920702,21156
CLASSIC,2010,CW,precipitation,tran,0.23968594434325635,0.35860075893149135,21156
CLASSIC,2010,CW,lai,tran,0.41238753086140634,0.7786988617457283,21156
CLASSIC,2010,CW,precipitation,evspsblveg,0.29419545679220943,0.5217730847023159,21156
CLASSIC,2010,CW,lai,evspsblveg,0.5437464082018646,0.7853221777480887,21156
CLASSIC,2010,CW,precipitation,evspsblsoi,0.10305901832912592,0.20466202815630827,21156
CLASSIC,2010,CW,lai,evspsblsoi,0.1874402449568084,0.4336620285137216,21156
CLASSIC,2010,CD,precipitation,evapotrans,0.25835098880041985,0.4809419366077296,13294
CLASSIC,2010,CD,lai,evapotrans,0.3672696971979013,0.662608492044011,13294
CLASSIC,2010,CD,precipitation,tran,0.27424741400989716,0.47576722947539773,13294
CLASSIC,2010,CD,lai,tran,0.4632951587008216,0.7824203581015123,13294
CLASSIC,2010,CD,precipitation,evspsblveg,0.31369587274942284,0.5161091384999281,13294
CLASSIC,2010,CD,lai,evspsblveg,0.503160674062314,0.8367830588959234,13294
CLASSIC,2010,CD,precipitation,evspsblsoi,0.24622982572543484,0.4729344872287993,13294
CLASSIC,2010,CD,lai,evspsblsoi,0.32991245187747414,0.5322137617908638,13294
CLASSIC,2011,HW,precipitation,evapotrans,0.2790199283636626,0.5161205798216303,12235
CLASSIC,2011,HW,lai,evapotrans,0.38991104887670913,0.6201376368555869,12235
CLASSIC,2011,HW,precipitation,tran,0.18106999099871524,0.4161737995838575,12235
CLASSIC,2011,HW,lai,tran,0.39930413658447983,0.6883050741070165,12235
CLASSIC,2011,HW,precipitation,evspsblveg,0.32494003595171894,0.5494618593929876,12235
CLASSIC,2011,HW,lai,evspsblveg,0.44375516760450917,0.7560434812802659,12235
CLASSIC,2011,HW,precipitation,evspsblsoi,0.2182545119941452,0.44087311126602935,12235
CLASSIC,2011,HW,lai,evspsblsoi,0.4014644845371156,0.6442621483956612,12235
CLASSIC,2011,HD,precipitation,evapotrans,0.4283468891233485,0.7197174544356215,11044
CLASSIC,2011,HD,lai,evapotrans,0.474729540336677,0.7059208661036643,11044
CLASSIC,2011,HD,precipitation,tran,0.41565785605929373,0.6957865943511808,11044
CLASSIC,2011,HD,lai,tran,0.621863009096683,0.8070514322799301,11044
CLASSIC,2011,HD,precipitation,evspsblveg,0.43693227747770447,0.6961804897247243,11044
CLASSIC,2011,HD,lai,evspsblveg,0.6041213932150187,0.8215477866403575,11044
CLASSIC,2011,HD,precipitation,evspsblsoi,0.3668904571770092,0.7118081660885176,11044
CLASSIC,2011,HD,lai,evspsblsoi,0.37101167136460744,0.6553856183152489,11044
CLASSIC,2011,CW,precipitation,evapotrans,0.23817515815916013,0.44650807187548225,21101
CLASSIC,2011,CW,lai,evapotrans,0.2942439780150129,0.5652254790190356,21101
CLASSIC,2011,CW,precipitation,tran,0.2323257897642412,0.35016331553468777,21101
CLASSIC,2011,CW,lai,tran,0.4342907986436707,0.7796401871390202,21101
CLASSIC,2011,CW,precipitation,evspsblveg,0.27770390859544014,0.5360318495271331,21101
CLASSIC,2011,CW,lai,evspsblveg,0.5500195291838329,0.7636901908533075,21101
CLASSIC,2011,CW,precipitation,evspsblsoi,0.11069233489256328,0.2236832341744039,21101
CLASSIC,2011,CW,lai,evspsblsoi,0.19518571366645318,0.48967796723993445,21101
CLASSIC,2011,CD,precipitation,evapotrans,0.28871428896899176,0.4734423676012461,12840
CLASSIC,2011,CD,lai,evapotrans,0.3609034267912773,0.6599688473520249,12840
CLASSIC,2011,CD,precipitation,tran,0.2957958134505332,0.46812045690550363,12840
CLASSIC,2011,CD,lai,tran,0.4613317757009346,0.782165109034268,12840
CLASSIC,2011,CD,precipitation,evspsblveg,0.31790864157930804,0.5176791277258568,12840
CLASSIC,2011,CD,lai,evspsblveg,0.5096573208722742,0.8246105919003115,12840
CLASSIC,2011,CD,precipitation,evspsblsoi,0.2812881382032184,0.46882139148494295,12840
CLASSIC,2011,CD,lai,evspsblsoi,0.3268691588785047,0.5530373831775701,12840
CLASSIC,2012,HW,precipitation,evapotrans,0.2784564237867013,0.46839912241628373,12217
CLASSIC,2012,HW,lai,evapotrans,0.3662573070365491,0.6942907223132372,12217
CLASSIC,2012,HW,precipitation,tran,0.2019125616571798,0.4748862194251337,12217
CLASSIC,2012,HW,lai,tran,0.4154385173866225,0.7484746979303745,12217
CLASSIC,2012,HW,precipitation,evspsblveg,0.3442649529659434,0.5808735968915628,12217
CLASSIC,2012,HW,lai,evspsblveg,0.41756065590441827,0.7692706240814127,12217
CLASSIC,2012,HW,precipitation,evspsblsoi,0.20406501138268346,0.4475528920756099,12217
CLASSIC,2012,HW,lai,evspsblsoi,0.4104455968840093,0.6389720556542513,12217
CLASSIC,2012,HD,precipitation,evapotrans,0.4985144015240804,0.7279291024296966,11185
CLASSIC,2012,HD,lai,evapotrans,0.4653147187822962,0.687541521802267,11185
CLASSIC,2012,HD,precipitation,tran,0.46016526356307075,0.6639210813923706,11185
CLASSIC,2012,HD,lai,tran,0.6254865466364494,0.78972796053696,11185
CLASSIC,2012,HD,precipitation,evspsblveg,0.4936041038675632,0.676932995225876,11185
CLASSIC,2012,HD,lai,evspsblveg,0.587685217699084,0.7974116362116856,11185
CLASSIC,2012,HD,precipitation,evspsblsoi,0.41753842812009645,0.7244466645561465,11185
CLASSIC,2012,HD,lai,evspsblsoi,0.3342702929007356,0.6688421993741618,11185
CLASSIC,2012,CW,precipitation,evapotrans,0.2409379395182758,0.48869685005555136,21231
CLASSIC,2012,CW,lai,evapotrans,0.25540953218674234,0.5517745078550792,21231
CLASSIC,2012,CW,precipitation,tran,0.23597439986860977,0.39993762727642984,21231
CLASSIC,2012,CW,lai,tran,0.38380114444948,0.7863188142698276,21231
CLASSIC,2012,CW,precipitation,evspsblveg,0.2729731324967333,0.5782012114325578,21231
CLASSIC,2012,CW,lai,evspsblveg,0.5087122313102848,0.7619400876077433,21231
CLASSIC,2012,CW,precipitation,evspsblsoi,0.07403271054435957,0.1617554796399272,21231
CLASSIC,2012,CW,lai,evspsblsoi,0.1906805237934833,0.43279316345536123,21231
CLASSIC,2012,CD,precipitation,evapotrans,0.2579092451960808,0.6180703279593186,12522
CLASSIC,2012,CD,lai,evapotrans,0.38130998069595595,0.7196298347244179,12522
CLASSIC,2012,CD,precipitation,tran,0.22639885431034357,0.5822158270904286,12522
CLASSIC,2012,CD,lai,tran,0.4999168237065704,0.7845118688474606,12522
CLASSIC,2012,CD,precipitation,evspsblveg,0.2702591161378516,0.5784520082977314,12522
CLASSIC,2012,CD,lai,evspsblveg,0.5588510547315318,0.8243357293716929,12522
CLASSIC,2012,CD,precipitation,evspsblsoi,0.24141204525598503,0.6197472807140869,12522
CLASSIC,2012,CD,lai,evspsblsoi,0.3591058650513116,0.7175535847327864,12522
CLASSIC,2013,HW,precipitation,evapotrans,0.23931494653616803,0.49515411301757495,12115
CLASSIC,2013,HW,lai,evapotrans,0.3335397912469744,0.6744803989272224,12115
CLASSIC,2013,HW,precipitation,tran,0.17356142244113368,0.42584207450873035,12115
CLASSIC,2013,HW,lai,tran,0.3890401937428576,0.7369581118243892,12115
CLASSIC,2013,HW,precipitation,evspsblveg,0.33542540450563096,0.5566382535901135,12115
CLASSIC,2013,HW,lai,evspsblveg,0.36487260901062746,0.7797975670451898,12115
CLASSIC,2013,HW,precipitation,evspsblsoi,0.1913448454702947,0.4176550630713092,12115
CLASSIC,2013,HW,lai,evspsblsoi,0.40292665055409904,0.6489748273217746,12115
CLASSIC,2013,HD,precipitation,evapotrans,0.4819915346705643,0.7768069269164541,11152
CLASSIC,2013,HD,lai,evapotrans,0.438551752867832,0.680997156271373,11152
CLASSIC,2013,HD,precipitation,tran,0.4297099977901284,0.700976545721931,11152
CLASSIC,2013,HD,lai,tran,0.6177323860748499,0.7969134873986311,11152
CLASSIC,2013,HD,precipitation,evspsblveg,0.4774739792839418,0.7008916036171874,11152
CLASSIC,2013,HD,lai,evspsblveg,0.5779161653724161,0.8246125226906919,11152
CLASSIC,2013,HD,precipitation,evspsblsoi,0.4253926167942622,0.773668476414302,11152
CLASSIC,2013,HD,lai,evspsblsoi,0.36779825131408794,0.6307714370417625,11152
CLASSIC,2013,CW,precipitation,evapotrans,0.27434442606462117,0.48527201711573853,21205
CLASSIC,2013,CW,lai,evapotrans,0.27692131974341855,0.55474711347579,21205
CLASSIC,2013,CW,precipitation,tran,0.21311965116234038,0.4297807232028191,21205
CLASSIC,2013,CW,lai,tran,0.4292656876742573,0.7834058111911504,21205
CLASSIC,2013,CW,precipitation,evspsblveg,0.28731520673901134,0.5219950593435737,21205
CLASSIC,2013,CW,lai,evspsblveg,0.5222249224773438,0.7622908361506815,21205
CLASSIC,2013,CW,precipitation,evspsblsoi,0.11500106991692927,0.23825933569334107,21205
CLASSIC,2013,CW,lai,evspsblsoi,0.19037873385793783,0.41738516964843647,21205
CLASSIC,2013,CD,precipitation,evapotrans,0.30876154265534816,0.46119818101082743,12813
CLASSIC,2013,CD,lai,evapotrans,0.38455043554820545,0.6480853287046491,12813
CLASSIC,2013,CD,precipitation,tran,0.30404067023148906,0.436824047534601,12813
CLASSIC,2013,CD,lai,tran,0.47664431122445716,0.7944629047161418,12813
CLASSIC,2013,CD,precipitation,evspsblveg,0.328853867241496,0.5219945299802158,12813
CLASSIC,2013,CD,lai,evspsblveg,0.508342851440218,0.8181743191057541,12813
CLASSIC,2013,CD,precipitation,evspsblsoi,0.30513586894860917,0.4430644189008019,12813
CLASSIC,2013,CD,lai,evspsblsoi,0.3579311738974121,0.5257725735918084,12813
CLASSIC,2014,HW,precipitation,evapotrans,0.25770764318690914,0.5187677925892267,12307
CLASSIC,2014,HW,lai,evapotrans,0.3475164177171958,0.6139775551245594,12307
CLASSIC,2014,HW,precipitation,tran,0.20052498707747451,0.41665852030740497,12307
CLASSIC,2014,HW,lai,tran,0.3918803232478575,0.7269170517567851,12307
CLASSIC,2014,HW,precipitation,evspsblveg,0.3478669865189972,0.5776829008370145,12307
CLASSIC,2014,HW,lai,evspsblveg,0.4438126296026915,0.7703081805662697,12307
CLASSIC,2014,HW,precipitation,evspsblsoi,0.23641158052908967,0.472639751095666,12307
CLASSIC,2014,HW,lai,evspsblsoi,0.3944812128625411,0.6486760290501923,12307
CLASSIC,2014,HD,precipitation,evapotrans,0.5181588860614129,0.7197402656059205,11130
CLASSIC,2014,HD,lai,evapotrans,0.44752920035938903,0.698292902066487,11130
CLASSIC,2014,HD,precipitation,tran,0.4326344441293491,0.6648697214734951,11130
CLASSIC,2014,HD,lai,tran,0.6179694519317162,0.8076370170709793,11130
CLASSIC,2014,HD,precipitation,evspsblveg,0.4934973064152292,0.6814914645103324,11130
CLASSIC,2014,HD,lai,evspsblveg,0.6037735849056604,0.8084456424079066,11130
CLASSIC,2014,HD,precipitation,evspsblsoi,0.42238011359145466,0.7186653246034703,11130
CLASSIC,2014,HD,lai,evspsblsoi,0.3460916442048517,0.6746630727762803,11130
CLASSIC,2014,CW,precipitation,evapotrans,0.19385361942484458,0.5075030647402711,20723
CLASSIC,2014,CW,lai,evapotrans,0.2745120901607655,0.574375659047479,20723
CLASSIC,2014,CW,precipitation,tran,0.1712106375855592,0.35690185701041455,20723
CLASSIC,2014,CW,lai,tran,0.405675631891672,0.7855183686668562,20723
CLASSIC,2014,CW,precipitation,evspsblveg,0.2674792742260049,0.5674537444371964,20723
CLASSIC,2014,CW,lai,evspsblveg,0.5342074988210925,0.7563830899383803,20723
CLASSIC,2014,CW,precipitation,evspsblsoi,0.11761782035424541,0.23429442868410888,20723
CLASSIC,2014,CW,lai,evspsblsoi,0.1779256009857091,0.4197002433425773,20723
CLASSIC,2014,CD,precipitation,evapotrans,0.27356172105708804,0.4702979772917658,12859
CLASSIC,2014,CD,lai,evapotrans,0.4190954601874597,0.7490504438800691,12859
CLASSIC,2014,CD,precipitation,tran,0.28989103815301337,0.4572347700228797,12859
CLASSIC,2014,CD,lai,tran,0.5449979844798295,0.7563643088084098,12859
CLASSIC,2014,CD,precipitation,evspsblveg,0.3385338443299475,0.5169001134488511,12859
CLASSIC,2014,CD,lai,evspsblveg,0.5403258841530044,0.8134405987564368,12859
CLASSIC,2014,CD,precipitation,evspsblsoi,0.25263574065476446,0.4667460740089976,12859
CLASSIC,2014,CD,lai,evspsblsoi,0.3993429392149836,0.7488948503187521,12859
CLASSIC,2015,HW,precipitation,evapotrans,0.2347715916189151,0.464150800380453,12373
CLASSIC,2015,HW,lai,evapotrans,0.3780916292229129,0.6311770887858771,12373
CLASSIC,2015,HW,precipitation,tran,0.1889428989222239,0.4448434186573683,12373
CLASSIC,2015,HW,lai,tran,0.3865427308961066,0.7069772670624335,12373
CLASSIC,2015,HW,precipitation,evspsblveg,0.29141873393779294,0.5200343731406405,12373
CLASSIC,2015,HW,lai,evspsblveg,0.4580666001498425,0.7589525736572429,12373
CLASSIC,2015,HW,precipitation,evspsblsoi,0.23760310786206942,0.414934049816899,12373
CLASSIC,2015,HW,lai,evspsblsoi,0.4098082435082884,0.6370012379083279,12373
CLASSIC,2015,HD,precipitation,evapotrans,0.4948366303335105,0.7028486637034304,11327
CLASSIC,2015,HD,lai,evapotrans,0.4657433019886503,0.7134409491540533,11327
CLASSIC,2015,HD,precipitation,tran,0.44028563725390346,0.6511946749329547,11327
CLASSIC,2015,HD,lai,tran,0.615591252771373,0.7985424231021785,11327
CLASSIC,2015,HD,precipitation,evspsblveg,0.48842936261248804,0.676537038908587,11327
CLASSIC,2015,HD,lai,evspsblveg,0.580356404737921,0.8235222980247542,11327
CLASSIC,2015,HD,precipitation,evspsblsoi,0.4591979269865686,0.6945536487304975,11327
CLASSIC,2015,HD,lai,evspsblsoi,0.39500647173867187,0.6308158863398898,11327
CLASSIC,2015,CW,precipitation,evapotrans,0.20497337793267795,0.47274459579871,21087
CLASSIC,2015,CW,lai,evapotrans,0.2933159512020725,0.5915108450319717,21087
CLASSIC,2015,CW,precipitation,tran,0.2380679160820962,0.40117724031734414,21087
CLASSIC,2015,CW,lai,tran,0.38174959369149875,0.7875537104595667,21087
CLASSIC,2015,CW,precipitation,evspsblveg,0.2856779929025235,0.5114807509173707,21087
CLASSIC,2015,CW,lai,evspsblveg,0.5453077994828297,0.7290828128485652,21087
CLASSIC,2015,CW,precipitation,evspsblsoi,0.10298429491313249,0.18920450202881633,21087
CLASSIC,2015,CW,lai,evspsblsoi,0.1798057576411913,0.40376261428893,21087
CLASSIC,2015,CD,precipitation,evapotrans,0.3060055541862203,0.5021159678702463,13022
CLASSIC,2015,CD,lai,evapotrans,0.3736989110476162,0.6717090022870559,13022
CLASSIC,2015,CD,precipitation,tran,0.30616112046302973,0.4882741604381426,13022
CLASSIC,2015,CD,lai,tran,0.5042207904807674,0.8019859066061297,13022
CLASSIC,2015,CD,precipitation,evspsblveg,0.3442111199739729,0.5252284167798253,13022
CLASSIC,2015,CD,lai,evspsblveg,0.5271025448838678,0.8340698714837975,13022
CLASSIC,2015,CD,precipitation,evspsblsoi,0.27170751992953895,0.4994284445566454,13022
CLASSIC,2015,CD,lai,evspsblsoi,0.3436716807501237,0.5664376841428046,13022
CLASSIC,2016,HW,precipitation,evapotrans,0.21795340652483844,0.4403504832791726,12193
CLASSIC,2016,HW,lai,evapotrans,0.33334865073741865,0.6536084262268191,12193
CLASSIC,2016,HW,precipitation,tran,0.16651763935902753,0.43049807783671473,12193
CLASSIC,2016,HW,lai,tran,0.39820162014178984,0.7132974039122151,12193
CLASSIC,2016,HW,precipitation,evspsblveg,0.3112509183720636,0.5562545292716998,12193
CLASSIC,2016,HW,lai,evspsblveg,0.42358352305721214,0.7603811243484235,12193
CLASSIC,2016,HW,precipitation,evspsblsoi,0.23682457782702238,0.42753682911318375,12193
CLASSIC,2016,HW,lai,evspsblsoi,0.37619010679146114,0.6384673146242201,12193
CLASSIC,2016,HD,precipitation,evapotrans,0.5299450633470013,0.7423399413019847,11095
CLASSIC,2016,HD,lai,evapotrans,0.4315956785988332,0.6792248760703019,11095
CLASSIC,2016,HD,precipitation,tran,0.40957342446892364,0.6753203435303772,11095
CLASSIC,2016,HD,lai,tran,0.624886220154359,0.7796410200195689,11095
CLASSIC,2016,HD,precipitation,evspsblveg,0.4610049978495444,0.6840778806689054,11095
CLASSIC,2016,HD,lai,evspsblveg,0.5785602637337653,0.7843395897023657,11095
CLASSIC,2016,HD,precipitation,evspsblsoi,0.4432565003726404,0.7401715552066626,11095
CLASSIC,2016,HD,lai,evspsblsoi,0.33977158772111454,0.6678684091933302,11095
CLASSIC,2016,CW,precipitation,evapotrans,0.3267487270532675,0.48627730294396965,21060
CLASSIC,2016,CW,lai,evapotrans,0.25567426400759735,0.5646723646723647,21060
CLASSIC,2016,CW,precipitation,tran,0.308297602483649,0.38000949667616335,21060
CLASSIC,2016,CW,lai,tran,0.3898622981956315,0.778062678062678,21060
CLASSIC,2016,CW,precipitation,evspsblveg,0.3105800724848344,0.5419278252611586,21060
CLASSIC,2016,CW,lai,evspsblveg,0.5135802469135803,0.7860873694207028,21060
CLASSIC,2016,CW,precipitation,evspsblsoi,0.09019565321499987,0.1995251661918328,21060
CLASSIC,2016,CW,lai,evspsblsoi,0.1999762583095916,0.42222222222222217,21060
CLASSIC,2016,CD,precipitation,evapotrans,0.269922777566744,0.47075597481598885,12943
CLASSIC,2016,CD,lai,evapotrans,0.3655770557889001,0.6967138659945582,12943
CLASSIC,2016,CD,precipitation,tran,0.2716577656329542,0.45492967617720853,12943
CLASSIC,2016,CD,lai,tran,0.4687051034968327,0.79553134220522,12943
CLASSIC,2016,CD,precipitation,evspsblveg,0.3060620517313746,0.49411951437699986,12943
CLASSIC,2016,CD,lai,evspsblveg,0.516757042321218,0.8416215798584646,12943
CLASSIC,2016,CD,precipitation,evspsblsoi,0.27382261971137034,0.450957604102172,12943
CLASSIC,2016,CD,lai,evspsblsoi,0.33320362817781113,0.5309215594539411,12943
CLASSIC,2017,HW,precipitation,evapotrans,0.2238084026764555,0.5325645712665941,12122
CLASSIC,2017,HW,lai,evapotrans,0.3291595947253527,0.5744640262851175,12122
CLASSIC,2017,HW,precipitation,tran,0.16024176634443843,0.40390102384482685,12122
CLASSIC,2017,HW,lai,tran,0.38816122991609503,0.6662952481048336,12122
CLASSIC,2017,HW,precipitation,evspsblveg,0.32065922515335243,0.5913674700179938,12122
CLASSIC,2017,HW,lai,evspsblveg,0.42301718828870183,0.769296774357647,12122
CLASSIC,2017,HW,precipitation,evspsblsoi,0.22376508288566138,0.4404147963688214,12122
CLASSIC,2017,HW,lai,evspsblsoi,0.38353547242201536,0.6429383841905181,12122
CLASSIC,2017,HD,precipitation,evapotrans,0.453215455027728,0.7283534453640143,11027
CLASSIC,2017,HD,lai,evapotrans,0.47108236391223857,0.708366038984012,11027
CLASSIC,2017,HD,precipitation,tran,0.4313119138399313,0.6708656814695944,11027
CLASSIC,2017,HD,lai,tran,0.6062207974256226,0.7858941141832612,11027
CLASSIC,2017,HD,precipitation,evspsblveg,0.4933438827020363,0.684917817005164,11027
CLASSIC,2017,HD,lai,evspsblveg,0.598696122386941,0.8291525597640869,11027
CLASSIC,2017,HD,precipitation,evspsblsoi,0.386759574146735,0.7255346888993156,11027
CLASSIC,2017,HD,lai,evspsblsoi,0.35709020823444904,0.6627522110280535,11027
CLASSIC,2017,CW,precipitation,evapotrans,0.21851547220648834,0.5042963035687311,20869
CLASSIC,2017,CW,lai,evapotrans,0.2535886181448639,0.5499128510676832,20869
CLASSIC,2017,CW,precipitation,tran,0.2683488442901487,0.39073148552141596,20869
CLASSIC,2017,CW,lai,tran,0.39580472825635116,0.766832149340205,20869
CLASSIC,2017,CW,precipitation,evspsblveg,0.3452241917082882,0.5990291779075085,20869
CLASSIC,2017,CW,lai,evspsblveg,0.5329218687142829,0.7483394657383454,20869
CLASSIC,2017,CW,precipitation,evspsblsoi,0.09711037431900629,0.17114747085332987,20869
CLASSIC,2017,CW,lai,evspsblsoi,0.17900998913913047,0.4279710682030141,20869
CLASSIC,2017,CD,precipitation,evapotrans,0.23204014216101607,0.45470827959225296,12898
CLASSIC,2017,CD,lai,evapotrans,0.38712978756396343,0.7384313448186346,12898
CLASSIC,2017,CD,precipitation,tran,0.2726119766853462,0.4549683603771672,12898
CLASSIC,2017,CD,lai,tran,0.49444562644770357,0.7885067211910747,12898
CLASSIC,2017,CD,precipitation,evspsblveg,0.296915626492978,0.5112663341831736,12898
CLASSIC,2017,CD,lai,evspsblveg,0.5476094484933065,0.8323069137574362,12898
CLASSIC,2017,CD,precipitation,evspsblsoi,0.22439182755798676,0.4502639072700413,12898
CLASSIC,2017,CD,lai,evspsblsoi,0.3655904827501649,0.7381214294927765,12898
CLASSIC,2018,HW,precipitation,evapotrans,0.2392524745664827,0.5333032993765741,12115
CLASSIC,2018,HW,lai,evapotrans,0.3742109105669131,0.6359402944008804,12115
CLASSIC,2018,HW,precipitation,tran,0.18577374555449772,0.43860957082088725,12115
CLASSIC,2018,HW,lai,tran,0.4054074743008762,0.7205373013570444,12115
CLASSIC,2018,HW,precipitation,evspsblveg,0.3454614332667274,0.5653263077029949,12115
CLASSIC,2018,HW,lai,evspsblveg,0.44468722460359944,0.7553684505883523,12115
CLASSIC,2018,HW,precipitation,evspsblsoi,0.25612634829310416,0.4101505239256901,12115
CLASSIC,2018,HW,lai,evspsblsoi,0.38424598506193586,0.6389118173063695,12115
CLASSIC,2018,HD,precipitation,evapotrans,0.4898923553587359,0.6816573462125064,11200
CLASSIC,2018,HD,lai,evapotrans,0.4945535714285715,0.6970535714285714,11200
CLASSIC,2018,HD,precipitation,tran,0.4195686647763477,0.6224640950686324,11200
CLASSIC,2018,HD,lai,tran,0.6103571428571428,0.8041071428571428,11200
CLASSIC,2018,HD,precipitation,evspsblveg,0.47163382502867335,0.6473588503766118,11200
CLASSIC,2018,HD,lai,evspsblveg,0.5897321428571428,0.8042857142857144,11200
CLASSIC,2018,HD,precipitation,evspsblsoi,0.44512313623040656,0.683321682765633,11200
CLASSIC,2018,HD,lai,evspsblsoi,0.33821428571428575,0.6532142857142857,11200
CLASSIC,2018,CW,precipitation,evapotrans,0.2291248206599713,0.4746054519368723,20910
CLASSIC,2018,CW,lai,evapotrans,0.2615016738402678,0.5483022477283597,20910
CLASSIC,2018,CW,precipitation,tran,0.1764466762314682,0.3900047824007652,20910
CLASSIC,2018,CW,lai,tran,0.3811573409851745,0.7601626016260163,20910
CLASSIC,2018,CW,precipitation,evspsblveg,0.25961262553802006,0.5657580105212817,20910
CLASSIC,2018,CW,lai,evspsblveg,0.5364897178383548,0.7682448589191774,20910
CLASSIC,2018,CW,precipitation,evspsblsoi,0.09127211860353898,0.2387374461979913,20910
CLASSIC,2018,CW,lai,evspsblsoi,0.17118603538976568,0.448780487804878,20910
CLASSIC,2018,CD,precipitation,evapotrans,0.2344480866951597,0.4408970451849115,12582
CLASSIC,2018,CD,lai,evapotrans,0.37042217678420664,0.7244362334416123,12582
CLASSIC,2018,CD,precipitation,tran,0.2297843839604828,0.42660843147100713,12582
CLASSIC,2018,CD,lai,tran,0.4905404015477229,0.7834692424052465,12582
CLASSIC,2018,CD,precipitation,evspsblveg,0.2671126574350068,0.4861369916657982,12582
CLASSIC,2018,CD,lai,evspsblveg,0.5143810814096096,0.8302579084383569,12582
CLASSIC,2018,CD,precipitation,evspsblsoi,0.23526642653446717,0.4387774188081154,12582
CLASSIC,2018,CD,lai,evspsblsoi,0.3449000629005678,0.7237991739650379,12582
CLASSIC,2019,HW,precipitation,evapotrans,0.22801717843543007,0.5235333793965716,12276
CLASSIC,2019,HW,lai,evapotrans,0.38632673446940957,0.6428382278177381,12276
CLASSIC,2019,HW,precipitation,tran,0.17463832309509317,0.3843785767064593,12276
CLASSIC,2019,HW,lai,tran,0.40505398938962556,0.7206906726188012,12276
CLASSIC,2019,HW,precipitation,evspsblveg,0.32704646236855234,0.6107619220469909,12276
CLASSIC,2019,HW,lai,evspsblveg,0.4440107815007268,0.7728246529601999,12276
CLASSIC,2019,HW,precipitation,evspsblsoi,0.20662978876343946,0.4897323556039538,12276
CLASSIC,2019,HW,lai,evspsblsoi,0.42073890010730863,0.637135779354966,12276
CLASSIC,2019,HD,precipitation,evapotrans,0.39545568486613514,0.7327844226974346,11125
CLASSIC,2019,HD,lai,evapotrans,0.45331992691076856,0.70473767628739,11125
CLASSIC,2019,HD,precipitation,tran,0.403928507711124,0.6722731263340179,11125
CLASSIC,2019,HD,lai,tran,0.6284996315252834,0.7797752808988764,11125
CLASSIC,2019,HD,precipitation,evspsblveg,0.4105707260724234,0.6731720027385123,11125
CLASSIC,2019,HD,lai,evspsblveg,0.5790860615605156,0.8243696457595122,11125
CLASSIC,2019,HD,precipitation,evspsblsoi,0.34174456895339195,0.7311579879988723,11125
CLASSIC,2019,HD,lai,evspsblsoi,0.36319250532521685,0.6638202247191012,11125
CLASSIC,2019,CW,precipitation,evapotrans,0.15295751775848815,0.46739420510865415,20984
CLASSIC,2019,CW,lai,evapotrans,0.2534649396498744,0.5909512127209787,20984
CLASSIC,2019,CW,precipitation,tran,0.18229464559944214,0.40075141150627236,20984
CLASSIC,2019,CW,lai,tran,0.43542067731844897,0.76826902940365,20984
CLASSIC,2019,CW,precipitation,evspsblveg,0.2680417980386426,0.5438814790624296,20984
CLASSIC,2019,CW,lai,evspsblveg,0.5246537422674755,0.7549305698463604,20984
CLASSIC,2019,CW,precipitation,evspsblsoi,0.1128598727459987,0.2723546284697638,20984
CLASSIC,2019,CW,lai,evspsblsoi,0.1727626577883578,0.4554477360368216,20984
CLASSIC,2019,CD,precipitation,evapotrans,0.20932419699232577,0.46787823374684007,12743
CLASSIC,2019,CD,lai,evapotrans,0.37975588161124196,0.6580906087617501,12743
CLASSIC,2019,CD,precipitation,tran,0.22229485217476497,0.452503560901596,12743
CLASSIC,2019,CD,lai,tran,0.4679604316267582,0.7854883188463332,12743
CLASSIC,2019,CD,precipitation,evspsblveg,0.23706745579699645,0.5021260749605083,12743
CLASSIC,2019,CD,lai,evspsblveg,0.49760024619050863,0.8261165453390019,12743
CLASSIC,2019,CD,precipitation,evspsblsoi,0.20651108685424485,0.46672810275359977,12743
CLASSIC,2019,CD,lai,evspsblsoi,0.3479315328229578,0.5349912429034038,12743
CLASSIC,2020,HW,precipitation,evapotrans,0.2073139419908392,0.4830359762017053,12168
CLASSIC,2020,HW,lai,evapotrans,0.36516352548841013,0.6350416950963693,12168
CLASSIC,2020,HW,precipitation,tran,0.15044933928646115,0.32892990329309146,12168
CLASSIC,2020,HW,lai,tran,0.40180792649821157,0.717055647124859,12168
CLASSIC,2020,HW,precipitation,evspsblveg,0.2681383926059401,0.5706244459246799,12168
CLASSIC,2020,HW,lai,evspsblveg,0.42838871925607913,0.7709641707413656,12168
CLASSIC,2020,HW,precipitation,evspsblsoi,0.1676487069279876,0.39911534328764586,12168
CLASSIC,2020,HW,lai,evspsblsoi,0.37930119115726846,0.6337289316320351,12168
CLASSIC,2020,HD,precipitation,evapotrans,0.5176469394135009,0.7879675123889135,11095
CLASSIC,2020,HD,lai,evapotrans,0.45754194934005654,0.6657052726453357,11095
CLASSIC,2020,HD,precipitation,tran,0.4539793511402344,0.7269660720015219,11095
CLASSIC,2020,HD,lai,tran,0.6075835637349832,0.7942389437657575,11095
CLASSIC,2020,HD,precipitation,evspsblveg,0.4972388341473515,0.7366941020375134,11095
CLASSIC,2020,HD,lai,evspsblveg,0.5896601423415304,0.7814533776678887,11095
CLASSIC,2020,HD,precipitation,evspsblsoi,0.4073064432936202,0.7854438530829198,11095
CLASSIC,2020,HD,lai,evspsblsoi,0.3302973094771202,0.6477692654348806,11095
CLASSIC,2020,CW,precipitation,evapotrans,0.21907143987147795,0.44712489453773513,20996
CLASSIC,2020,CW,lai,evapotrans,0.2594215562870542,0.5487436155639622,20996
CLASSIC,2020,CW,precipitation,tran,0.27054409456676554,0.41190857215433324,20996
CLASSIC,2020,CW,lai,tran,0.4236972317679798,0.7924952598680928,20996
CLASSIC,2020,CW,precipitation,evspsblveg,0.3541907469551316,0.5573295593718531,20996
CLASSIC,2020,CW,lai,evspsblveg,0.522333570532801,0.7914929827903728,20996
CLASSIC,2020,CW,precipitation,evspsblsoi,0.15024131580618533,0.21629081276252168,20996
CLASSIC,2020,CW,lai,evspsblsoi,0.21497228544580743,0.4485739687378094,20996
CLASSIC,2020,CD,precipitation,evapotrans,0.27462861610633305,0.4525410476935105,12790
CLASSIC,2020,CD,lai,evapotrans,0.3508209538702111,0.6869429241594996,12790
CLASSIC,2020,CD,precipitation,tran,0.26462079749804535,0.4466510294500913,12790
CLASSIC,2020,CD,lai,tran,0.4700156372165754,0.7883502736512901,12790
CLASSIC,2020,CD,precipitation,evspsblveg,0.30086004691164975,0.49324993484493096,12790
CLASSIC,2020,CD,lai,evspsblveg,0.5135261923377639,0.834714620797498,12790
CLASSIC,2020,CD,precipitation,evspsblsoi,0.2625488663017983,0.4488141777430284,12790
CLASSIC,2020,CD,lai,evspsblsoi,0.32654417513682565,0.5258535314047433,12790
