analysis_group,zone,model,x_label,y_label,method,n_raw_points,n_curve_points,pearson_r,pearson_p,spearman_rho,spearman_p,kendall_tau,kendall_p,abs_pearson_r,abs_spearman_r,abs_spearman_minus_abs_pearson,raw_net_change,absolute_net_change,normalized_net_change,normalized_absolute_net_change,positive_slope_fraction,negative_slope_fraction,flat_slope_fraction,dominant_slope_sign,monotonic_fraction,number_of_slope_sign_changes,early_slope,middle_slope,late_slope,early_absolute_slope,middle_absolute_slope,late_absolute_slope,early_late_slope_sign_consistency,early_late_slope_sign_opposition,has_internal_valley,has_internal_peak,number_of_internal_extrema,turning_point_x_norm,turning_point_y_norm,turning_point_type,turning_point_x,two_line_left_slope,two_line_right_slope,two_line_left_p,two_line_right_p,two_line_test_evidence,u_test_stat,u_test_p,lind_mehlum_stat,lind_mehlum_p,shape_label
HW_T,HW,CLASSIC,P,T,Equal-width bins,12340,10,0.7864697488614871,0.0069657584418327,0.7212121212121211,0.0185731550894602,0.4666666666666666,0.0725501543209876,0.7864697488614871,0.7212121212121211,-0.065257627649366,115.13126500000004,115.13126500000004,0.4596314995942689,0.4596314995942689,0.4444444444444444,0.3333333333333333,0.2222222222222222,positive,0.4444444444444444,2,1.6129187014550233,1.1819815821092003,-0.2123031987314208,1.6129187014550233,1.1819815821092003,0.2123031987314208,False,True,True,True,2,0.1684793470408049,0.0729455145270925,valley,603.7150716145833,,1.0326889133450423,,0.0071786684301203,,,,,,Non-monotonic: U-shaped / inverted-U
HW_T,HW,CLASSIC,P,T,Equal-count bins,12340,10,0.918982494323704,0.000170778312454,0.9878787878787878,9.307459988955517e-08,0.9555555555555554,5.5114638447971785e-06,0.918982494323704,0.9878787878787878,0.0688962935550838,215.54232,215.54232,0.9835761346312042,0.9835761346312042,0.8888888888888888,0.1111111111111111,0.0,positive,0.8888888888888888,1,1.9584490115421984,0.8194775521522507,-0.0599037183628406,1.9584490115421984,0.8194775521522507,0.0599037183628406,False,True,False,True,1,0.7465190233766208,0.9987605876651888,peak,2315.9301106770836,1.3902127745628936,,9.327238494632094e-06,,,,,,,Non-monotonic: U-shaped / inverted-U
HW_T,HW,CLASSIC,P,T,LOWESS,12340,12149,0.8824063863566616,0.0,0.9862674649358186,0.0,0.9366105138444926,0.0,0.8824063863566616,0.9862674649358186,0.103861078579157,134.08443235806806,134.08443235806806,0.4554723081662729,0.4554723081662729,0.8463121501481725,0.1391998682910767,0.0144879815607507,positive,0.8463121501481725,2,3.0504277661337293,1.5624738513244651,-0.1029729512716907,3.0504277661337293,1.5624738513244651,0.1029729512716907,False,True,True,True,2,0.1308588391648533,0.0007501046204225,valley,504.19334815014366,-3.1735477301395147,1.380720659814335,6.100410476445099e-07,0.0,True,,,,,Non-monotonic: U-shaped / inverted-U
HW_T,HW,CLASSIC,P,T,Polynomial degree 3,12340,300,0.7323507757452441,1.1549881579642432e-51,0.7050198335537061,2.195983064928308e-46,0.5857302118171683,1.035969577472989e-51,0.7323507757452441,0.7050198335537061,-0.0273309421915379,57.37008404545938,57.37008404545938,0.2203869569292972,0.2203869569292972,0.6655518394648829,0.3277591973244147,0.0066889632107023,positive,0.6655518394648829,2,1.259572810206225,1.701833082527951,-2.2854305606902967,1.259572810206225,1.701833082527951,2.2854305606902967,False,True,True,True,2,0.7006688963210701,0.9999809765408836,peak,2699.6464207950103,1.7411997011500358,-2.5389152172609557,4.169450727923881e-188,7.464515540318857e-50,True,,,,,Non-monotonic: U-shaped / inverted-U
HW_T,HW,CLASSIC,P,T,GAM,12340,300,0.8710830450180281,5.035136827543019e-94,0.8698958877320858,1.7976089417530557e-93,0.7082720178372353,9.12311848732958e-75,0.8710830450180281,0.8698958877320858,-0.0011871572859423,165.3750354536736,165.3750354536736,0.5312999003376834,0.5312999003376834,0.6889632107023411,0.2842809364548495,0.0267558528428093,positive,0.6889632107023411,3,0.2557184947455685,1.0096056547246712,0.33335860908668,0.2557184947455685,1.0096056547246712,0.33335860908668,True,False,True,True,3,0.1270903010033444,0.0,valley,489.6733364687848,-3.882442997713338,0.9195788615556086,2.560509435006912e-28,9.011033188734786e-72,True,,,,,Non-monotonic: U-shaped / inverted-U
HW_T,HW,CLASSIC,P,T,Piecewise linear,12340,300,0.9026308435211644,4.0480325823825504e-111,0.7798926654740607,1.3574570523737855e-62,0.5450167224080268,5.200774890189799e-45,0.9026308435211644,0.7798926654740607,-0.1227381780471038,302.59542838020775,302.59542838020775,0.9843098345000691,0.9843098345000691,0.5284280936454849,0.471571906354515,0.0,positive,0.5284280936454849,1,1.900107531784024,1.087122147931916,-0.0332720530814135,1.900107531784024,1.087122147931916,0.0332720530814135,False,True,False,True,1,0.5284280936454849,1.0,peak,2036.0101884754736,1.8998205058354676,-0.0332720530814134,0.0,0.0,True,,,,,Non-monotonic: U-shaped / inverted-U
HW_T,HW,CLASSIC,P,T,Symbolic regression,12340,300,0.9791729053381462,2.1149384543997746e-208,1.0,0.0,1.0,0.0,0.9791729053381462,1.0,0.0208270946618538,600.4853893716681,600.4853893716681,1.0,1.0,1.0,0.0,0.0,positive,1.0,0,1.713393546987554,0.7260853444024304,0.5577819620540397,1.713393546987554,0.7260853444024304,0.5577819620540397,True,False,False,False,0,,,,,,,,,,,,,,Monotonic nonlinear
HW_T,HW,LPJ-GUESS,P,T,Equal-width bins,12538,10,0.9407108622267476,5.0308302065994735e-05,0.9393939393939392,5.484052998513666e-05,0.8666666666666666,0.0001151895943562,0.9407108622267476,0.9393939393939392,-0.0013169228328083,534.2467800000002,534.2467800000002,0.9758719347275928,0.9758719347275928,0.8888888888888888,0.1111111111111111,0.0,positive,0.8888888888888888,2,1.6728435829982218,1.5626026755167697,0.0650685886967509,1.6728435829982218,1.5626026755167697,0.0650685886967509,True,False,True,True,2,0.9078965993763336,0.9500835376496336,valley,3228.6365885416667,1.4674932742517648,,4.6358576833881766e-05,,,,,,,Non-monotonic: U-shaped / inverted-U
HW_T,HW,LPJ-GUESS,P,T,Equal-count bins,12538,10,0.9617727945322926,8.920829581279015e-06,1.0,6.646897422032013e-64,1.0,5.511463844797178e-07,0.9617727945322926,1.0,0.0382272054677073,493.10777500000006,493.10777500000006,1.0,1.0,1.0,0.0,0.0,positive,1.0,0,1.6673089359126243,0.9480284326200876,0.1886875979071083,1.6673089359126243,0.9480284326200876,0.1886875979071083,True,False,False,False,0,,,,,,,,,,,,,,Monotonic nonlinear
HW_T,HW,LPJ-GUESS,P,T,LOWESS,12538,12288,0.9492194169690128,0.0,0.9985285607495994,0.0,0.986763645222932,0.0,0.9492194169690128,0.9985285607495994,0.0493091437805865,519.7819206309831,519.7819206309831,0.8936113484108102,0.8936113484108102,0.9370879791649712,0.0543664035159111,0.0085456173191177,positive,0.9370879791649712,19,2.278431995877336,1.7200882833084283,0.006469898066923,2.278431995877336,1.7200882833084283,0.006469898066923,False,False,True,True,19,0.1267108815219188,0.0018382648973907,valley,487.09659213362073,-0.2309301245491533,1.4579207668909584,0.198172481854182,0.0,False,,,,,Non-monotonic: U-shaped / inverted-U
HW_T,HW,LPJ-GUESS,P,T,Polynomial degree 3,12538,300,0.8676186487285249,1.9943494714389214e-92,0.8227642529361437,4.2805112710503855e-75,0.7005128205128206,3.5364806850908285e-73,0.8676186487285249,0.8227642529361437,-0.0448543957923811,312.80752326180146,312.80752326180146,0.5641196399703204,0.5641196399703204,0.7357859531772575,0.2575250836120401,0.0066889632107023,positive,0.7357859531772575,1,1.3410760852338277,1.5852351626763994,-1.223741172772206,1.3410760852338277,1.5852351626763994,1.223741172772206,False,True,False,True,1,0.7391304347826086,1.0,peak,2841.333842844203,1.6001640201086726,-1.640846733352252,3.547733362574167e-218,2.59814980805215e-44,True,,,,,Non-monotonic: U-shaped / inverted-U
HW_T,HW,LPJ-GUESS,P,T,GAM,12538,300,0.9212391605602754,3.1894123677960935e-124,0.8865409615662396,9.15526161557337e-102,0.7432775919732442,3.781786272464526e-82,0.9212391605602754,0.8865409615662396,-0.0346981989940358,495.3589676884112,495.3589676884112,0.8843526058222847,0.8843526058222847,0.7224080267558528,0.2675585284280936,0.0100334448160535,positive,0.7224080267558528,3,1.1207640900257396,1.485938944905366,0.0523706459265795,1.1207640900257396,1.485938944905366,0.0523706459265795,True,False,True,True,3,0.0969899665551839,6.505213034913028e-19,valley,372.84471240942025,-1.2934928551836384,1.0822160824309088,9.719523380272494e-23,5.446758556462719e-96,True,,,,,Non-monotonic: U-shaped / inverted-U
HW_T,HW,LPJ-GUESS,P,T,Piecewise linear,12538,300,0.9268395546846092,8.248745355081426e-129,0.8595504394493272,7.112294962059687e-89,0.6733110367892977,9.546398737297476e-68,0.9268395546846092,0.8595504394493272,-0.0672891152352819,570.7006213029214,570.7006213029214,0.928031557524292,0.928031557524292,0.6187290969899666,0.3812709030100334,0.0,positive,0.6187290969899666,1,1.6212609477003763,1.3558714598628734,-0.1887593359669882,1.6212609477003763,1.3558714598628734,0.1887593359669882,False,True,False,True,1,0.6187290969899666,1.0,peak,2378.4921308876815,1.621099954889514,-0.188759335966988,0.0,0.0,True,,,,,Non-monotonic: U-shaped / inverted-U
HW_T,HW,LPJ-GUESS,P,T,Symbolic regression,12538,300,0.9875661350004205,1.6447405989842044e-241,0.9992862142912698,0.0,0.9973244147157192,2.432615899046787e-146,0.9875661350004205,0.9992862142912698,0.0117200792908495,812.376968852235,812.376968852235,0.6840490125066783,0.6840490125066783,0.9933110367892976,0.0066889632107023,0.0,positive,0.9933110367892976,1,0.4965416407011529,0.8675569875532275,0.6898834890161203,0.4965416407011529,0.8675569875532275,0.6898834890161203,True,False,False,False,0,,,,,,,,,,,,,,Monotonic nonlinear
HW_T,HW,CLASSIC,LAI,T,Equal-width bins,12340,10,0.9826972402788012,3.840550335281128e-07,0.9878787878787878,9.307459988955517e-08,0.9555555555555554,5.5114638447971785e-06,0.9826972402788012,0.9878787878787878,0.0051815475999866,318.65449,318.65449,0.9990820739453914,0.9990820739453914,0.8888888888888888,0.0,0.1111111111111111,positive,0.8888888888888888,0,1.5429807161907734,0.9151139181786484,0.5023846439047662,1.5429807161907734,0.9151139181786484,0.5023846439047662,True,False,False,False,0,,,,,,,,,,,,,,Monotonic nonlinear
HW_T,HW,CLASSIC,LAI,T,Equal-count bins,12340,10,0.9826380808041404,3.89306673309545e-07,0.9878787878787878,9.307459988955517e-08,0.9555555555555554,5.5114638447971785e-06,0.9826380808041404,0.9878787878787878,0.0052407070746475,286.58876499999997,286.58876499999997,0.9349059125966692,0.9349059125966692,0.8888888888888888,0.1111111111111111,0.0,positive,0.8888888888888888,1,1.3694406321228767,1.002713050440395,0.3455334475384823,1.3694406321228767,1.002713050440395,0.3455334475384823,True,False,False,True,1,0.9088267333732544,0.9956704550667118,peak,5.7832901625,1.0228855327651958,,4.507338916397384e-06,,,,,,,Non-monotonic: U-shaped / inverted-U
HW_T,HW,CLASSIC,LAI,T,LOWESS,12340,12333,0.9915096049980254,0.0,0.9977371230825848,0.0,0.9824458528509818,0.0,0.9915096049980254,0.9977371230825848,0.0062275180845593,463.73956202095167,463.73956202095167,1.0,1.0,0.946723970158936,0.0495458968537139,0.0037301329873499,positive,0.946723970158936,128,1.2223444168740962,0.8294611962035885,0.6588651529989306,1.2223444168740962,0.8294611962035885,0.6588651529989306,True,False,True,True,128,0.8810850269143384,0.8237412093700379,valley,6.120372099999999,0.8409069007475846,1.4604321108473188,0.0,0.0,False,,,,,Non-monotonic: U-shaped / inverted-U
HW_T,HW,CLASSIC,LAI,T,Polynomial degree 3,12340,300,0.9938601006712948,5.723457096037121e-287,1.0,0.0,1.0,0.0,0.9938601006712948,1.0,0.0061398993287051,422.90655970935336,422.90655970935336,1.0,1.0,1.0,0.0,0.0,positive,1.0,0,1.315578624816225,0.8518873670823528,0.8310528817722465,1.315578624816225,0.8518873670823528,0.8310528817722465,True,False,False,False,0,,,,,,,,,,,,,,Monotonic nonlinear
HW_T,HW,CLASSIC,LAI,T,GAM,12340,300,0.9897868434207088,3.5967571451855235e-254,1.0,0.0,1.0,0.0,0.9897868434207088,1.0,0.0102131565792912,498.13347171381815,498.13347171381815,1.0,1.0,1.0,0.0,0.0,positive,1.0,0,1.3125721803417338,0.7544241544566117,0.93054790674622,1.3125721803417338,0.7544241544566117,0.93054790674622,True,False,False,False,0,,,,,,,,,,,,,,Monotonic nonlinear
HW_T,HW,CLASSIC,LAI,T,Piecewise linear,12340,300,0.9916725895671892,2.5558446422561477e-267,1.0,0.0,1.0,0.0,0.9916725895671892,1.0,0.0083274104328107,445.11044293320623,445.11044293320623,1.0,1.0,1.0,0.0,0.0,positive,1.0,0,1.369727973629941,0.8142070484271653,0.8142070484271652,1.369727973629941,0.8142070484271653,0.8142070484271652,True,False,False,False,0,,,,,,,,,,,,,,Linear
HW_T,HW,CLASSIC,LAI,T,Symbolic regression,12340,300,0.9804200696932364,2.3425972438037554e-212,0.9999986666518516,0.0,0.9999108138238574,4.3307279996479344e-147,0.9804200696932364,0.9999986666518516,0.0195785969586151,545.1215238433331,545.1215238433331,0.9797859850740188,0.9797859850740188,0.9966555183946488,0.0033444816053511,0.0,positive,0.9966555183946488,1,1.3484667302166138,0.6448530398149888,0.9426888557378632,1.3484667302166138,0.6448530398149888,0.9426888557378632,True,False,False,False,0,,,,,,,,,,,,,,Monotonic nonlinear
HW_T,HW,LPJ-GUESS,LAI,T,Equal-width bins,12538,10,0.993011091202421,1.0350672859074789e-08,1.0,6.646897422032013e-64,1.0,5.511463844797178e-07,0.993011091202421,1.0,0.0069889087975788,737.9480000000001,737.9480000000001,1.0,1.0,1.0,0.0,0.0,positive,1.0,0,1.361925328788309,0.7571411293179136,0.9247660683059934,1.361925328788309,0.7571411293179136,0.9247660683059934,True,False,False,False,0,,,,,,,,,,,,,,Monotonic nonlinear
HW_T,HW,LPJ-GUESS,LAI,T,Equal-count bins,12538,10,0.989011568897801,6.294809525052164e-08,1.0,6.646897422032013e-64,1.0,5.511463844797178e-07,0.989011568897801,1.0,0.0109884311021989,636.5009400000001,636.5009400000001,1.0,1.0,1.0,0.0,0.0,positive,1.0,0,1.2791190453804784,0.8049502169502483,0.903676343255406,1.2791190453804784,0.8049502169502483,0.903676343255406,True,False,False,False,0,,,,,,,,,,,,,,Monotonic nonlinear
HW_T,HW,LPJ-GUESS,LAI,T,LOWESS,12538,12535,0.990527844348586,0.0,1.0,0.0,0.9999999999999998,0.0,0.990527844348586,1.0,0.0094721556514137,863.4225181031212,863.4225181031212,1.0,1.0,1.0,0.0,0.0,positive,1.0,0,1.2965438764229864,0.8399400666040447,0.9224073166159026,1.2965438764229864,0.8399400666040447,0.9224073166159026,True,False,False,False,0,,,,,,,,,,,,,,Monotonic nonlinear
HW_T,HW,LPJ-GUESS,LAI,T,Polynomial degree 3,12538,300,0.9933344229005686,1.1392606991108452e-281,1.0,0.0,1.0,0.0,0.9933344229005686,1.0,0.0066655770994313,920.8683816622996,920.8683816622996,1.0,1.0,1.0,0.0,0.0,positive,1.0,0,1.3113358975451053,0.7567226843986037,0.9295086449002774,1.3113358975451053,0.7567226843986037,0.9295086449002774,True,False,False,False,0,,,,,,,,,,,,,,Monotonic nonlinear
HW_T,HW,LPJ-GUESS,LAI,T,GAM,12538,300,0.9913902551110144,3.597908887649054e-265,1.0,0.0,1.0,0.0,0.9913902551110144,1.0,0.0086097448889856,822.8785346847316,822.8785346847316,1.0,1.0,1.0,0.0,0.0,positive,1.0,0,1.4366327037505204,0.8125847038775178,0.7489084394107371,1.4366327037505204,0.8125847038775178,0.7489084394107371,True,False,False,False,0,,,,,,,,,,,,,,Monotonic nonlinear
HW_T,HW,LPJ-GUESS,LAI,T,Piecewise linear,12538,300,0.993359655073604,6.486505685934303e-282,1.0,0.0,1.0,0.0,0.993359655073604,1.0,0.006640344926396,838.0481611378932,838.0481611378932,1.0,1.0,1.0,0.0,0.0,positive,1.0,0,1.3427464109260694,0.8277656226502162,0.8277656226502164,1.3427464109260694,0.8277656226502162,0.8277656226502164,True,False,False,False,0,,,,,,,,,,,,,,Monotonic nonlinear
HW_T,HW,LPJ-GUESS,LAI,T,Symbolic regression,12538,300,0.9967697031695198,0.0,0.9991608795653284,0.0,0.995897435897436,6.291718312557258e-146,0.9967697031695198,0.9991608795653284,0.0023911763958086,818.2186141511933,818.2186141511933,1.0,1.0,0.9866220735785952,0.0133779264214046,0.0,positive,0.9866220735785952,2,1.1729777470399405,0.98266359674912,0.8441852921784414,1.1729777470399405,0.98266359674912,0.8441852921784414,True,False,True,True,2,0.2374581939799331,0.4896290349128335,peak,2.469744371237458,1.3535559479958537,0.9212049390870524,6.170810965239011e-46,2.160715388306877e-265,False,,,,,Linear
all_zones_E_soil,HW,CLASSIC,P,E_soil,Equal-width bins,12340,10,-0.8640710863017597,0.0012634765387968,-0.8303030303030302,0.0029402270232795,-0.6444444444444444,0.0091484788359788,0.8640710863017597,0.8303030303030302,-0.0337680559987294,-94.11201,94.11201,-0.5574252007226116,0.5574252007226116,0.4444444444444444,0.5555555555555556,0.0,negative,0.5555555555555556,2,-0.295397151903015,-2.022833376625295,0.0974684361720942,0.295397151903015,2.022833376625295,0.0974684361720942,False,True,True,True,2,0.2816093470168222,0.9836148479508918,peak,1009.0958333333332,1.19537082658475,-0.9692147002299644,0.1414349594140342,0.0163222643541079,False,,,,,Non-monotonic: U-shaped / inverted-U
all_zones_E_soil,HW,CLASSIC,P,E_soil,Equal-count bins,12340,10,-0.9686878600270408,4.049639049835891e-06,-0.9636363636363636,7.320974809529922e-06,-0.911111111111111,2.976190476190476e-05,0.9686878600270408,0.9636363636363636,-0.0050514963906771,-154.935545,154.935545,-0.9232188347778086,0.9232188347778086,0.1111111111111111,0.8888888888888888,0.0,negative,0.8888888888888888,1,-1.1877330510400768,-1.0940048005670746,-0.6206003721272122,1.1877330510400768,1.0940048005670746,0.6206003721272122,True,False,False,True,1,0.0808102758788528,0.9959370146479584,peak,923.6488932291668,,-1.1581353417123177,,1.54482017527914e-05,,,,,,Non-monotonic: U-shaped / inverted-U
all_zones_E_soil,HW,CLASSIC,P,E_soil,LOWESS,12340,12149,-0.9471078357969392,0.0,-0.9881470276166848,0.0,-0.9608552710658592,0.0,0.9471078357969392,0.9881470276166848,0.0410391918197454,-101.69679455871967,101.69679455871967,-0.6140552852460844,0.6140552852460844,0.0756503128086927,0.922950279881462,0.0013994073098452,negative,0.922950279881462,33,-1.5231235066764708,-2.3565496408857793,-0.4516399885200147,1.5231235066764708,2.3565496408857793,0.4516399885200147,True,False,True,True,33,0.2162051951319032,0.9999994489976926,peak,833.0291015625,2.259789764603121,-1.8397306372005644,0.0,0.0,True,,,,,Non-monotonic: U-shaped / inverted-U
all_zones_E_soil,HW,CLASSIC,P,E_soil,Polynomial degree 3,12340,300,-0.8415801850299687,1.0563258961417909e-81,-0.8131974799719998,4.987477942887872e-72,-0.6405351170568563,1.738586613476005e-61,0.8415801850299687,0.8131974799719998,-0.0283827050579689,-33.762054362344145,33.762054362344145,-0.2044889536798747,0.2044889536798747,0.3846153846153846,0.6086956521739131,0.0066889632107023,negative,0.6086956521739131,2,-0.2091716019915101,-2.126050341311112,1.702539468386685,0.2091716019915101,2.126050341311112,1.702539468386685,False,True,True,True,2,0.7508361204013378,2.117995896498291e-05,valley,2892.9385272958475,-1.5823041583489696,2.465827676913157,1.4572880236833266e-122,7.112133166304046e-42,True,,,,,Non-monotonic: U-shaped / inverted-U
all_zones_E_soil,HW,CLASSIC,P,E_soil,GAM,12340,300,-0.8981408047729743,2.3645477963015957e-108,-0.8976695296614406,4.535347470891278e-108,-0.718573021181717,6.675660708629979e-77,0.8981408047729743,0.8976695296614406,-0.0004712751115336,-102.94441154525516,102.94441154525516,-0.6387461550859461,0.6387461550859461,0.3444816053511705,0.6521739130434783,0.0033444816053511,negative,0.6521739130434783,3,0.2429351787349373,-1.8382329451442496,-0.3329355667491087,0.2429351787349373,1.8382329451442496,0.3329355667491087,False,True,True,True,3,0.2207357859531772,1.0,peak,850.4852686036788,1.9244306773613136,-1.2180923368116174,4.476459729264226e-53,1.2600094043227934e-85,True,,,,,Non-monotonic: U-shaped / inverted-U
all_zones_E_soil,HW,CLASSIC,P,E_soil,Piecewise linear,12340,300,-0.9566472952819196,1.0823422520859902e-161,-0.9423371370793008,1.05676957262279e-143,-0.8505239687848384,5.694266386691866e-107,0.9566472952819196,0.9423371370793008,-0.0143101582026188,-184.7318836709937,184.7318836709937,-0.7686754150444634,0.7686754150444634,0.1939799331103679,0.8060200668896321,0.0,negative,0.8060200668896321,1,0.1752505395283259,-1.2430100655835536,-1.2430100655835532,0.1752505395283259,1.2430100655835536,1.2430100655835532,False,True,False,True,1,0.1939799331103678,1.0,peak,747.3961451365662,1.192518118994922,-1.242952374959572,0.0,0.0,True,,,,,Non-monotonic: U-shaped / inverted-U
all_zones_E_soil,HW,CLASSIC,P,E_soil,Symbolic regression,12340,300,-0.6935581102927464,2.392894428440038e-44,-0.9993639929332548,0.0,-0.9976365663322186,1.9756855206943253e-146,0.6935581102927464,0.9993639929332548,0.3058058826405084,-193.90104875029888,193.90104875029888,-0.1042842657485491,0.1042842657485491,0.0033444816053511,0.9966555183946488,0.0,negative,0.9966555183946488,1,-0.1249228618996516,-0.1224817895123866,-0.0656301210712473,0.1249228618996516,0.1224817895123866,0.0656301210712473,True,False,False,False,0,,,,,,,,,,,,,,Monotonic nonlinear
all_zones_E_soil,HW,LPJ-GUESS,P,E_soil,Equal-width bins,12538,10,0.1107172094333702,0.760753217545064,0.4545454545454545,0.186904810349332,0.6,0.0166661155202821,0.1107172094333702,0.4545454545454545,0.3438282451120842,-139.212135,139.212135,-0.4343631522917632,0.4343631522917632,0.8888888888888888,0.1111111111111111,0.0,positive,0.8888888888888888,1,-1.037270548040887,0.7935426499321001,0.4553907742418868,1.037270548040887,0.7935426499321001,0.4553907742418868,False,True,True,False,1,0.1688245352618661,0.1496710505083252,valley,600.3691080729168,,0.7241236246283178,,6.230408051485506e-07,,,,,,Non-monotonic: U-shaped / inverted-U
all_zones_E_soil,HW,LPJ-GUESS,P,E_soil,Equal-count bins,12538,10,0.9848469270960226,2.264966706588498e-07,0.9878787878787878,9.307459988955517e-08,0.9555555555555554,5.5114638447971785e-06,0.9848469270960226,0.9878787878787878,0.0030318607827651,138.771468,138.771468,0.9415989744774552,0.9415989744774552,0.8888888888888888,0.1111111111111111,0.0,positive,0.8888888888888888,1,1.139848516073883,0.8276774174492143,1.144084920952677,1.139848516073883,0.8276774174492143,1.144084920952677,True,False,True,False,1,0.087092785386329,0.0037701997459971,valley,922.86201171875,,1.02665886577543,,1.53897044762511e-06,,,,,,Non-monotonic: U-shaped / inverted-U
all_zones_E_soil,HW,LPJ-GUESS,P,E_soil,LOWESS,12538,12288,0.9606510945966976,0.0,0.9906113573775964,0.0,0.9837595650721632,0.0,0.9606510945966976,0.9906113573775964,0.0299602627808988,-127.6750169780396,127.6750169780396,-0.4194139309191192,0.4194139309191192,0.946528851631806,0.0515992512411491,0.0018718971270448,positive,0.946528851631806,7,0.8806840296830554,0.886722936742769,0.5910549284637484,0.8806840296830554,0.886722936742769,0.5910549284637484,True,False,True,True,7,0.2047377598513436,1.994687429505703e-06,valley,787.0442057291666,-3.627903998883116,0.8249635407114766,3.6638464991911532e-174,0.0,True,,,,,Non-monotonic: U-shaped / inverted-U
all_zones_E_soil,HW,LPJ-GUESS,P,E_soil,Polynomial degree 3,12538,300,0.409862802759389,1.394048929408433e-13,0.4169192991033233,4.805959372552822e-14,0.3149609810479375,4.10413197298605e-16,0.409862802759389,0.4169192991033233,0.0070564963439343,-171.76443057249844,171.76443057249844,-0.8581630236303942,0.8581630236303942,0.4916387959866221,0.5016722408026756,0.0066889632107023,negative,0.5016722408026756,2,-2.908915087674528,1.9507321434803864,-1.5882171750259335,2.908915087674528,1.9507321434803864,1.5882171750259335,True,False,True,True,2,0.774247491638796,0.767016099393036,peak,2976.3293421648555,0.44188596924876,-2.7293761736347193,3.3222295316260334e-08,6.50866439529456e-38,True,,,,,Non-monotonic: U-shaped / inverted-U
all_zones_E_soil,HW,LPJ-GUESS,P,E_soil,GAM,12538,300,0.573946238791443,1.1076123833526203e-27,0.6334754830609229,4.6316517629711674e-35,0.6327313266443703,4.842147510150884e-60,0.573946238791443,0.6334754830609229,0.0595292442694799,-131.28963048752098,131.28963048752098,-0.4402196066051196,0.4402196066051196,0.7090301003344481,0.2842809364548495,0.0066889632107023,positive,0.7090301003344481,2,-2.504750677825172,0.9618066168609186,0.2363055033835543,2.504750677825172,0.9618066168609186,0.2363055033835543,False,True,True,True,2,0.1889632107023411,3.1951574499786745e-05,valley,726.4043534873188,-5.468151201950301,0.8296174610892781,1.3707805840130937e-33,7.834268029554438e-172,True,,,,,Non-monotonic: U-shaped / inverted-U
all_zones_E_soil,HW,LPJ-GUESS,P,E_soil,Piecewise linear,12538,300,0.5343413647901732,1.505070405174582e-23,0.5701721130234779,2.9009594280960984e-27,0.624659977703456,1.448509368057042e-58,0.5343413647901732,0.5701721130234779,0.0358307482333046,-61.922005606387074,61.922005606387074,-0.2051444815061053,0.2051444815061053,0.8394648829431438,0.1605351170568562,0.0,positive,0.8394648829431438,1,-2.497632924241312,0.9468597610744004,0.9468597610744004,2.497632924241312,0.9468597610744004,0.9468597610744004,False,True,True,False,1,0.1605351170568562,0.0,valley,617.1222826086957,-6.324822481978475,0.9468597610744,2.768776788527336e-100,0.0,True,,,,,Non-monotonic: U-shaped / inverted-U
all_zones_E_soil,HW,LPJ-GUESS,P,E_soil,Symbolic regression,12538,300,0.9741051819281782,1.7975191635750173e-194,0.9800664451827242,3.285231090258763e-211,0.9866666666666668,2.8455301917602563e-143,0.9741051819281782,0.9800664451827242,0.005961263254546,-45.59218628321776,45.59218628321776,-0.1281923171044028,0.1281923171044028,0.9966555183946488,0.0033444816053511,0.0,positive,0.9966555183946488,1,-2.0288384850025407,0.8473029359514131,0.806713550268478,2.0288384850025407,0.8473029359514131,0.806713550268478,False,True,False,False,0,,,,,,,,,,,,,,Linear
all_zones_E_soil,HW,CLASSIC,LAI,E_soil,Equal-width bins,12340,10,-0.9937764566101608,6.514510944261452e-09,-1.0,6.646897422032013e-64,-1.0,5.511463844797178e-07,0.9937764566101608,1.0,0.0062235433898391,-266.8822725,266.8822725,-1.0,1.0,0.0,1.0,0.0,negative,1.0,0,-1.1592114440484245,-0.8506678215502678,-0.9685628696564312,1.1592114440484245,0.8506678215502678,0.9685628696564312,True,False,False,False,0,,,,,,,,,,,,,,Monotonic nonlinear
all_zones_E_soil,HW,CLASSIC,LAI,E_soil,Equal-count bins,12340,10,-0.9929118680421564,1.0949805934586092e-08,-1.0,6.646897422032013e-64,-1.0,5.511463844797178e-07,0.9929118680421564,1.0,0.0070881319578435,-250.116565,250.116565,-1.0,1.0,0.0,1.0,0.0,negative,1.0,0,-0.9803878250616128,-0.9305798686642652,-1.1149028560806895,0.9803878250616128,0.9305798686642652,1.1149028560806895,True,False,False,False,0,,,,,,,,,,,,,,Monotonic nonlinear
all_zones_E_soil,HW,CLASSIC,LAI,E_soil,LOWESS,12340,12333,-0.994874499986939,0.0,-0.9989618316275054,0.0,-0.9903054598603744,0.0,0.994874499986939,0.9989618316275054,0.0040873316405664,-278.7031923921364,278.7031923921364,-0.975276603597626,0.975276603597626,0.0473564709698345,0.9482646772624068,0.0043788517677586,negative,0.9482646772624068,5,-1.1716853969062833,-0.9801631239500224,-0.8875456718708977,1.1716853969062833,0.9801631239500224,0.8875456718708977,True,False,True,True,5,0.9013343586154492,2.091207129870895e-06,valley,6.2463537250000005,-1.005575827165127,0.2270585445102225,0.0,0.0,True,,,,,Non-monotonic: U-shaped / inverted-U
all_zones_E_soil,HW,CLASSIC,LAI,E_soil,Polynomial degree 3,12340,300,-0.9993000213491028,0.0,-1.0,0.0,-1.0,0.0,0.9993000213491028,1.0,0.0006999786508971,-300.8710871546165,300.8710871546165,-1.0,1.0,0.0,1.0,0.0,negative,1.0,0,-1.0233720256234669,-0.8876090308440822,-1.0878950338408917,1.0233720256234669,0.8876090308440822,1.0878950338408917,True,False,False,False,0,,,,,,,,,,,,,,Linear
all_zones_E_soil,HW,CLASSIC,LAI,E_soil,GAM,12340,300,-0.9934700184812052,5.382959843718671e-283,-0.995184390937677,1.199651121014474e-302,-0.9716833890746934,5.1509292486463496e-139,0.9934700184812052,0.995184390937677,0.0017143724564716,-264.9861960463238,264.9861960463238,-0.9477537408439064,0.9477537408439064,0.0836120401337792,0.9130434782608696,0.0033444816053511,negative,0.9130434782608696,1,-1.215529455884869,-0.9898603547200268,-0.6382924780655853,1.215529455884869,0.9898603547200268,0.6382924780655853,True,False,True,False,1,0.914715719063545,2.55004986273496e-05,valley,6.329606128528427,-1.0370946121438858,0.6313320413317612,3.4876251541719176e-278,1.699471130692517e-16,True,,,,,Non-monotonic: U-shaped / inverted-U
all_zones_E_soil,HW,CLASSIC,LAI,E_soil,Piecewise linear,12340,300,-0.9995163430233048,0.0,-1.0,0.0,-1.0,0.0,0.9995163430233048,1.0,0.0004836569766952,-283.7218962653577,283.7218962653577,-1.0,1.0,0.0,1.0,0.0,negative,1.0,0,-0.9467104971571476,-0.9763567177236075,-1.076696352296481,0.9467104971571476,0.9763567177236075,1.076696352296481,True,False,False,False,0,,,,,,,,,,,,,,Linear
all_zones_E_soil,HW,CLASSIC,LAI,E_soil,Symbolic regression,12340,300,-0.9977462773894644,0.0,-0.9969670774119712,0.0,-0.9801560758082496,2.0522222651664905e-141,0.9977462773894644,0.9969670774119712,-0.0007791999774933,-254.0976173910901,254.0976173910901,-0.9121869783851666,0.9121869783851666,0.0668896321070234,0.9331103678929766,0.0,negative,0.9331103678929766,1,-0.6322809951856879,-1.038358242243843,-1.0671834103645554,0.6322809951856879,1.038358242243843,1.0671834103645554,True,False,False,True,1,0.0668896321070234,1.0,peak,1.0548390533110368,1.1740139061101085,-1.0705447572491484,6.126568161012565e-10,0.0,True,,,,,Linear
all_zones_E_soil,HW,LPJ-GUESS,LAI,E_soil,Equal-width bins,12538,10,0.7528967432622978,0.0119551071225037,0.6969696969696969,0.0250966758822518,0.5111111111111111,0.0466225749559082,0.7528967432622978,0.6969696969696969,-0.0559270462926009,48.87794500000001,48.87794500000001,0.4668262678559841,0.4668262678559841,0.5555555555555556,0.3333333333333333,0.1111111111111111,positive,0.5555555555555556,3,-1.5945720518852335,1.673979277400404,1.1140328245619584,1.5945720518852335,1.673979277400404,1.1140328245619584,False,True,True,True,3,0.4411534526081115,0.0050288834343347,valley,3.8210556,-1.075260106096362,1.4219068945037368,0.045280541201077,0.0112547631087367,True,,,,,Non-monotonic: U-shaped / inverted-U
all_zones_E_soil,HW,LPJ-GUESS,LAI,E_soil,Equal-count bins,12538,10,0.7594829788602109,0.010824002539349,0.5393939393939393,0.1075931877824148,0.3777777777777777,0.1557418430335097,0.7594829788602109,0.5393939393939393,-0.2200890394662715,63.771240000000006,63.771240000000006,0.5941227431670459,0.5941227431670459,0.5555555555555556,0.4444444444444444,0.0,positive,0.5555555555555556,3,-0.8585969576730051,0.5888356501808905,1.6288032501338208,0.8585969576730051,0.5888356501808905,1.6288032501338208,False,True,True,True,3,0.4537718357697952,0.036014784427926,valley,3.6638550875,-0.7999735394537717,1.6106051422412695,0.0089493283229034,0.0066758114439701,True,,,,,Non-monotonic: U-shaped / inverted-U
all_zones_E_soil,HW,LPJ-GUESS,LAI,E_soil,LOWESS,12538,12535,0.7741957233581364,0.0,0.551179417917185,0.0,0.3858294334503886,0.0,0.7741957233581364,0.551179417917185,-0.2230163054409513,30.684218772495683,30.684218772495683,0.2606819102979718,0.2606819102979718,0.6052337641614808,0.3879048986756023,0.0068613371629168,positive,0.6052337641614808,275,-1.154361882005256,1.1820279081250649,1.443699822969697,1.154361882005256,1.1820279081250649,1.443699822969697,False,True,True,True,275,0.398456705551911,1.979151930602318e-06,valley,3.50649485,-0.9357339058738844,2.0576769117117046,0.0,0.0,True,,,,,Non-monotonic: U-shaped / inverted-U
all_zones_E_soil,HW,LPJ-GUESS,LAI,E_soil,Polynomial degree 3,12538,300,0.589618504965296,1.7735446781026046e-29,0.5810153446149402,1.7639254667447044e-28,0.4844147157190636,6.383028406131478e-36,0.589618504965296,0.5810153446149402,-0.0086031603503557,-15.406717496515483,15.406717496515483,-0.151614713232741,0.151614713232741,0.5986622073578596,0.3946488294314381,0.0066889632107023,positive,0.5986622073578596,2,-2.9806770275235372,1.7069429566208405,0.8374755079030096,2.9806770275235372,1.7069429566208405,0.8374755079030096,False,True,True,True,2,0.3127090301003344,2.9019144927874316e-05,valley,2.954322393812709,-3.1366769922838893,1.624167764281255,7.254685942019471e-52,3.875404810266437e-147,True,,,,,Non-monotonic: U-shaped / inverted-U
all_zones_E_soil,HW,LPJ-GUESS,LAI,E_soil,GAM,12538,300,0.5778350470565212,4.053631939530201e-28,0.5705285614284603,2.6502015768753403e-27,0.4494983277591974,3.642560439568282e-31,0.5778350470565212,0.5705285614284603,-0.0073064856280609,-21.65238107064141,21.65238107064141,-0.1819431069248245,0.1819431069248245,0.5618729096989966,0.4247491638795986,0.0133779264214046,positive,0.5618729096989966,3,-2.917769734021729,1.4877600012905718,0.900877443038838,2.917769734021729,1.4877600012905718,0.900877443038838,False,True,True,True,3,0.3879598662207358,0.0,valley,3.43890041638796,-2.0419306669816364,1.455486014827552,7.537006966816315e-47,1.75641628154832e-109,True,,,,,Non-monotonic: U-shaped / inverted-U
all_zones_E_soil,HW,LPJ-GUESS,LAI,E_soil,Piecewise linear,12538,300,0.7090951012688698,3.9211687227392565e-47,0.6600935565950732,6.535957676533744e-39,0.5172352285395764,1.032893228735229e-40,0.7090951012688698,0.6600935565950732,-0.0490015446737965,59.356509563691816,59.356509563691816,0.4542269550903315,0.4542269550903315,0.6555183946488294,0.3444816053511705,0.0,positive,0.6555183946488294,1,-1.5954680962125505,1.4425217049000092,1.5255102040816326,1.5954680962125505,1.4425217049000092,1.5255102040816326,False,True,True,False,1,0.3444816053511705,2.4936649967166602e-17,valley,3.158922003344481,-1.5954680962125496,1.5255102040816315,0.0,0.0,True,,,,,Non-monotonic: U-shaped / inverted-U
all_zones_E_soil,HW,LPJ-GUESS,LAI,E_soil,Symbolic regression,12538,300,0.7476195700717273,6.615088001282044e-55,0.7413269036322625,1.5289152741893728e-53,0.6940022296544036,7.378542745955645e-72,0.7476195700717273,0.7413269036322625,-0.0062926664394648,6.936645813807047,6.936645813807047,0.0530886689394982,0.0530886689394982,0.782608695652174,0.2140468227424749,0.0033444816053511,positive,0.782608695652174,1,-2.6204082436047984,1.304472161242051,1.4877159241042688,2.6204082436047984,1.304472161242051,1.4877159241042688,False,True,True,False,1,0.2157190635451505,2.104236584081054e-05,valley,2.3297551647157193,-4.009535672973564,1.3506117374304003,7.18680157880738e-28,7.48294132980483e-262,True,,,,,Non-monotonic: U-shaped / inverted-U
all_zones_E_soil,HD,CLASSIC,P,E_soil,Equal-width bins,11147,10,0.5441219265491991,0.1039459837110003,0.3454545454545454,0.3282265114713673,0.2444444444444444,0.3807197971781305,0.5441219265491991,0.3454545454545454,-0.1986673810946536,205.25766700000003,205.25766700000003,0.8315801031677473,0.8315801031677473,0.5555555555555556,0.3333333333333333,0.1111111111111111,positive,0.5555555555555556,2,2.5608086580714153,0.250613948121581,-0.573630542285092,2.5608086580714153,0.250613948121581,0.573630542285092,False,True,True,True,2,0.88033174701645,0.5808622961000875,valley,1114.1889973958332,0.6604908586421855,,0.1014635615271611,,,,,,,Non-monotonic: U-shaped / inverted-U
all_zones_E_soil,HD,CLASSIC,P,E_soil,Equal-count bins,11147,10,0.9395670190348276,5.422826766525255e-05,0.9878787878787878,9.307459988955517e-08,0.9555555555555554,5.5114638447971785e-06,0.9395670190348276,0.9878787878787878,0.0483117688439601,285.15463700000004,285.15463700000004,0.9976651900354044,0.9976651900354044,0.8888888888888888,0.0,0.1111111111111111,positive,0.8888888888888888,0,2.384311229555017,1.0610098690246803,0.2550662582938098,2.384311229555017,1.0610098690246803,0.2550662582938098,True,False,False,False,0,,,,,,,,,,,,,,Monotonic nonlinear
all_zones_E_soil,HD,CLASSIC,P,E_soil,LOWESS,11147,10992,0.9030928224854052,0.0,0.9894592690624496,0.0,0.9631673301048084,0.0,0.9030928224854052,0.9894592690624496,0.0863664465770446,202.31194166009416,202.31194166009416,0.6825307185216076,0.6825307185216076,0.9134746610863432,0.0777909198435083,0.0087344190701483,positive,0.9134746610863432,23,3.7219581417212777,0.3086729730043116,-0.756788656358925,3.7219581417212777,0.3086729730043116,0.756788656358925,False,True,True,True,23,0.4952310675978826,0.9999876478268954,peak,655.4356770833333,2.209574775894744,-0.6068742553882169,0.0,0.0,True,,,,,Non-monotonic: U-shaped / inverted-U
all_zones_E_soil,HD,CLASSIC,P,E_soil,Polynomial degree 3,11147,300,0.510063194011717,2.844216365386889e-21,0.2972037467082968,1.5609190550906057e-07,0.1562095875139353,5.462620369403795e-05,0.510063194011717,0.2972037467082968,-0.2128594473034201,189.72542575715244,189.72542575715244,0.6669963377303998,0.6669963377303998,0.5016722408026756,0.4849498327759197,0.0133779264214046,positive,0.5016722408026756,1,2.7148447659783157,0.1134635958103048,-0.8328546760166213,2.7148447659783157,0.1134635958103048,0.8328546760166213,False,True,False,True,1,0.5083612040133779,1.0,peak,672.7615314938683,1.9041026671554313,-0.7400016679526262,3.8591421203031956e-81,3.174295019417659e-126,True,,,,,Non-monotonic: U-shaped / inverted-U
all_zones_E_soil,HD,CLASSIC,P,E_soil,GAM,11147,300,0.5008607968283084,1.863294754346195e-20,0.2999335548172757,1.1853888230459517e-07,0.1916164994425864,7.442021772962442e-07,0.5008607968283084,0.2999335548172757,-0.2009272420110326,251.8683227666922,251.8683227666922,0.8380686909590601,0.8380686909590601,0.5986622073578596,0.391304347826087,0.0100334448160535,positive,0.5986622073578596,2,2.6724743175361345,0.139554808392909,-0.3048081918775252,2.6724743175361345,0.139554808392909,0.3048081918775252,False,True,True,True,2,0.4682274247491638,1.0,peak,619.8030553232996,1.9775553907302608,-0.604424877247315,1.8920499074638273e-88,7.865679048040585e-54,True,,,,,Non-monotonic: U-shaped / inverted-U
all_zones_E_soil,HD,CLASSIC,P,E_soil,Piecewise linear,11147,300,0.7850848824626738,5.9375095377269214e-64,1.0,0.0,1.0,0.0,0.7850848824626738,1.0,0.2149151175373261,274.4312518535475,274.4312518535475,1.0,1.0,1.0,0.0,0.0,positive,1.0,0,2.786991532107231,0.1020143054737536,0.1020143054737531,2.786991532107231,0.1020143054737536,0.1020143054737531,True,False,False,False,0,,,,,,,,,,,,,,Monotonic nonlinear
all_zones_E_soil,HD,CLASSIC,P,E_soil,Symbolic regression,11147,300,0.916406452717268,1.572172725227068e-120,0.93710641229347,2.955938813697417e-138,0.8736231884057971,9.415650985373253e-113,0.916406452717268,0.93710641229347,0.0206999595762019,398.3071682951215,398.3071682951215,0.9718246796944228,0.9718246796944228,0.8729096989966555,0.1204013377926421,0.0066889632107023,positive,0.8729096989966555,3,1.695900942862545,0.5889220988977956,0.6268219715149467,1.695900942862545,0.5889220988977956,0.6268219715149467,True,False,True,True,2,0.8227424749163879,0.5177540141333944,valley,1087.6029281633218,0.7726172293633539,1.899049009571816,3.850574609222779e-92,1.0662102663168654e-25,False,,,,,Non-monotonic: U-shaped / inverted-U
all_zones_E_soil,HD,LPJ-GUESS,P,E_soil,Equal-width bins,11341,10,0.9583656229967048,1.2500325593833135e-05,0.9636363636363636,7.320974809529922e-06,0.911111111111111,2.976190476190476e-05,0.9583656229967048,0.9636363636363636,0.0052707406396588,125.91254,125.91254,0.9831918271553804,0.9831918271553804,0.8888888888888888,0.1111111111111111,0.0,positive,0.8888888888888888,2,1.1324165793295684,1.35415677413841,0.4353430325731257,1.1324165793295684,1.35415677413841,0.4353430325731257,True,False,True,True,2,0.876635110386834,0.9455991846093248,valley,1114.6521484374998,1.1066593444355286,,4.9581357124143224e-05,,,,,,,Non-monotonic: U-shaped / inverted-U
all_zones_E_soil,HD,LPJ-GUESS,P,E_soil,Equal-count bins,11341,10,0.9633977027974574,7.51288943639665e-06,1.0,6.646897422032013e-64,1.0,5.511463844797178e-07,0.9633977027974574,1.0,0.0366022972025424,76.342409,76.342409,1.0,1.0,1.0,0.0,0.0,positive,1.0,0,1.6851834806916088,0.8854996939453365,0.6565462909768538,1.6851834806916088,0.8854996939453365,0.6565462909768538,True,False,False,False,0,,,,,,,,,,,,,,Monotonic nonlinear
all_zones_E_soil,HD,LPJ-GUESS,P,E_soil,LOWESS,11341,11094,0.9455590939855688,0.0,0.9981571598555008,0.0,0.9852517526770368,0.0,0.9455590939855688,0.9981571598555008,0.0525980658699322,167.34212629638122,167.34212629638122,1.0,1.0,0.9379789056161544,0.0409267105381772,0.0210943838456684,positive,0.9379789056161544,78,1.1614391252401437,0.5733364018152632,1.244798656023112,1.1614391252401437,0.5733364018152632,1.244798656023112,True,False,True,True,78,0.2714682679580205,0.3028100588716986,peak,358.74609375,1.2287892462240684,0.6905443010942299,0.0,0.0,False,,,,,Non-monotonic: U-shaped / inverted-U
all_zones_E_soil,HD,LPJ-GUESS,P,E_soil,Polynomial degree 3,11341,300,0.984781387950121,1.6001242195043918e-228,1.0,0.0,1.0,0.0,0.984781387950121,1.0,0.0152186120498789,163.4530030298612,163.4530030298612,1.0,1.0,1.0,0.0,0.0,positive,1.0,0,1.1627279900709382,0.5353965268945875,1.29722944830342,1.1627279900709382,0.5353965268945875,1.29722944830342,True,False,False,False,0,,,,,,,,,,,,,,Monotonic nonlinear
all_zones_E_soil,HD,LPJ-GUESS,P,E_soil,GAM,11341,300,0.9685852543203448,3.8028830514521976e-182,0.960521783575373,1.2661617034484518e-167,0.857881828316611,8.522344994178976e-109,0.9685852543203448,0.960521783575373,-0.0080634707449719,132.20200640733427,132.20200640733427,0.9962735149803608,0.9962735149803608,0.7658862876254181,0.217391304347826,0.0167224080267558,positive,0.7658862876254181,5,1.4017028811672971,1.1069708558697895,0.4812537813128897,1.4017028811672971,1.1069708558697895,0.4812537813128897,True,False,True,True,4,0.3979933110367892,0.4919572595191245,peak,525.9493006201225,1.41179136662867,0.9686747595659904,8.137561791956503e-96,2.1233594389224973e-66,False,,,,,Non-monotonic: U-shaped / inverted-U
all_zones_E_soil,HD,LPJ-GUESS,P,E_soil,Piecewise linear,11341,300,0.9813641590108068,1.5931748780157554e-215,1.0,0.0,1.0,0.0,0.9813641590108068,1.0,0.0186358409891931,120.4000506064362,120.4000506064362,1.0,1.0,1.0,0.0,0.0,positive,1.0,0,1.5350110427436023,0.731150229777084,0.7311502297770844,1.5350110427436023,0.731150229777084,0.7311502297770844,True,False,False,False,0,,,,,,,,,,,,,,Linear
all_zones_E_soil,HD,LPJ-GUESS,P,E_soil,Symbolic regression,11341,300,0.9848688813072712,6.821354851270165e-229,1.0,0.0,1.0,0.0,0.9848688813072712,1.0,0.0151311186927286,120.1020334227085,120.1020334227085,1.0,1.0,1.0,0.0,0.0,positive,1.0,0,1.5919498888209722,0.7850797807698547,0.6208211282168719,1.5919498888209722,0.7850797807698547,0.6208211282168719,True,False,False,False,0,,,,,,,,,,,,,,Monotonic nonlinear
all_zones_E_soil,HD,CLASSIC,LAI,E_soil,Equal-width bins,11147,10,0.512200089558566,0.1301283409150248,0.1272727272727272,0.7260570147627894,0.1111111111111111,0.7274895282186948,0.512200089558566,0.1272727272727272,-0.3849273622858387,150.91365500000003,150.91365500000003,0.8225239717609306,0.8225239717609306,0.5555555555555556,0.4444444444444444,0.0,positive,0.5555555555555556,3,1.8396361068998413,-0.1241073373068423,0.0512287854817848,1.8396361068998413,0.1241073373068423,0.0512287854817848,True,False,True,True,3,0.2575828341293943,0.9979715638356372,peak,0.70654892125,,-0.04254961810759,,0.7699404123953103,,,,,,Non-monotonic: U-shaped / inverted-U
all_zones_E_soil,HD,CLASSIC,LAI,E_soil,Equal-count bins,11147,10,0.7111489849983273,0.0211174607760772,0.9636363636363636,7.320974809529922e-06,0.911111111111111,2.976190476190476e-05,0.7111489849983273,0.9636363636363636,0.2524873786380361,229.133459,229.133459,0.8888819487858882,0.8888819487858882,0.8888888888888888,0.1111111111111111,0.0,positive,0.8888888888888888,1,18.63169945307367,0.2476249989314129,-0.3056136253628689,18.63169945307367,0.2476249989314129,0.3056136253628689,False,True,False,True,1,0.6553055210415686,0.9942252781429396,peak,0.825287055,1.3618828601642607,,0.0110744017497238,,,,,,,Non-monotonic: U-shaped / inverted-U
all_zones_E_soil,HD,CLASSIC,LAI,E_soil,LOWESS,11147,9723,0.6513309701424721,0.0,0.9403068032187512,0.0,0.8380318530346766,0.0,0.6513309701424721,0.9403068032187512,0.288975833076279,229.75564021100791,229.75564021100791,0.8977391312012638,0.8977391312012638,0.8025097716519235,0.1918329561818555,0.0056572721662209,positive,0.8025097716519235,96,45.96108613600619,-0.4474399821109087,0.1287942359691734,45.96108613600619,0.4474399821109087,0.1287942359691734,True,False,True,True,96,0.223171135869106,0.9999940325690522,peak,0.63716493,4.208707583112844,-0.3174955483558821,0.0,0.0,True,,,,,Non-monotonic: U-shaped / inverted-U
all_zones_E_soil,HD,CLASSIC,LAI,E_soil,Polynomial degree 3,11147,300,0.2809103856709235,7.609393466331728e-07,0.0993619929110323,0.085783924034697,0.031438127090301,0.4167643518610456,0.2809103856709235,0.0993619929110323,-0.1815483927598912,471.6826764919778,471.6826764919778,1.0,1.0,0.5719063545150501,0.4180602006688963,0.0100334448160535,positive,0.5719063545150501,2,1.2688328547794905,-0.851399830708584,2.5640529776220093,1.2688328547794905,0.851399830708584,2.5640529776220093,True,False,True,True,2,0.2491638795986622,0.4574212882849657,peak,0.7113755337792643,1.7993131905107211,0.2636602464657956,6.00286047897847e-41,6.8676000817196645e-06,False,,,,,Non-monotonic: U-shaped / inverted-U
all_zones_E_soil,HD,CLASSIC,LAI,E_soil,GAM,11147,300,0.2127019976396323,0.0002062114563272,0.1272583028700318,0.0275282269717813,0.0707246376811594,0.0677269865940179,0.2127019976396323,0.1272583028700318,-0.0854436947696005,185.1154787543428,185.1154787543428,0.7979037310011021,0.7979037310011021,0.4816053511705686,0.4916387959866221,0.0267558528428093,negative,0.4916387959866221,7,2.456926371460905,-0.0228912742456595,-0.048531854264407,2.456926371460905,0.0228912742456595,0.048531854264407,False,True,True,True,7,0.2274247491638796,1.0,peak,0.6493092120401338,2.80870011826988,-0.0273436573593973,4.851335377307995e-20,0.0967780735600764,False,,,,,Non-monotonic: U-shaped / inverted-U
all_zones_E_soil,HD,CLASSIC,LAI,E_soil,Piecewise linear,11147,300,0.9005942618139341,7.558423924788515e-110,1.0,0.0,1.0,0.0,0.9005942618139341,1.0,0.0994057381860659,272.9861976927109,272.9861976927109,1.0,1.0,1.0,0.0,0.0,positive,1.0,0,2.295069096787685,0.3492115091519168,0.3492115091519166,2.295069096787685,0.3492115091519168,0.3492115091519166,True,False,False,False,0,,,,,,,,,,,,,,Linear
all_zones_E_soil,HD,CLASSIC,LAI,E_soil,Symbolic regression,11147,300,0.8379967587280244,2.22337057972501e-80,0.8333852598362204,1.0071485734660204e-78,0.6910144927536231,2.946791763779351e-71,0.8379967587280244,0.8333852598362204,-0.004611498891804,341.7584438480646,341.7584438480646,1.0,1.0,0.7357859531772575,0.2207357859531772,0.0434782608695652,positive,0.7357859531772575,2,1.8970862259850003,0.2322388147781168,0.8629973473846638,1.8970862259850003,0.2322388147781168,0.8629973473846638,True,False,True,True,2,0.3779264214046823,0.6327374033335758,valley,1.0789991317725751,0.3697485211693387,0.5917140419327617,5.567742379490139e-07,3.2003489886590194e-113,False,,,,,Non-monotonic: U-shaped / inverted-U
all_zones_E_soil,HD,LPJ-GUESS,LAI,E_soil,Equal-width bins,11341,10,0.560733939296257,0.0917553517578008,0.5030303030303029,0.1383336983944919,0.5111111111111111,0.0466225749559082,0.560733939296257,0.5030303030303029,-0.057703636265954,23.985366000000003,23.985366000000003,0.3074844456395795,0.3074844456395795,0.7777777777777778,0.2222222222222222,0.0,positive,0.7777777777777778,3,1.8625742418985327,0.6400616402095856,-1.8561457204362253,1.8625742418985327,0.6400616402095856,1.8561457204362253,False,True,True,True,3,0.8903848711301882,0.9937325045845576,peak,2.5891114,0.8809280437270339,,0.0057344626964509,,,,,,,Non-monotonic: U-shaped / inverted-U
all_zones_E_soil,HD,LPJ-GUESS,LAI,E_soil,Equal-count bins,11341,10,0.7895345693732411,0.0066006125015235,0.9515151515151514,2.279854920641689e-05,0.8666666666666666,0.0001151895943562,0.7895345693732411,0.9515151515151514,0.1619805821419103,50.521888,50.521888,0.9007828833685052,0.9007828833685052,0.7777777777777778,0.2222222222222222,0.0,positive,0.7777777777777778,3,2.733546535277369,0.6176108946240346,-0.2861400180475678,2.733546535277369,0.6176108946240346,0.2861400180475678,False,True,True,True,3,0.698335274473627,0.9871012333749364,peak,1.2252290175,1.555556545398356,,0.000904226769154,,,,,,,Non-monotonic: U-shaped / inverted-U
all_zones_E_soil,HD,LPJ-GUESS,LAI,E_soil,LOWESS,11341,11339,0.7867627133747653,0.0,0.9801537165031572,0.0,0.9230093170446516,0.0,0.7867627133747653,0.9801537165031572,0.1933910031283918,66.4308383718892,66.4308383718892,1.0,1.0,0.8599400246957135,0.1300934909155053,0.009966484388781,positive,0.8599400246957135,224,3.691309109786102,-0.2346477780268606,0.4780457554105125,3.691309109786102,0.2346477780268606,0.4780457554105125,True,False,True,True,224,0.1404630955161093,0.685856028042753,valley,0.4344919875,5.020963002746083,0.304372510754491,0.0,0.0,False,,,,,Non-monotonic: U-shaped / inverted-U
all_zones_E_soil,HD,LPJ-GUESS,LAI,E_soil,Polynomial degree 3,11341,300,0.6367598443224219,1.6256900917789239e-35,0.4623544706052289,2.6982174090971506e-17,0.3137123745819398,5.353308775724578e-16,0.6367598443224219,0.4623544706052289,-0.174405373717193,92.46693666046843,92.46693666046843,1.0,1.0,0.6354515050167224,0.3478260869565217,0.0167224080267558,positive,0.6354515050167224,2,2.3358700464381923,-0.3604508115246371,1.0109762569711984,2.3358700464381923,0.3604508115246371,1.0109762569711984,True,False,True,True,2,0.7324414715719063,0.649092894813235,valley,2.2420635743143813,0.562800001848872,1.269389185531943,6.068920383504422e-26,6.3920912220446394e-43,False,,,,,Non-monotonic: U-shaped / inverted-U
all_zones_E_soil,HD,LPJ-GUESS,LAI,E_soil,GAM,11341,300,0.4729521286558543,3.985919721614172e-18,0.4436151512794586,6.775202134865304e-16,0.3497435897435897,1.656829224230416e-19,0.4729521286558543,0.4436151512794586,-0.0293369773763957,37.56513141618489,37.56513141618489,0.5007146411956228,0.5007146411956228,0.5384615384615384,0.4481605351170568,0.0133779264214046,positive,0.5384615384615384,3,2.777416837126147,0.213762793262463,-1.4919052252810736,2.777416837126147,0.213762793262463,1.4919052252810736,False,True,True,True,3,0.6722408026755853,1.0,peak,2.058244328535117,0.9681862928759674,-1.338025520474829,1.2375432070160081e-42,4.295904359513134e-37,True,,,,,Non-monotonic: U-shaped / inverted-U
all_zones_E_soil,HD,LPJ-GUESS,LAI,E_soil,Piecewise linear,11341,300,0.7254721991940651,2.8262056670611514e-50,1.0,0.0,1.0,0.0,0.7254721991940651,1.0,0.2745278008059348,75.72367224941762,75.72367224941762,1.0,1.0,1.0,0.0,0.0,positive,1.0,0,2.6222969358786243,0.1847754091062194,0.1847754091062194,2.6222969358786243,0.1847754091062194,0.1847754091062194,True,False,False,False,0,,,,,,,,,,,,,,Monotonic nonlinear
all_zones_E_soil,HD,LPJ-GUESS,LAI,E_soil,Symbolic regression,11341,300,0.0468586801138888,0.4187037079182772,-0.1261951799464438,0.028860728347624,-0.2077146042363434,8.082688190652415e-08,0.0468586801138888,0.1261951799464438,0.0793364998325549,29.753384187511973,29.753384187511973,0.5392259992278915,0.5392259992278915,0.3779264214046823,0.6153846153846154,0.0066889632107023,negative,0.6153846153846154,1,2.9600118335236094,-0.5543128168022166,-0.7989564071980196,2.9600118335236094,0.5543128168022166,0.7989564071980196,False,True,False,True,1,0.3812709030100334,1.0,peak,1.1697846406020067,2.325873035674103,-0.8212410131982975,6.796066706817933e-62,5.973056069903538e-221,True,,,,,Non-monotonic: U-shaped / inverted-U
all_zones_E_soil,CW,CLASSIC,P,E_soil,Equal-width bins,21322,10,0.864567594861473,0.0012458976791849,0.8424242424242423,0.0022200312259168,0.7333333333333333,0.002212852733686,0.864567594861473,0.8424242424242423,-0.0221433524372307,43.92592000000002,43.92592000000002,0.5987911420026799,0.5987911420026799,0.6666666666666666,0.3333333333333333,0.0,positive,0.6666666666666666,3,0.8347493105308774,1.0733403972557811,-0.5012921881101312,0.8347493105308774,1.0733403972557811,0.5012921881101312,False,True,True,True,3,0.7911259341955013,0.9867469635431626,peak,1591.1291666666666,1.0089776116161735,-1.9856611323459243,0.0025187710056976,0.1433774839001628,False,,,,,Non-monotonic: U-shaped / inverted-U
all_zones_E_soil,CW,CLASSIC,P,E_soil,Equal-count bins,21322,10,0.5201435379701747,0.1232690357955214,0.5030303030303029,0.1383336983944919,0.4222222222222222,0.108313492063492,0.5201435379701747,0.5030303030303029,-0.0171132349398717,49.457575000000006,49.457575000000006,1.0,1.0,0.7777777777777778,0.2222222222222222,0.0,positive,0.7777777777777778,2,2.401075893682895,-1.4659011588097972,0.1353556544168324,2.401075893682895,1.4659011588097972,0.1353556544168324,True,False,True,True,2,0.3103273922240772,0.7981194932236284,peak,511.9765299479167,3.3844463984843784,0.878831119897004,0.0330333176255014,0.2372102675931144,False,,,,,Non-monotonic: U-shaped / inverted-U
all_zones_E_soil,CW,CLASSIC,P,E_soil,LOWESS,21322,20661,0.5489470149702751,0.0,0.3484917657645363,0.0,0.2330040843257166,0.0,0.5489470149702751,0.3484917657645363,-0.2004552492057388,50.18171351209298,50.18171351209298,0.634310926366021,0.634310926366021,0.5975314617618587,0.3995643756050339,0.0029041626331074,positive,0.5975314617618587,477,0.5073777699640182,2.5125110193811717,0.1806745336945878,0.5073777699640182,2.5125110193811717,0.1806745336945878,True,False,True,True,477,0.0826376343439167,1.9034890236873208e-06,valley,177.0772786458333,-4.358660454520495,0.9277327999877754,5.050804295868329e-15,0.0,True,,,,,Non-monotonic: U-shaped / inverted-U
all_zones_E_soil,CW,CLASSIC,P,E_soil,Polynomial degree 3,21322,300,0.9001603177945252,1.3987211296758798e-109,0.8660567339637106,1.0126366135348185e-91,0.7376588628762542,6.116539296182163e-81,0.9001603177945252,0.8660567339637106,-0.0341035838308145,33.01811483931803,33.01811483931803,0.5569442354953265,0.5569442354953265,0.6989966555183946,0.294314381270903,0.0066889632107023,positive,0.6989966555183946,2,0.9236617452041548,1.8494673361623049,-1.08937114387381,0.9236617452041548,1.8494673361623049,1.08937114387381,False,True,True,True,2,0.7642140468227425,0.999988925543164,peak,1637.5703974184785,1.6112681686026575,-1.753297174067605,2.0638368508772928e-187,2.1800118862151653e-40,True,,,,,Non-monotonic: U-shaped / inverted-U
all_zones_E_soil,CW,CLASSIC,P,E_soil,GAM,21322,300,0.7614964777002675,4.622393841842847e-58,0.7378410871231902,8.373945179221847e-53,0.5129542920847269,4.534869421238158e-40,0.7614964777002675,0.7378410871231902,-0.0236553905770773,5.274644125023599,5.274644125023599,0.0529778113976779,0.0529778113976779,0.4381270903010033,0.5618729096989966,0.0,negative,0.5618729096989966,6,0.0529025299078371,1.8704742261398732,-1.746268357707255,0.0529025299078371,1.8704742261398732,1.746268357707255,False,True,True,True,6,0.7023411371237458,1.0,peak,1504.9881114130435,1.2122430090211531,-1.7225880603847017,4.843220377880386e-68,8.937979558995195e-35,True,,,,,Non-monotonic: U-shaped / inverted-U
all_zones_E_soil,CW,CLASSIC,P,E_soil,Piecewise linear,21322,300,0.989431071553408,5.757967961230604e-252,1.0,0.0,1.0,0.0,0.989431071553408,1.0,0.0105689284465919,103.17920116265988,103.17920116265988,1.0,1.0,1.0,0.0,0.0,positive,1.0,0,0.5158739729204251,1.2432794105927507,1.2432794105927516,0.5158739729204251,1.2432794105927507,1.2432794105927516,True,False,False,False,0,,,,,,,,,,,,,,Monotonic nonlinear
all_zones_E_soil,CW,CLASSIC,P,E_soil,Symbolic regression,21322,300,0.9650599012170532,2.2289229151852567e-175,1.0,0.0,1.0,0.0,0.9650599012170532,1.0,0.0349400987829469,67.74322503140708,67.74322503140708,1.0,1.0,1.0,0.0,0.0,positive,1.0,0,2.1259658972202407,0.4918613656479444,0.377091350788295,2.1259658972202407,0.4918613656479444,0.377091350788295,True,False,False,False,0,,,,,,,,,,,,,,Monotonic nonlinear
all_zones_E_soil,CW,LPJ-GUESS,P,E_soil,Equal-width bins,21472,10,0.8290144716420725,0.0030255618991651,0.8787878787878788,0.0008138621117322,0.7333333333333333,0.002212852733686,0.8290144716420725,0.8787878787878788,0.0497734071458062,47.93595000000002,47.93595000000002,0.521504029372405,0.521504029372405,0.6666666666666666,0.3333333333333333,0.0,positive,0.6666666666666666,5,0.1483962441024441,1.203738483271486,0.7964582412743644,0.1483962441024441,1.203738483271486,0.7964582412743644,True,False,True,True,5,0.14996788114207,0.0434496226884181,valley,304.37652994791665,,1.2160558749200767,,7.818565053263218e-05,,,,,,Non-monotonic: U-shaped / inverted-U
all_zones_E_soil,CW,LPJ-GUESS,P,E_soil,Equal-count bins,21472,10,0.9109752598269416,0.0002465206805472,0.8060606060606059,0.0048620611019646,0.6888888888888888,0.0046869488536155,0.9109752598269416,0.8060606060606059,-0.1049146537663356,47.38916549999999,47.38916549999999,0.8749176161662365,0.8749176161662365,0.6666666666666666,0.3333333333333333,0.0,positive,0.6666666666666666,3,0.0801899335528515,1.2704681235105626,0.9378047516121129,0.0801899335528515,1.2704681235105626,0.9378047516121129,True,False,True,True,3,0.1692176140442421,0.0003148637076077,valley,389.4344075520833,,1.2918771846804729,,5.5889325683177035e-05,,,,,,Non-monotonic: U-shaped / inverted-U
all_zones_E_soil,CW,LPJ-GUESS,P,E_soil,LOWESS,21472,20830,0.9506688710199984,0.0,0.9532939341434532,0.0,0.8657935994229765,0.0,0.9506688710199984,0.9532939341434532,0.0026250631234547,58.08500844193249,58.08500844193249,0.591102070290211,0.591102070290211,0.7898122809544386,0.1983772624705939,0.0118104565749675,positive,0.7898122809544386,815,0.8252093901107757,1.3937360690161087,1.1293238393957086,0.8252093901107757,1.3937360690161087,1.1293238393957086,True,False,True,True,815,0.1780312621321331,1.3126294816114037e-06,valley,382.50299479166665,-0.7027050708211663,1.418781919028374,0.0,0.0,True,,,,,Non-monotonic: U-shaped / inverted-U
all_zones_E_soil,CW,LPJ-GUESS,P,E_soil,Polynomial degree 3,21472,300,0.705769858447685,1.6028383358916667e-46,0.699965999622218,1.7860427222969244e-45,0.5125975473801562,5.127065316039845e-40,0.705769858447685,0.699965999622218,-0.005803858825467,-29.02581843208032,29.02581843208032,-0.3328118690819895,0.3328118690819895,0.5451505016722408,0.4481605351170568,0.0066889632107023,positive,0.5451505016722408,2,-0.788041332446558,2.3522224516264783,-2.5357663832188058,0.788041332446558,2.3522224516264783,2.5357663832188058,True,False,True,True,2,0.7374581939799332,0.9999686611165748,peak,1584.440644596572,1.409736043162359,-3.356362097485482,5.182978056322331e-70,1.4352198002780698e-43,True,,,,,Non-monotonic: U-shaped / inverted-U
all_zones_E_soil,CW,LPJ-GUESS,P,E_soil,GAM,21472,300,0.9077251834109584,1.997358277928166e-114,0.9237124856942854,3.319959091634227e-126,0.8263991081382387,4.256165222733897e-101,0.9077251834109584,0.9237124856942854,0.0159873022833269,35.503555135685886,35.503555135685886,0.3702346482562365,0.3702346482562365,0.7157190635451505,0.2541806020066889,0.0301003344481605,positive,0.7157190635451505,5,-1.1166245909776276,1.4549809145570705,0.7831950838522752,1.1166245909776276,1.4549809145570705,0.7831950838522752,False,True,True,True,5,0.1655518394648829,6.928513081335725e-06,valley,355.69075695025083,-3.681384433400379,1.175518104756016,6.262441282037726e-26,2.9910513325841205e-154,True,,,,,Non-monotonic: U-shaped / inverted-U
all_zones_E_soil,CW,LPJ-GUESS,P,E_soil,Piecewise linear,21472,300,0.9125598675661576,9.538210912614575e-118,0.905204280047556,9.124600893537734e-113,0.8403121516164995,1.828974458017066e-104,0.9125598675661576,0.905204280047556,-0.0073555875186014,60.225571236745054,60.225571236745054,0.4772064214601507,0.4772064214601507,0.8662207357859532,0.1337792642140468,0.0,positive,0.8662207357859532,1,-0.8721434570535948,1.155271687044948,1.155271687044947,0.8721434570535948,1.155271687044948,1.155271687044947,False,True,True,False,1,0.1337792642140468,0.0,valley,287.42687430323303,-3.90788199958537,1.1552526448747755,3.0851491384570103e-293,0.0,True,,,,,Non-monotonic: U-shaped / inverted-U
all_zones_E_soil,CW,LPJ-GUESS,P,E_soil,Symbolic regression,21472,300,0.9943019639656134,8.686259416742792e-292,0.994765275169724,2.922769478520008e-297,0.9887179487179488,7.348624824776203e-144,0.9943019639656134,0.994765275169724,0.0004633112041105,76.98484883551977,76.98484883551977,0.4731700030934849,0.4731700030934849,0.9933110367892976,0.0066889632107023,0.0,positive,0.9933110367892976,3,-0.4617850216902962,0.9773771216805744,0.908959980476048,0.4617850216902962,0.9773771216805744,0.908959980476048,False,True,True,True,2,0.1471571906354515,0.1684490587193649,valley,316.1695617335563,0.99973585031486,0.9664283591791224,0.0003500846151171,0.0,False,,,,,Linear
all_zones_E_soil,CW,CLASSIC,LAI,E_soil,Equal-width bins,21322,10,-0.7594573222199524,0.0108282565688361,-0.7212121212121211,0.0185731550894602,-0.6444444444444444,0.0091484788359788,0.7594573222199524,0.7212121212121211,-0.0382452010078313,-26.701276000000007,26.701276000000007,-0.2457569377181542,0.2457569377181542,0.3333333333333333,0.6666666666666666,0.0,negative,0.6666666666666666,4,-0.8116943831473457,-0.930944015016842,1.0224182050899902,0.8116943831473457,0.930944015016842,1.0224182050899902,False,True,True,True,4,0.8923901271799577,0.0033786717800662,valley,3.981528975,-1.1471843006248557,,2.224566371965817e-05,,,,,,,Non-monotonic: U-shaped / inverted-U
all_zones_E_soil,CW,CLASSIC,LAI,E_soil,Equal-count bins,21322,10,-0.8495222051251424,0.0018629877829529,-0.7212121212121211,0.0185731550894602,-0.6,0.0166661155202821,0.8495222051251424,0.7212121212121211,-0.1283100839130213,-68.56604499999999,68.56604499999999,-0.659482046376275,0.659482046376275,0.2222222222222222,0.7777777777777778,0.0,negative,0.7777777777777778,2,0.4350661037996453,-1.1884956650632807,-0.7713651637081644,0.4350661037996453,1.1884956650632807,0.7713651637081644,False,True,True,True,2,0.1369786097761429,0.9771088732452572,peak,0.46950843,2.7859573120752295,-1.039813893479446,0.2098086386738321,6.799167164534277e-05,False,,,,,Non-monotonic: U-shaped / inverted-U
all_zones_E_soil,CW,CLASSIC,LAI,E_soil,LOWESS,21322,21316,-0.8832425482122739,0.0,-0.7255142955774954,0.0,-0.6167990292253203,0.0,0.8832425482122739,0.7255142955774954,-0.1577282526347785,-90.72250325083576,90.72250325083576,-0.8146549736465362,0.8146549736465362,0.1692704668074126,0.8296973961998593,0.0010321369927281,negative,0.8296973961998593,360,-0.3790595253747388,-1.3926806895908506,-0.3744301538707253,0.3790595253747388,1.3926806895908506,0.3744301538707253,True,False,True,True,360,0.0941912952420018,0.9999965367009253,peak,0.457325375,2.7757071556099917,-1.3897573639770695,0.0,0.0,True,,,,,Non-monotonic: U-shaped / inverted-U
all_zones_E_soil,CW,CLASSIC,LAI,E_soil,Polynomial degree 3,21322,300,-0.7210045466508197,2.1413858266410157e-49,-0.7187626529183657,5.828866828001991e-49,-0.5504570791527313,7.052681670272987e-46,0.7210045466508197,0.7187626529183657,-0.0022418937324539,9.215545813645091,9.215545813645091,0.1096756481210691,0.1096756481210691,0.4180602006688963,0.5752508361204013,0.0066889632107023,negative,0.5752508361204013,2,-0.1644329036485075,-2.157506174827372,2.628294204609604,0.1644329036485075,2.157506174827372,2.628294204609604,False,True,True,True,2,0.7207357859531773,3.608656732644099e-05,valley,3.403480955657191,-1.62589000162315,3.1861274223530605,1.0270211929569929e-109,3.0697145643292152e-46,True,,,,,Non-monotonic: U-shaped / inverted-U
all_zones_E_soil,CW,CLASSIC,LAI,E_soil,GAM,21322,300,-0.8511405211462133,2.1187698124207815e-85,-0.7991275458616207,7.950683745913148e-68,-0.6341583054626533,2.6433333994585164e-60,0.8511405211462133,0.7991275458616207,-0.0520129752845925,-25.998390791449552,25.998390791449552,-0.2951876421684394,0.2951876421684394,0.3578595317725752,0.6387959866220736,0.0033444816053511,negative,0.6387959866220736,3,-0.0999160259657387,-1.7283367983689604,0.9283584062673764,0.0999160259657387,1.7283367983689604,0.9283584062673764,False,True,True,True,2,0.7608695652173914,1.4888447421185585e-07,valley,3.592199170413044,-1.4469440168332706,1.527033589332586,4.966417414196132e-111,2.6929135029979126e-62,True,,,,,Non-monotonic: U-shaped / inverted-U
all_zones_E_soil,CW,CLASSIC,LAI,E_soil,Piecewise linear,21322,300,-0.9807783270621744,1.5355756309958053e-213,-0.9781628684763164,2.2760340810592455e-205,-0.9374804905239688,1.541021294906701e-129,0.9807783270621744,0.9781628684763164,-0.0026154585858579,-90.9851261356112,90.9851261356112,-0.7231365629751413,0.7231365629751413,0.0903010033444816,0.9096989966555185,0.0,negative,0.9096989966555185,1,0.0253584414102101,-1.0992647058823537,-1.0992647058823533,0.0253584414102101,1.0992647058823537,1.0992647058823533,False,False,False,True,1,0.0903010033444816,1.0,peak,0.4390323322006689,3.1077280311843505,-1.0992647058823533,1.0456760682752392e-53,0.0,True,,,,,Linear
all_zones_E_soil,CW,CLASSIC,LAI,E_soil,Symbolic regression,21322,300,-0.9610864495721348,1.5439293442056508e-168,-0.958499983333148,1.8558896780060425e-164,-0.9237904124860647,7.688047696710224e-126,0.9610864495721348,0.958499983333148,-0.0025864662389866,-15.889671255427428,15.889671255427428,-0.1102940757046122,0.1102940757046122,0.0735785953177257,0.9264214046822744,0.0,negative,0.9264214046822744,3,1.9417539067524536,-1.163640152118276,-1.1195294425121505,1.9417539067524536,1.163640152118276,1.1195294425121505,False,True,True,True,2,0.1003344481605351,1.0,peak,0.4862118858896322,4.193892044288068,-1.1473425257820236,3.127349373773139e-06,0.0,True,,,,,Linear
all_zones_E_soil,CW,LPJ-GUESS,LAI,E_soil,Equal-width bins,21472,10,0.2444414843572023,0.4961052471206134,-0.2484848484848484,0.4887763045192431,-0.2444444444444444,0.3807197971781305,0.2444414843572023,0.2484848484848484,0.0040433641276461,54.72672499999999,54.72672499999999,0.6073537966397984,0.6073537966397984,0.4444444444444444,0.4444444444444444,0.1111111111111111,positive,0.4444444444444444,3,-0.2191882462804079,-0.7177829524617675,2.6164823113232143,0.2191882462804079,0.7177829524617675,2.6164823113232143,False,True,True,True,3,0.7775577955841131,0.0033628385030676,valley,3.1445415249999997,-0.2429766718588989,,0.2516778404246045,,,,,,,Non-monotonic: U-shaped / inverted-U
all_zones_E_soil,CW,LPJ-GUESS,LAI,E_soil,Equal-count bins,21472,10,-0.3798181696479368,0.2789896236744778,-0.3696969696969697,0.2930500752928223,-0.2888888888888888,0.2912483465608466,0.3798181696479368,0.3696969696969697,-0.0101211999509671,-37.004695,37.004695,-1.0,1.0,0.3333333333333333,0.6666666666666666,0.0,negative,0.6666666666666666,4,-1.983117923283262,1.0452485818103785,-2.772116526231985,1.983117923283262,1.0452485818103785,2.772116526231985,True,False,True,True,4,0.5825414127213222,0.7706175420342266,valley,1.910216225,-0.2798655765635492,-2.2023527107571224,0.8234392031474124,0.0121141697374915,False,,,,,Non-monotonic: U-shaped / inverted-U
all_zones_E_soil,CW,LPJ-GUESS,LAI,E_soil,LOWESS,21472,21460,-0.4190278919829776,0.0,-0.415187438774959,0.0,-0.2737277142257932,0.0,0.4190278919829776,0.415187438774959,-0.0038404532080185,-19.694392618765377,19.694392618765377,-0.3846327691458906,0.3846327691458906,0.4098047439302856,0.5862808145766345,0.0039144414930798,negative,0.5862808145766345,263,-1.815678604665653,-1.297242796805469,-0.5607702205963953,1.815678604665653,1.297242796805469,0.5607702205963953,True,False,True,True,263,0.7497973099600372,3.1560026779461267e-06,valley,3.1990264,-0.3682035774954593,2.178816298172259,0.0,0.0,True,,,,,Non-monotonic: U-shaped / inverted-U
all_zones_E_soil,CW,LPJ-GUESS,LAI,E_soil,Polynomial degree 3,21472,300,-0.7740919541006488,4.054880357588288e-61,-0.6824178046422738,1.8598679694476838e-42,-0.5164771460423634,1.3434389391662995e-40,0.7740919541006488,0.6824178046422738,-0.091674149458375,-59.87808238862111,59.87808238862111,-0.9950634226159843,0.9950634226159843,0.2775919732441471,0.6789297658862876,0.0434782608695652,negative,0.6789297658862876,2,-0.0227421536567599,-0.2865079166866726,-2.6688546424452273,0.0227421536567599,0.2865079166866726,2.6688546424452273,False,False,True,True,2,0.1421404682274247,0.9571249893210418,valley,0.6074473786862876,-0.2642528023224082,-0.8872743723440139,5.8538959449677325e-24,1.7594930906053495e-64,False,,,,,Non-monotonic: U-shaped / inverted-U
all_zones_E_soil,CW,LPJ-GUESS,LAI,E_soil,GAM,21472,300,0.3384952632753304,1.776995262832644e-09,0.1125612506805631,0.0514541053840916,0.0503010033444816,0.1938492043820642,0.3384952632753304,0.1125612506805631,-0.2259340125947673,74.62934281737594,74.62934281737594,0.6059397483462547,0.6059397483462547,0.5016722408026756,0.4816053511705686,0.0167224080267558,positive,0.5016722408026756,5,-0.2650809575168523,-0.804927026506562,2.8737185613136504,0.2650809575168523,0.804927026506562,2.8737185613136504,False,True,True,True,5,0.717391304347826,4.830052548450263e-05,valley,3.060818914226087,-0.0913609041477812,3.6656689973091807,0.004671880758339,9.569277629485932e-51,True,,,,,Non-monotonic: U-shaped / inverted-U
all_zones_E_soil,CW,LPJ-GUESS,LAI,E_soil,Piecewise linear,21472,300,-0.7616752315280733,4.1958068850647935e-58,-0.6141646018289092,1.7059162083120635e-32,-0.3879598662207358,1.2323428052450382e-23,0.7616752315280733,0.6141646018289092,-0.147510629699164,-34.653768821215195,34.653768821215195,-0.724450035761776,0.724450035761776,0.4849498327759197,0.5150501672240803,0.0,negative,0.5150501672240803,1,0.5682030297050275,-0.7890050564037597,-1.9531936307930151,0.5682030297050275,0.7890050564037597,1.9531936307930151,False,True,False,True,1,0.4849498327759197,1.0,peak,2.0694856484120403,0.5682030297050275,-1.9527490106584935,0.0,0.0,True,,,,,Non-monotonic: U-shaped / inverted-U
all_zones_E_soil,CW,LPJ-GUESS,LAI,E_soil,Symbolic regression,21472,300,-0.7749284617634028,2.5001245917099544e-61,-0.7905665618506872,1.981993207619883e-65,-0.7179933110367893,8.820565151472078e-77,0.7749284617634028,0.7905665618506872,0.0156381000872843,-47.611844960617745,47.611844960617745,-0.8980926674952371,0.8980926674952371,0.1739130434782608,0.8127090301003345,0.0133779264214046,negative,0.8127090301003345,2,-1.6661367519112604,-0.3047747963538203,-0.7174332755092155,1.6661367519112604,0.3047747963538203,0.7174332755092155,True,False,True,True,2,0.3578595317725752,0.4439893456967698,peak,1.5274617045137124,-1.018500570850863,-0.5431096860595046,1.8201534213847296e-12,4.878811441492075e-146,False,,,,,Non-monotonic: U-shaped / inverted-U
all_zones_E_soil,CD,CLASSIC,P,E_soil,Equal-width bins,13445,10,0.4903238640416369,0.1502160819817368,0.1636363636363636,0.6514773427962428,0.1111111111111111,0.7274895282186948,0.4903238640416369,0.1636363636363636,-0.3266875004052733,170.85511000000002,170.85511000000002,0.6838341459816362,0.6838341459816362,0.6666666666666666,0.3333333333333333,0.0,positive,0.6666666666666666,2,2.341797602989255,0.0100552752376647,-0.5605265947656739,2.341797602989255,0.0100552752376647,0.5605265947656739,False,True,True,True,2,0.5790589468212888,0.995926845600379,peak,597.4704427083333,1.775919334817474,-0.5873961212736877,0.0026378600245483,0.1791647806334234,False,,,,,Non-monotonic: U-shaped / inverted-U
all_zones_E_soil,CD,CLASSIC,P,E_soil,Equal-count bins,13445,9,0.9551869923456836,6.0031119370338946e-05,1.0,0.0,1.0,5.5114638447971785e-06,0.9551869923456836,1.0,0.0448130076543163,233.08884,233.08884,1.0,1.0,1.0,0.0,0.0,positive,1.0,0,1.5836154247595635,1.5797506740012597,0.3314372838923308,1.5836154247595635,1.5797506740012597,0.3314372838923308,True,False,False,False,0,,,,,,,,,,,,,,Monotonic nonlinear
all_zones_E_soil,CD,CLASSIC,P,E_soil,LOWESS,13445,10280,0.8238330575593358,0.0,0.974684809217296,0.0,0.939654306331938,0.0,0.8238330575593358,0.974684809217296,0.1508517516579602,142.3711259088307,142.3711259088307,0.5941773347221325,0.5941773347221325,0.8989201284171612,0.0883354411907773,0.0127444303920614,positive,0.8989201284171612,14,2.3673298566245977,0.5938548819081497,-0.8073224051741271,2.3673298566245977,0.5938548819081497,0.8073224051741271,False,True,True,True,9,0.4477499117676238,0.999989482635558,peak,496.3353515625,2.160311975237426,-0.7101364513459086,0.0,0.0,True,,,,,Non-monotonic: U-shaped / inverted-U
all_zones_E_soil,CD,CLASSIC,P,E_soil,Polynomial degree 3,13445,300,0.4585503222971631,5.2753451111568977e-17,0.3646667185190946,7.240984874334979e-11,0.2702341137123746,2.9485805076762218e-12,0.4585503222971631,0.3646667185190946,-0.0938836037780684,81.22233813741981,81.22233813741981,0.371527346530679,0.371527346530679,0.5752508361204013,0.4180602006688963,0.0066889632107023,positive,0.5752508361204013,1,2.426474680645674,0.4919786416695857,-1.8026667697718337,2.426474680645674,0.4919786416695857,1.8026667697718337,False,True,False,True,1,0.5785953177257525,1.0,peak,641.3788208290455,1.746126279786918,-1.48199369764185,1.9066876980311194e-109,7.142834734744189e-75,True,,,,,Non-monotonic: U-shaped / inverted-U
all_zones_E_soil,CD,CLASSIC,P,E_soil,GAM,13445,300,0.5664138329335542,7.475293612764989e-27,0.3579461994022155,1.6941183962042552e-10,0.1635674470457079,2.3899287799129634e-05,0.5664138329335542,0.3579461994022155,-0.2084676335313386,130.17026094895866,130.17026094895866,0.6238136119405271,0.6238136119405271,0.4749163879598662,0.4682274247491639,0.0568561872909698,positive,0.4749163879598662,3,2.6868131455353472,0.1876565445607307,-1.007390424948293,2.6868131455353472,0.1876565445607307,1.007390424948293,False,True,True,True,3,0.451505016722408,1.0,peak,500.4979237683303,2.2323596139368376,-0.6526685428295285,3.8136236266872026e-123,1.2775868967954697e-95,True,,,,,Non-monotonic: U-shaped / inverted-U
all_zones_E_soil,CD,CLASSIC,P,E_soil,Piecewise linear,13445,300,0.6639869911876805,1.6553418495081574e-39,0.3794602162246246,1.0385440049553836e-11,0.1218283166109253,0.0016505190592368,0.6639869911876805,0.3794602162246246,-0.2845267749630558,161.09248304759703,161.09248304759703,0.7810755399511243,0.7810755399511243,0.3779264214046823,0.6220735785953178,0.0,negative,0.6220735785953178,1,2.6576743716633073,0.0299681286719708,-0.3519269545946977,2.6576743716633073,0.0299681286719708,0.3519269545946977,False,True,False,True,1,0.3779264214046822,1.0,peak,418.935299154232,2.657674371663308,-0.3519269545946981,0.0,0.0,True,,,,,Non-monotonic: U-shaped / inverted-U
all_zones_E_soil,CD,CLASSIC,P,E_soil,Symbolic regression,13445,300,0.3265559735095292,6.952833606393974e-09,0.3002100023333592,1.1526251284062242e-07,0.4038795986622074,1.7671197210415862e-25,0.3265559735095292,0.3002100023333592,-0.0263459711761699,163.884321187728,163.884321187728,0.5216436413321588,0.5216436413321588,0.9966555183946488,0.0033444816053511,0.0,positive,0.9966555183946488,2,1.922304254396252,1.0075698233281136,-1.3600838919079297,1.922304254396252,1.0075698233281136,1.3600838919079297,False,True,True,True,2,0.6923076923076922,1.0,peak,767.4301497781064,1.2731523846770505,0.1684778688681648,5.004557668692338e-166,0.0135388999642351,False,,,,,Non-monotonic: U-shaped / inverted-U
all_zones_E_soil,CD,LPJ-GUESS,P,E_soil,Equal-width bins,10397,10,0.9665150585775062,5.282232756318737e-06,0.9878787878787878,9.307459988955517e-08,0.9555555555555554,5.5114638447971785e-06,0.9665150585775062,0.9878787878787878,0.0213637293012816,84.67244350000001,84.67244350000001,1.0,1.0,0.8888888888888888,0.1111111111111111,0.0,positive,0.8888888888888888,2,1.192347624471646,1.1233384885007125,0.6554510912508471,1.192347624471646,1.1233384885007125,0.6554510912508471,True,False,True,True,2,0.8917605716197022,0.8419411961812152,valley,974.8657877604168,0.9749779696028904,,4.003245261327812e-05,,,,,,,Non-monotonic: U-shaped / inverted-U
all_zones_E_soil,CD,LPJ-GUESS,P,E_soil,Equal-count bins,10397,10,0.9596647397030348,1.1029094267843955e-05,0.9757575757575756,1.4675461874042197e-06,0.911111111111111,2.976190476190476e-05,0.9596647397030348,0.9757575757575756,0.016092836054541,58.063291500000005,58.063291500000005,0.9537821968969752,0.9537821968969752,0.7777777777777778,0.2222222222222222,0.0,positive,0.7777777777777778,3,1.6296244380497071,0.6404469885604189,1.4290265145214576,1.6296244380497071,0.6404469885604189,1.4290265145214576,True,False,True,True,3,0.5037772166048587,0.4765101967605298,peak,287.5208984375,0.9440467485616616,1.2877192670350386,0.0195283990936921,0.0162219446393513,False,,,,,Non-monotonic: U-shaped / inverted-U
all_zones_E_soil,CD,LPJ-GUESS,P,E_soil,LOWESS,10397,9840,0.9405925290889524,0.0,0.9956764774470892,0.0,0.9765061803987284,0.0,0.9405925290889524,0.9956764774470892,0.0550839483581365,52.96506101882666,52.96506101882666,0.6172767204485978,0.6172767204485978,0.9109665616424434,0.0743978046549446,0.014635633702612,positive,0.9109665616424434,137,1.1822247532865444,1.5467782270547177,0.5361578334888218,1.1822247532865444,1.5467782270547177,0.5361578334888218,True,False,True,True,137,0.0630961850074394,4.2711661381650135e-06,valley,73.41761997767857,-5.979249044549066,1.1932219139012854,0.0,0.0,True,,,,,Non-monotonic: U-shaped / inverted-U
all_zones_E_soil,CD,LPJ-GUESS,P,E_soil,Polynomial degree 3,10397,300,0.728714611876684,6.337922643848954e-51,0.7160595117723529,1.924616385932106e-48,0.5775250836120401,2.5365087446292437e-50,0.728714611876684,0.7160595117723529,-0.012655100104331,7.117523969922075,7.117523969922075,0.0902413323269985,0.0902413323269985,0.6220735785953178,0.3712374581939799,0.0066889632107023,positive,0.6220735785953178,2,0.8654821602111356,1.918311209056078,-2.4947886735189257,0.8654821602111356,1.918311209056078,2.4947886735189257,False,True,True,True,2,0.7107023411371237,0.999976187793776,peak,826.9608438719342,1.731321016006731,-2.8849949292277617,4.280135359915678e-154,2.0110875323139704e-48,True,,,,,Non-monotonic: U-shaped / inverted-U
all_zones_E_soil,CD,LPJ-GUESS,P,E_soil,GAM,10397,300,0.906711864429696,9.40365139925716e-114,0.8783479816442404,1.569580459583986e-97,0.7314604236343367,1.286618054436669e-79,0.906711864429696,0.8783479816442404,-0.0283638827854554,52.6774844299516,52.6774844299516,0.5438810507866132,0.5438810507866132,0.7190635451505016,0.2675585284280936,0.0133779264214046,positive,0.7190635451505016,3,0.0270706437066576,1.2651660298348035,0.3466193286088605,0.0270706437066576,1.2651660298348035,0.3466193286088605,False,False,True,True,3,0.0635451505016722,0.0,valley,73.9400283932553,-6.9831268678938265,0.9275028757423214,1.0592649963519792e-10,1.4244698755220876e-100,True,,,,,Non-monotonic: U-shaped / inverted-U
all_zones_E_soil,CD,LPJ-GUESS,P,E_soil,Piecewise linear,10397,300,0.9954873998087974,7.643986603079189e-307,0.9954346159401772,4.3067506418202376e-306,0.988494983277592,8.514779942964458e-144,0.9954873998087974,0.9954346159401772,-5.27838686202875e-05,92.07809335388905,92.07809335388905,0.6557945311387163,0.6557945311387163,0.9866220735785952,0.0133779264214046,0.0,positive,0.9866220735785952,1,-0.0561574027426959,1.013559322033898,1.0135593220338983,0.0561574027426959,1.013559322033898,1.0135593220338983,False,True,False,False,0,,,,,,,,,,,,,,Linear
all_zones_E_soil,CD,LPJ-GUESS,P,E_soil,Symbolic regression,10397,300,0.9966230133619376,0.0,0.9979733108145644,0.0,0.995763656633222,6.877479273534202e-146,0.9966230133619376,0.9979733108145644,0.001350297452627,98.16948894809236,98.16948894809236,0.6244240863918464,0.6244240863918464,0.9966555183946488,0.0033444816053511,0.0,positive,0.9966555183946488,1,0.0478120786998946,0.9444413137518316,0.8842190389974129,0.0478120786998946,0.9444413137518316,0.8842190389974129,True,False,False,False,0,,,,,,,,,,,,,,Linear
all_zones_E_soil,CD,CLASSIC,LAI,E_soil,Equal-width bins,13445,10,-0.0706238814058746,0.8462785096934518,-0.3939393939393939,0.2599977668348875,-0.4222222222222222,0.108313492063492,0.0706238814058746,0.3939393939393939,0.3233155125335193,38.979117,38.979117,0.258348088217624,0.258348088217624,0.4444444444444444,0.5555555555555556,0.0,negative,0.5555555555555556,3,2.442868309545782,-0.7634903519040276,-1.569485494119056,2.442868309545782,0.7634903519040276,1.569485494119056,False,True,True,True,3,0.3650113677876965,0.9995750062124652,peak,0.5787214924999999,4.024953102996789,-0.9627476753153884,0.2553741211335932,0.0032738033163689,False,,,,,Non-monotonic: U-shaped / inverted-U
all_zones_E_soil,CD,CLASSIC,LAI,E_soil,Equal-count bins,13445,9,0.6301279377367941,0.0689136700107635,0.9833333333333332,1.9361963037459277e-06,0.9444444444444444,4.96031746031746e-05,0.6301279377367941,0.9833333333333332,0.3532053955965392,226.82916,226.82916,0.9733660687871932,0.9733660687871932,0.875,0.125,0.0,positive,0.875,1,91.87277035976965,-0.0397507580393713,,91.87277035976965,0.0397507580393713,,,,False,True,1,0.4567882281381147,0.9949591484946132,peak,0.3200580225,2.486440723543443,,0.0112592997259464,,,,,,,Non-monotonic: U-shaped / inverted-U
all_zones_E_soil,CD,CLASSIC,LAI,E_soil,LOWESS,13445,10459,0.5645288599724796,0.0,0.968971597122662,0.0,0.9129396537520283,0.0,0.5645288599724796,0.968971597122662,0.4044427371501824,171.79133436633936,171.79133436633936,0.7129568490173925,0.7129568490173925,0.8518837253777013,0.1331994645247657,0.0149168100975329,positive,0.8518837253777013,41,517.7766672731617,-0.3498123809031743,-0.4403495869262812,517.7766672731617,0.3498123809031743,0.4403495869262812,False,True,True,True,29,0.2012330180935465,0.9999989799996126,peak,0.3352736875,4.388814740994393,-0.3448794149617957,0.0,0.0,True,,,,,Non-monotonic: U-shaped / inverted-U
all_zones_E_soil,CD,CLASSIC,LAI,E_soil,Polynomial degree 3,13445,300,-0.0205501534887774,0.7229712408616408,-0.0887174301936688,0.1252165408151676,-0.0993534002229654,0.0102789705133953,0.0205501534887774,0.0887174301936688,0.0681672767048913,318.3414469505489,318.3414469505489,1.0,1.0,0.5451505016722408,0.4448160535117056,0.0100334448160535,positive,0.5451505016722408,2,2.0507779926705174,-1.279657187461169,2.20608262291604,2.0507779926705174,1.279657187461169,2.20608262291604,True,False,True,True,2,0.2709030100334448,0.7112810415228644,peak,0.4513506381270903,2.5531938174977893,-0.1340643983497792,2.9621175900672753e-44,0.0278036352106585,True,,,,,Non-monotonic: U-shaped / inverted-U
all_zones_E_soil,CD,CLASSIC,LAI,E_soil,GAM,13445,300,-0.4272670701692007,9.630807854472542e-15,-0.5834064822942477,9.379255983537335e-29,-0.5662876254180602,1.8831987231931924e-48,0.4272670701692007,0.5834064822942477,0.156139412125047,103.18422018263854,103.18422018263854,0.5021327223004155,0.5021327223004155,0.2207357859531772,0.7725752508361204,0.0066889632107023,negative,0.7725752508361204,3,2.857035980372857,-0.390043482396243,-0.9695160931223348,2.857035980372857,0.390043482396243,0.9695160931223348,False,True,True,True,3,0.2491638795986622,0.999987198418014,peak,0.4151311424749164,2.397852673846965,-0.6337457533041951,2.016820662216253e-17,1.9940658133707503e-158,True,,,,,Non-monotonic: U-shaped / inverted-U
all_zones_E_soil,CD,CLASSIC,LAI,E_soil,Piecewise linear,13445,300,0.604264526284717,3.021496365834848e-31,1.0,0.0,1.0,0.0,0.604264526284717,1.0,0.3957354737152829,197.4926480046523,197.4926480046523,1.0,1.0,1.0,0.0,0.0,positive,1.0,0,2.694856170626869,0.148313482097051,0.1483134820970508,2.694856170626869,0.148313482097051,0.1483134820970508,True,False,False,False,0,,,,,,,,,,,,,,Monotonic nonlinear
all_zones_E_soil,CD,CLASSIC,LAI,E_soil,Symbolic regression,13445,300,-0.5207929105718466,2.9539241840518586e-22,-0.5429491438793764,2.1155144163415774e-24,-0.4822296544035674,1.2971040190187665e-35,0.5207929105718466,0.5429491438793764,0.0221562333075298,110.06166822241472,110.06166822241472,0.4370919908540279,0.4370919908540279,0.31438127090301,0.6722408026755853,0.0133779264214046,negative,0.6722408026755853,1,2.9890149541017013,-0.4987938789157163,-1.1883039613215989,2.9890149541017013,0.4987938789157163,1.1883039613215989,False,True,False,True,1,0.3210702341137124,1.0,peak,0.5349340896321071,1.460650307567708,-0.8425674432972909,7.579541435774898e-25,4.147057366284554e-138,True,,,,,Non-monotonic: U-shaped / inverted-U
all_zones_E_soil,CD,LPJ-GUESS,LAI,E_soil,Equal-width bins,10397,9,0.7124855043469139,0.0312451271791341,0.7333333333333334,0.0245541500714696,0.6666666666666666,0.0126653439153439,0.7124855043469139,0.7333333333333334,0.0208478289864194,15.344048,15.344048,0.3644641358341044,0.3644641358341044,0.75,0.25,0.0,positive,0.75,2,-1.1269978710145434,0.6736760014004299,1.5479561125141998,1.1269978710145434,0.6736760014004299,1.5479561125141998,False,True,True,True,2,0.1587808960824503,0.0393379562648497,valley,0.3741101626212499,,1.214869984248351,,0.0001018511123881,,,,,,Non-monotonic: U-shaped / inverted-U
all_zones_E_soil,CD,LPJ-GUESS,LAI,E_soil,Equal-count bins,10397,10,-0.0621577446542319,0.8645540488293868,-0.1636363636363636,0.6514773427962428,0.1111111111111111,0.7274895282186948,0.0621577446542319,0.1636363636363636,0.1014786189821317,6.690939999999998,6.690939999999998,0.1053216470643105,0.1053216470643105,0.8888888888888888,0.1111111111111111,0.0,positive,0.8888888888888888,2,537.0186215716585,0.4090178100443344,0.4178515307321738,537.0186215716585,0.4090178100443344,0.4178515307321738,True,False,True,True,2,0.1040054060234356,0.0207027384921092,valley,0.1675363177375,241.59731417184616,0.5941542738167294,0.3234204489673813,0.0018727052537107,False,,,,,Non-monotonic: U-shaped / inverted-U
all_zones_E_soil,CD,LPJ-GUESS,LAI,E_soil,LOWESS,10397,10252,0.0146814937915159,0.1371649409666388,0.0087181098140832,0.3774326519059114,0.2202518578452592,2.9667287658716226e-245,0.0146814937915159,0.0087181098140832,-0.0059633839774326,43.34854444905718,43.34854444905718,0.6411890414795971,0.6411890414795971,0.8372841673983026,0.155204370305336,0.0075114622963613,positive,0.8372841673983026,174,1105.1372219784623,0.6709103892096444,0.9808390090408692,1105.1372219784623,0.6709103892096444,0.9808390090408692,True,False,True,True,173,0.0711777572885445,3.883650397026153e-05,peak,0.20049866,-8.996504926500183,0.8888132409809734,0.0,0.0,True,,,,,Non-monotonic: U-shaped / inverted-U
all_zones_E_soil,CD,LPJ-GUESS,LAI,E_soil,Polynomial degree 3,10397,300,0.1878887362176511,0.0010758079363455,0.2765461838464871,1.1437947949094255e-06,0.2324191750278707,1.932365906502993e-09,0.1878887362176511,0.2765461838464871,0.088657447628836,-51.00057206538886,51.00057206538886,-0.8196154588600338,0.8196154588600338,0.4816053511705686,0.5117056856187291,0.0066889632107023,negative,0.5117056856187291,2,-0.8101992088677973,1.3543940841855986,-2.981301156467446,0.8101992088677973,1.3543940841855986,2.981301156467446,True,False,True,True,2,0.2023411371237458,0.4478301884995378,valley,0.5699691645484949,-1.8153208252455395,0.048434780040255,3.136255748749402e-34,0.4729369111758912,False,,,,,Non-monotonic: U-shaped / inverted-U
all_zones_E_soil,CD,LPJ-GUESS,LAI,E_soil,GAM,10397,300,0.5985188933410439,1.5306771433626912e-30,0.6009048989433216,7.834015339063013e-31,0.5013154960981048,2.380632641878697e-38,0.5985188933410439,0.6009048989433216,0.0023860056022776,-32.52848187762999,32.52848187762999,-0.7091100231253382,0.7091100231253382,0.5451505016722408,0.4481605351170568,0.0066889632107023,positive,0.5451505016722408,4,-0.9466519205658896,1.4915924057988363,-2.6502635303197195,0.9466519205658896,1.4915924057988363,2.6502635303197195,True,False,True,True,4,0.7374581939799332,0.9999818204421306,peak,2.07732563277592,1.0676256496076952,-3.864023109870403,2.1619463965382276e-61,9.518685025306848e-50,True,,,,,Non-monotonic: U-shaped / inverted-U
all_zones_E_soil,CD,LPJ-GUESS,LAI,E_soil,Piecewise linear,10397,300,0.9502768436840008,4.989420892595083e-153,0.9492114356826188,1.0840614150470499e-151,0.9234782608695652,9.321875735242326e-126,0.9502768436840008,0.9492114356826188,-0.0010654080013822,19.965642676580487,19.965642676580487,0.3754343310435429,0.3754343310435429,0.94314381270903,0.0568561872909698,0.0,positive,0.94314381270903,1,-0.9874158891868988,1.0602836879432629,1.0602836879432622,0.9874158891868988,1.0602836879432629,1.0602836879432622,False,True,True,False,1,0.0568561872909699,7.357196018681809e-18,valley,0.1601566247491638,-11.058111725884478,1.0602836879432622,1.937828262466249e-36,0.0,True,,,,,Non-monotonic: U-shaped / inverted-U
all_zones_E_soil,CD,LPJ-GUESS,LAI,E_soil,Symbolic regression,10397,300,0.6670061872675547,5.625780013568983e-40,0.8442400471116345,1.0474545604075418e-82,0.8948940914158305,3.261441089554565e-118,0.6670061872675547,0.8442400471116345,0.1772338598440798,-4.949749584118997,4.949749584118997,-0.0782070402112522,0.0782070402112522,0.9765886287625418,0.0234113712374581,0.0,positive,0.9765886287625418,2,-0.9523551334567792,0.4455935077967617,0.2773785105063414,0.9523551334567792,0.4455935077967617,0.2773785105063414,False,True,True,False,1,0.0267558528428093,0.0,valley,0.0753678234113712,-15.421351842124194,0.5047287541469643,0.2232696142407343,3.006512486485379e-169,False,,,,,Non-monotonic: U-shaped / inverted-U
