analysis_group,zone,model,x_label,y_label,method,n_raw_points,n_curve_points,raw_amplitude,normalized_amplitude,amplitude_divided_by_raw_y_range,strength_raw_net_change,strength_absolute_net_change,strength_normalized_net_change,strength_normalized_absolute_net_change,raw_total_variation,normalized_total_variation,mean_absolute_elasticity,median_absolute_elasticity,max_absolute_elasticity,mean_absolute_slope,max_absolute_slope,median_absolute_slope,slope_standard_deviation,slope_interquartile_range,overall_standardized_slope,mean_standardized_absolute_slope,max_standardized_absolute_slope,early_standardized_slope,middle_standardized_slope,late_standardized_slope,early_absolute_standardized_slope,middle_absolute_standardized_slope,late_absolute_standardized_slope,accumulated_slope_final_value,accumulated_slope_early_value,accumulated_slope_middle_value,accumulated_slope_late_value
HW_T,HW,CLASSIC,P,T,Equal-width bins,12340,10,250.48602,1.0,0.4039092502807427,115.13126500000004,115.13126500000004,0.4596314995942689,0.4596314995942689,385.8407749999999,1.540368500405731,0.3597550853749982,0.2156166883594136,0.9683487494774417,1.5308130605060342,4.139313020192588,1.5905596373725726,1.8871697903857776,2.185571762464553,0.8608656949442675,1.5308130605060342,4.139313020192588,1.6129187014550233,1.1819815821092003,-0.2123031987314208,1.6129187014550233,1.1819815821092003,0.2123031987314208,13.777317544554307,9.56722218614799,13.140407948360046,13.777317544554307
HW_T,HW,CLASSIC,P,T,Equal-count bins,12340,10,219.14147,1.0,0.35336609545363,215.54232,215.54232,0.9835761346312042,0.9835761346312042,222.74062,1.0164238653687958,0.5154549524966806,0.5797539708391297,0.7990087981646298,1.367842381392287,2.2920627783647394,1.650385075031957,0.7768311773863074,1.303266099542217,1.3545304439783223,1.367842381392287,2.2920627783647394,1.9584490115421984,0.8194775521522507,-0.0599037183628406,1.9584490115421984,0.8194775521522507,0.0599037183628406,12.310581432530586,9.792245057710993,12.250677714167743,12.310581432530586
HW_T,HW,CLASSIC,P,T,LOWESS,12340,12149,294.38547624967725,1.0,0.4746972186533465,134.08443235806806,134.08443235806806,0.4554723081662729,0.4554723081662729,454.6946131818908,1.5445551831376734,0.5495324169647714,0.660256838094296,2.60603707749463,2.0422763104890485,16.53910584243198,2.487637545272869,1.3465888717061054,2.2857562621738565,2.007190175937333,2.0422763104890485,16.53910584243198,3.0504277661337293,1.5624738513244651,-0.1029729512716907,3.0504277661337293,1.5624738513244651,0.1029729512716907,24809.572619821007,14877.643497374347,24698.8766972039,24809.572619821007
HW_T,HW,CLASSIC,P,T,Polynomial degree 3,12340,300,260.3152420851493,1.0,0.4197588922018989,57.37008404545938,57.37008404545938,0.2203869569292972,0.2203869569292972,463.2604001248393,1.779613043070703,0.7035456226732116,0.4615884352677427,4.817813367671653,1.779613043070703,5.728305787918706,1.7485802216047044,2.139812960764869,2.6078999393899953,0.2203869569292974,1.779613043070703,5.728305787918706,1.259572810206225,1.701833082527951,-2.2854305606902967,1.259572810206225,1.701833082527951,2.2854305606902967,532.1042998781402,130.09390992510697,298.57538509537414,532.1042998781402
HW_T,HW,CLASSIC,P,T,GAM,12340,300,311.264947252135,1.0,0.5019154022379564,165.3750354536736,165.3750354536736,0.5312999003376834,0.5312999003376834,490.92871439084865,1.5772052674893071,0.4073040873022445,0.3180822171546548,1.4906785767934572,1.5772052674893071,5.413298598501635,1.2293039292407484,2.056137363706592,2.064596037693623,0.5312999003376833,1.5772052674893071,5.413298598501635,0.2557184947455685,1.0096056547246712,0.33335860908668,0.2557184947455685,1.0096056547246712,0.33335860908668,471.58437497930305,305.8545090726223,405.8054688903648,471.58437497930305
HW_T,HW,CLASSIC,P,T,Piecewise linear,12340,300,307.4188815088858,1.0,0.4957136128890488,302.59542838020775,302.59542838020775,0.9843098345000691,0.9843098345000691,312.2423346375639,1.0156901654999309,0.2340982991530128,0.0893826108307984,0.6437764788074982,1.0156901654999309,1.9001075317840692,1.9001075317839713,0.9638377976164336,1.9333795848654445,0.9843098345000691,1.0156901654999309,1.9001075317840692,1.900107531784024,1.087122147931916,-0.0332720530814135,1.900107531784024,1.087122147931916,0.0332720530814135,303.6913594844788,190.0107531784024,300.36415417633805,303.6913594844788
HW_T,HW,CLASSIC,P,T,Symbolic regression,12340,300,600.4853893716681,1.0,0.9682839921591246,600.4853893716681,600.4853893716681,1.0,1.0,600.4853893716681,1.0,0.5085649830764836,0.5059648270247903,0.8593566212867189,1.0,14.577422829141232,0.7158148942432714,1.0716517645755304,0.4246435358662197,1.0,1.0,14.577422829141232,1.713393546987554,0.7260853444024304,0.5577819620540397,1.713393546987554,0.7260853444024304,0.5577819620540397,298.99999999999994,171.33935469875522,243.22180379459573,298.99999999999994
HW_T,HW,LPJ-GUESS,P,T,Equal-width bins,12538,10,547.4558300000001,1.0,0.5441108378896644,534.2467800000002,534.2467800000002,0.9758719347275928,0.9758719347275928,592.0112400000003,1.0813863101978478,0.3528906731604697,0.3627499065063453,0.6356912603544479,1.2068995161943246,2.506616311914669,1.0227573979768048,1.011120899570071,1.8799274372958883,1.1001716157372474,1.2068995161943246,2.506616311914669,1.6728435829982218,1.5626026755167697,0.0650685886967509,1.6728435829982218,1.5626026755167697,0.0650685886967509,10.86209564574892,5.018530748994666,9.706338775544976,10.86209564574892
HW_T,HW,LPJ-GUESS,P,T,Equal-count bins,12538,10,493.10777500000006,1.0,0.4900948531777588,493.10777500000006,493.10777500000006,1.0,1.0,493.10777500000006,1.0,0.523795499448668,0.5312756808325358,0.949457296264476,1.2632575083700548,2.258601265475663,1.3423269833232114,0.5558509277666775,0.6506218616832836,1.2632575083700548,1.2632575083700548,2.258601265475663,1.6673089359126243,0.9480284326200876,0.1886875979071083,1.6673089359126243,0.9480284326200876,0.1886875979071083,11.369317575330491,8.336544679563122,11.180629977423385,11.369317575330491
HW_T,HW,LPJ-GUESS,P,T,LOWESS,12538,12288,581.664413232171,1.0,0.5781104043669725,519.7819206309831,519.7819206309831,0.8936113484108102,0.8936113484108102,678.1553916897328,1.1658877116469697,0.4725000849016135,0.5070511107863584,0.9577954020683412,1.7931695435545372,6.666057771620048,1.9437632172285408,0.8693368553016427,1.043391501375467,1.7814618573549363,1.7931695435545372,6.666057771620048,2.278431995877336,1.7200882833084283,0.006469898066923,2.278431995877336,1.7200882833084283,0.006469898066923,22032.674181654624,10938.175231669777,21910.61839089421,22032.674181654624
HW_T,HW,LPJ-GUESS,P,T,Polynomial degree 3,12538,300,554.5056422397543,1.0,0.5511175753003108,312.80752326180146,312.80752326180146,0.5641196399703204,0.5641196399703204,796.2037612177071,1.4358803600296794,0.4966623618701516,0.426129405965627,2.537427209711983,1.4358803600296797,3.626996057044809,1.5228249206127296,1.5131728040499135,1.8679048030579144,0.5641196399703201,1.4358803600296797,3.626996057044809,1.3410760852338277,1.5852351626763994,-1.223741172772206,1.3410760852338277,1.5852351626763994,1.223741172772206,429.3282276488743,134.1076085233827,291.0458896283462,429.3282276488743
HW_T,HW,LPJ-GUESS,P,T,GAM,12538,300,560.1373981680292,1.0,0.5567149208193525,495.3589676884112,495.3589676884112,0.8843526058222847,0.8843526058222847,735.8419479516675,1.3136811617262,0.3632585449324459,0.4172730180816215,0.8525175302510407,1.3136811617261996,2.724686829483311,1.3682142245959334,1.2219166739070793,2.050734149335809,0.8843526058222846,1.3136811617261996,2.724686829483311,1.1207640900257396,1.485938944905366,0.0523706459265795,1.1207640900257396,1.485938944905366,0.0523706459265795,392.790667356134,181.23355072084777,328.341506266479,392.790667356134
HW_T,HW,LPJ-GUESS,P,T,Piecewise linear,12538,300,614.9582055435467,1.0,0.6112007693578194,570.7006213029214,570.7006213029214,0.928031557524292,0.928031557524292,659.215789784172,1.071968442475708,0.2813002848814572,0.2306935256201676,0.6078497435215594,1.071968442475708,1.6212609477004516,1.621260947700352,0.8783254901136535,1.8100202836673505,0.928031557524292,1.071968442475708,1.6212609477004516,1.6212609477003763,1.3558714598628734,-0.1887593359669882,1.6212609477003763,1.3558714598628734,0.1887593359669882,320.51856430023605,162.12609477003758,301.64263070353786,320.51856430023605
HW_T,HW,LPJ-GUESS,P,T,Symbolic regression,12538,300,1187.6005286160746,1.0,1.180344209145605,812.376968852235,812.376968852235,0.6840490125066783,0.6840490125066783,1562.8240883799142,1.3159509874933215,0.5467268274321468,0.5617205076907904,0.5625384039335929,1.3159509874933215,89.29129182805161,0.8551442991211852,5.240640648294168,0.4171023145647847,0.6840490125066783,1.3159509874933215,89.29129182805161,0.4965416407011529,0.8675569875532275,0.6898834890161203,0.4965416407011529,0.8675569875532275,0.6898834890161203,393.46934526050336,238.5928545911217,324.4809963588911,393.46934526050336
HW_T,HW,CLASSIC,LAI,T,Equal-width bins,12340,10,318.94726,1.0,0.5143031481984389,318.65449,318.65449,0.9990820739453914,0.9990820739453914,319.24003,1.0009179260546086,0.5125501107048245,0.4733034045279494,0.8912208754765453,0.9896857651752224,2.3361943775976317,0.9377798365503291,0.6238550437870677,0.5248041100898868,0.986826426091396,0.9896857651752224,2.3361943775976317,1.5429807161907734,0.9151139181786484,0.5023846439047662,1.5429807161907734,0.9151139181786484,0.5023846439047662,8.907171886577,4.62894214857232,7.374283903108266,8.907171886577
HW_T,HW,CLASSIC,LAI,T,Equal-count bins,12340,10,306.542895,1.0,0.494301082744412,286.58876499999997,286.58876499999997,0.9349059125966692,0.9349059125966692,326.497025,1.0650940874033306,0.6145939433178004,0.5773004665476893,0.9239492052669468,1.0730512539950148,2.08664800702389,0.9341002313097618,0.7192812316802074,0.3158010170395149,0.9058957100339184,1.0730512539950148,2.08664800702389,1.3694406321228767,1.002713050440395,0.3455334475384823,1.3694406321228767,1.002713050440395,0.3455334475384823,9.657461285955131,4.10832189636863,7.116461047689815,9.657461285955131
HW_T,HW,CLASSIC,LAI,T,LOWESS,12340,12333,463.73956202095167,1.0,0.7477810491036688,463.73956202095167,463.73956202095167,1.0,1.0,475.60036110029824,1.0255764227396478,0.6354094484315982,0.5694755207276688,1.7195405404467348,0.9296188423296966,1.9534468753435592,0.852047633570697,0.4974071939783598,0.5170801006560493,0.8917260814565098,0.9296188423296966,1.9534468753435592,1.2223444168740962,0.8294611962035885,0.6588651529989306,1.2223444168740962,0.8294611962035885,0.6588651529989306,11464.059563609804,4675.467394543404,8158.374957402295,11464.059563609804
HW_T,HW,CLASSIC,LAI,T,Polynomial degree 3,12340,300,422.90655970935336,1.0,0.6819377443540086,422.90655970935336,422.90655970935336,1.0,1.0,422.90655970935336,1.0,0.5989817316638646,0.5835017941217095,0.8008617355087326,1.0,1.69215386511859,0.8912798643155543,0.2574918387481342,0.3403032551961797,1.0,1.0,1.69215386511859,1.315578624816225,0.8518873670823528,0.8310528817722465,1.315578624816225,0.8518873670823528,0.8310528817722465,299.0000000000001,131.55786248162238,215.89471182277535,299.0000000000001
HW_T,HW,CLASSIC,LAI,T,GAM,12340,300,498.13347171381815,1.0,0.8032413030462612,498.13347171381815,498.13347171381815,1.0,1.0,498.13347171381815,1.0,0.713298083584144,0.5883524094427713,2.498121680974333,0.9999999999999996,2.749984549416216,0.8876162466735862,0.5608828387256637,0.4410852581935471,0.9999999999999996,0.9999999999999996,2.749984549416216,1.3125721803417338,0.7544241544566117,0.93054790674622,1.3125721803417338,0.7544241544566117,0.93054790674622,298.99999999999994,131.25721803417338,205.94520932537796,298.99999999999994
HW_T,HW,CLASSIC,LAI,T,Piecewise linear,12340,300,445.11044293320623,1.0,0.7177415541884559,445.11044293320623,445.11044293320623,1.0,1.0,445.11044293320623,1.0,0.6243617389350415,0.6300347446114034,0.8763171272415887,1.0,1.903617232959451,0.8142070484271722,0.4097040399043737,4.4519943287468784e-14,1.0,1.0,1.903617232959451,1.369727973629941,0.8142070484271653,0.8142070484271652,1.369727973629941,0.8142070484271653,0.8142070484271652,299.00000000000057,136.97279736299413,217.57929515728384,299.00000000000057
HW_T,HW,CLASSIC,LAI,T,Symbolic regression,12340,300,556.3679539692042,1.0,0.8971445319300936,545.1215238433331,545.1215238433331,0.9797859850740188,0.9797859850740188,567.6143840950754,1.0202140149259813,0.8579138076867627,0.7514421623311308,9.789834471001232,1.0202140149259813,8.221582853640994,0.793484525531358,1.0646068647200513,0.4267706178961468,0.9797859850740188,1.0202140149259813,8.221582853640994,1.3484667302166138,0.6448530398149888,0.9426888557378632,1.3484667302166138,0.6448530398149888,0.9426888557378632,305.04399046286824,146.93465394739812,210.7751048890819,305.04399046286824
HW_T,HW,LPJ-GUESS,LAI,T,Equal-width bins,12538,10,737.9480000000001,1.0,0.7334390878602974,737.9480000000001,737.9480000000001,1.0,1.0,737.9480000000001,1.0,0.6139619165267286,0.6107947529782816,0.7532690681425548,1.0146108421374054,1.6141838695228838,0.9836512797921708,0.3036626189790348,0.3501503158844118,1.0146108421374054,1.0146108421374054,1.6141838695228838,1.361925328788309,0.7571411293179136,0.9247660683059934,1.361925328788309,0.7571411293179136,0.9247660683059934,9.13149757923665,4.0857759863649274,6.357199374318669,9.13149757923665
HW_T,HW,LPJ-GUESS,LAI,T,Equal-count bins,12538,10,636.5009400000001,1.0,0.632611876251202,636.5009400000001,636.5009400000001,1.0,1.0,636.50094,1.0,0.617459636370115,0.6093470223865771,0.7876490530739625,1.0486006272431811,1.682195303216718,1.094051749213237,0.3135572505067796,0.2300655956669897,1.0486006272431811,1.0486006272431811,1.682195303216718,1.2791190453804784,0.8049502169502483,0.903676343255406,1.2791190453804784,0.8049502169502483,0.903676343255406,9.437405645188628,5.1164761815219135,6.72637661542241,9.437405645188628
HW_T,HW,LPJ-GUESS,LAI,T,LOWESS,12538,12535,863.4225181031212,1.0,0.8581469481800809,863.4225181031212,863.4225181031212,1.0,1.0,863.4225181031212,1.0,0.615369467368833,0.6506064990304495,0.7766380246601403,1.0544576213494326,1.594138335172828,1.007446959636047,0.2906991875133295,0.3656260961482361,1.0544576213494326,1.0544576213494326,1.594138335172828,1.2965438764229864,0.8399400666040447,0.9224073166159026,1.2965438764229864,0.8399400666040447,0.9224073166159026,13216.5718259937,7031.157441841837,10838.605763757934,13216.5718259937
HW_T,HW,LPJ-GUESS,LAI,T,Polynomial degree 3,12538,300,920.8683816622996,1.0,0.9152418136315636,920.8683816622996,920.8683816622996,1.0,1.0,920.8683816622996,1.0,0.6510222936617605,0.6146698580647675,1.0629575664011792,1.0,1.826883271945534,0.9071011273339816,0.2952091166558823,0.4084733185701888,1.0,1.0,1.826883271945534,1.3113358975451053,0.7567226843986037,0.9295086449002774,1.3113358975451053,0.7567226843986037,0.9295086449002774,298.9999999999997,131.1335897545106,206.04913550997225,298.9999999999997
HW_T,HW,LPJ-GUESS,LAI,T,GAM,12538,300,822.8785346847316,1.0,0.8178506912397453,822.8785346847316,822.8785346847316,1.0,1.0,822.8785346847316,1.0,0.5678225698765907,0.641054183298614,0.8248605745648872,1.0,1.8696673075756136,1.0381926231163905,0.409999379745774,0.6007776511692202,1.0,1.0,1.8696673075756136,1.4366327037505204,0.8125847038775178,0.7489084394107371,1.4366327037505204,0.8125847038775178,0.7489084394107371,299.0,143.663270375052,224.10915605892623,299.0
HW_T,HW,LPJ-GUESS,LAI,T,Piecewise linear,12538,300,838.0481611378932,1.0,0.8329276302503373,838.0481611378932,838.0481611378932,1.0,1.0,838.0481611378932,1.0,0.5905412550900996,0.5969774163492698,0.7362899909013114,1.0,1.3933353352918525,0.8277656226502321,0.2601731104261292,0.5655697126415918,1.0,1.0,1.3933353352918525,1.3427464109260694,0.8277656226502162,0.8277656226502164,1.3427464109260694,0.8277656226502162,0.8277656226502164,298.99999999999966,134.27464109260694,216.2234377349781,298.99999999999966
HW_T,HW,LPJ-GUESS,LAI,T,Symbolic regression,12538,300,818.2186141511933,1.0,0.8132192431355161,818.2186141511933,818.2186141511933,1.0,1.0,1091.788433093046,1.3343480754537096,0.7154388837310164,0.6018151115610092,18.507243803798673,1.334348075453709,43.66270708489203,0.968511609594028,3.623690223993613,0.1521778234475839,1.0000000000000036,1.334348075453709,43.66270708489203,1.1729777470399405,0.98266359674912,0.8441852921784414,1.1729777470399405,0.98266359674912,0.8441852921784414,398.9700745606587,217.2678492646519,314.55154534281473,398.9700745606587
all_zones_E_soil,HW,CLASSIC,P,E_soil,Equal-width bins,12340,10,168.8334325,1.0,0.4070514853605365,-94.11201,94.11201,-0.5574252007226116,0.5574252007226116,243.55485500000003,1.4425747992773883,0.6870224109237196,0.7929394598078229,1.0452640005906089,1.4137874042337086,3.088263843976728,1.4296180006317505,1.488019252578041,2.1028411681829544,-0.7402540307854051,1.4137874042337086,3.088263843976728,-0.295397151903015,-2.022833376625295,0.0974684361720942,0.295397151903015,2.022833376625295,0.0974684361720942,12.724086638103378,4.26782822623218,10.336328356108064,12.724086638103378
all_zones_E_soil,HW,CLASSIC,P,E_soil,Equal-count bins,12340,10,167.82103999999998,1.0,0.4046106425440944,-154.935545,154.935545,-0.9232188347778086,0.9232188347778086,180.70653499999997,1.0767811652221917,0.7118499855155802,0.6294874628944984,1.251628907252083,1.293445121450531,2.52501395134205,1.0370085085402367,0.9372279021779564,1.0136334459308678,-1.09347555878098,1.293445121450531,2.52501395134205,-1.1877330510400768,-1.0940048005670746,-0.6206003721272122,1.1877330510400768,1.0940048005670746,0.6206003721272122,11.641006093054775,7.738391319226342,11.020405720927563,11.641006093054775
all_zones_E_soil,HW,CLASSIC,P,E_soil,LOWESS,12340,12149,165.61504640085363,1.0,0.3992920693330193,-101.69679455871967,101.69679455871967,-0.6140552852460844,0.6140552852460844,242.4771669498988,1.4641010718495262,0.6070362327555743,0.6208605156712,1.360310650412366,2.197305073787581,5.042176413502997,2.032925366100553,1.752142077455016,2.33668811373569,-1.856338922326264,2.197305073787581,5.042176413502997,-1.5231235066764708,-2.3565496408857793,-0.4516399885200147,1.5231235066764708,2.3565496408857793,0.4516399885200147,26692.86203637145,11504.835839226123,26207.349048712436,26692.86203637145
all_zones_E_soil,HW,CLASSIC,P,E_soil,Polynomial degree 3,12340,300,165.10453867937673,1.0,0.3980612531182558,-33.762054362344145,33.762054362344145,-0.2044889536798747,0.2044889536798747,296.4470229964093,1.7955110463201254,0.9219624376551986,0.6933321058722548,3.9039938856816256,1.7955110463201254,5.5000010481033215,1.8180892207359944,2.10082099305444,3.2264615045968945,-0.204488953679875,1.7955110463201254,5.5000010481033215,-0.2091716019915101,-2.126050341311112,1.702539468386685,0.2091716019915101,2.126050341311112,1.702539468386685,536.8578028497177,124.17891521944983,334.6578990092501,536.8578028497177
all_zones_E_soil,HW,CLASSIC,P,E_soil,GAM,12340,300,161.1663893795236,1.0,0.3885665132534083,-102.94441154525516,102.94441154525516,-0.6387461550859461,0.6387461550859461,241.1678451812027,1.4963904453631904,0.5308826294502181,0.5685285200906613,1.8490087579882235,1.4963904453631902,3.486384699759895,1.165288512678365,1.6538458870960877,2.314428976835327,-0.6387461550859459,1.4963904453631902,3.486384699759895,0.2429351787349373,-1.8382329451442496,-0.3329355667491087,0.2429351787349373,1.8382329451442496,0.3329355667491087,447.420743163594,191.7362813851105,373.7213429543912,447.420743163594
all_zones_E_soil,HW,CLASSIC,P,E_soil,Piecewise linear,12340,300,240.3249538822678,1.0,0.5794150364560026,-184.7318836709937,184.7318836709937,-0.7686754150444634,0.7686754150444634,295.91802409354193,1.2313245849555363,1.217557279219105,0.7345387015985538,5.474141446420484,1.2313245849555368,1.2430100655836205,1.2430100655835457,0.9626658718882042,6.505906924303417e-14,-0.7686754150444635,1.2313245849555368,1.2430100655836205,0.1752505395283259,-1.2430100655835536,-1.2430100655835532,0.1752505395283259,1.2430100655835536,1.2430100655835532,368.16605090170526,120.80704785057829,243.86504434335015,368.16605090170526
all_zones_E_soil,HW,CLASSIC,P,E_soil,Symbolic regression,12340,300,1859.350951540804,1.0,4.482829943241313,-193.90104875029888,193.90104875029888,-0.1042842657485491,0.1042842657485491,3524.8008543313085,1.8957157342514508,0.7151762768160969,0.6228722978991261,27.475731409494404,1.8957157342514517,267.8190045411838,0.1163006607808604,16.14793238180158,0.1915755742055516,-0.104284265748549,1.8957157342514517,267.8190045411838,-0.1249228618996516,-0.1224817895123866,-0.0656301210712473,0.1249228618996516,0.1224817895123866,0.0656301210712473,566.8190045411849,548.130295272333,560.2559924340596,566.8190045411849
all_zones_E_soil,HW,LPJ-GUESS,P,E_soil,Equal-width bins,12538,10,320.49711,1.0,0.5221881879901598,-139.212135,139.212135,-0.4343631522917632,0.4343631522917632,501.782085,1.565636847708237,0.7538498571904282,0.5917377614287899,1.3608770280047888,1.1898346649050184,5.036761677872932,0.575949379061401,1.8391710761406828,0.5627342807659812,0.0705542920443666,1.1898346649050184,5.036761677872932,-1.037270548040887,0.7935426499321001,0.4553907742418868,1.037270548040887,0.7935426499321001,0.4553907742418868,10.708511984145163,6.961711711623203,9.342339661419503,10.708511984145163
all_zones_E_soil,HW,LPJ-GUESS,P,E_soil,Equal-count bins,12538,10,147.378525,1.0,0.2401248638978755,138.771468,138.771468,0.9415989744774552,0.9415989744774552,155.985582,1.058401025522545,0.92384205318164,0.9757392367511218,1.692598457596839,1.1756558708271618,2.2212983584118584,1.144084920952677,0.7681979187102209,0.7315459558411697,1.0362621948521928,1.1756558708271618,2.2212983584118584,1.139848516073883,0.8276774174492143,1.144084920952677,1.139848516073883,0.8276774174492143,1.144084920952677,10.580902837444455,6.953785664144135,9.43681791649178,10.580902837444455
all_zones_E_soil,HW,LPJ-GUESS,P,E_soil,LOWESS,12538,12288,304.4129142259243,1.0,0.495982095066128,-127.6750169780396,127.6750169780396,-0.4194139309191192,0.4194139309191192,481.1597331925112,1.5806153770316456,0.8047379460294177,0.7779947716765947,4.15336706978283,0.922857489770882,17.460476141280722,0.8901054763737528,0.5998013496198495,0.5038931544118943,0.8574185942446482,0.922857489770882,17.460476141280722,0.8806840296830554,0.886722936742769,0.5910549284637484,0.8806840296830554,0.886722936742769,0.5910549284637484,11339.149976814791,5020.762843453307,10677.168456935378,11339.149976814791
all_zones_E_soil,HW,LPJ-GUESS,P,E_soil,Polynomial degree 3,12538,300,200.15361399033708,1.0,0.3261116863403105,-171.76443057249844,171.76443057249844,-0.8581630236303942,0.8581630236303942,478.8108904055037,2.392217061984299,1.135017621389964,0.7277525479698581,8.563903381873832,2.392217061984299,8.093360849189068,2.017588106264633,2.879174741024238,4.716260721581226,-0.8581630236303943,2.392217061984299,8.093360849189068,-2.908915087674528,1.9507321434803864,-1.5882171750259335,2.908915087674528,1.9507321434803864,1.5882171750259335,715.2729015333058,307.10849123254695,500.23097343710526,715.2729015333058
all_zones_E_soil,HW,LPJ-GUESS,P,E_soil,GAM,12538,300,298.2366721464289,1.0,0.485919100550888,-131.28963048752098,131.28963048752098,-0.4402196066051196,0.4402196066051196,515.3190472032511,1.7278862572280802,0.7533308365079359,0.7793053012770935,1.8541915264103552,1.7278862572280802,9.499023941035286,1.0108330156561205,2.783352688414671,1.5366640754926564,-0.4402196066051196,1.7278862572280802,9.499023941035286,-2.504750677825172,0.9618066168609186,0.2363055033835543,2.504750677825172,0.9618066168609186,0.2363055033835543,516.6379909111964,347.5249322174829,442.743787286714,516.6379909111964
all_zones_E_soil,HW,LPJ-GUESS,P,E_soil,Piecewise linear,12538,300,301.8458266670177,1.0,0.4917995213112586,-61.922005606387074,61.922005606387074,-0.2051444815061053,0.2051444815061053,541.7696477276484,1.7948555184938948,0.8309304264884554,0.8284258277069825,3.5509081614210367,1.7948555184938944,6.3375647922513085,0.9468597610744096,2.6511046362341335,5.80646641878957e-14,-0.2051444815061055,1.7948555184938944,6.3375647922513085,-2.497632924241312,0.9468597610744004,0.9468597610744004,2.497632924241312,0.9468597610744004,0.9468597610744004,536.6618000296738,348.23670757586837,441.9758239222339,536.6618000296738
all_zones_E_soil,HW,LPJ-GUESS,P,E_soil,Symbolic regression,12538,300,355.65459235818645,1.0,0.5794705204483755,-45.59218628321776,45.59218628321776,-0.1281923171044028,0.1281923171044028,665.716998433155,1.871807682895597,0.8905918011588272,0.8961724424574944,0.9846360837366556,1.8718076828955972,298.99999999999994,0.845550530704158,17.313403807892726,0.0889743108718924,-0.1281923171044025,1.8718076828955972,298.99999999999994,-2.0288384850025407,0.8473029359514131,0.806713550268478,2.0288384850025407,0.8473029359514131,0.806713550268478,559.6704971857835,395.11615149974585,478.99914215893574,559.6704971857835
all_zones_E_soil,HW,CLASSIC,LAI,E_soil,Equal-width bins,12340,10,266.8822725,1.0,0.6434438003712355,-266.8822725,266.8822725,-1.0,1.0,266.8822725,1.0,0.9357535499480436,0.5732269124831233,2.1071182090691964,0.9928140450850412,1.917137342379446,0.955434720225125,0.4292590370863806,0.3423322448699584,-0.9928140450850412,0.9928140450850412,1.917137342379446,-1.1592114440484245,-0.8506678215502678,-0.9685628696564312,1.1592114440484245,0.8506678215502678,0.9685628696564312,8.93532640576537,3.4776343321452736,6.029637796796076,8.93532640576537
all_zones_E_soil,HW,CLASSIC,LAI,E_soil,Equal-count bins,12340,10,250.116565,1.0,0.6030222675033582,-250.116565,250.116565,-1.0,1.0,250.116565,1.0,1.0738467221370027,0.7260138785058305,2.2615730404966836,1.008623516602189,1.8443493731510616,0.877656979270918,0.4072847372929855,0.2405939713329009,-1.008623516602189,1.008623516602189,1.8443493731510616,-0.9803878250616128,-0.9305798686642652,-1.1149028560806895,0.9803878250616128,0.9305798686642652,1.1149028560806895,9.077611649419705,2.941163475184838,5.732903081177635,9.077611649419705
all_zones_E_soil,HW,CLASSIC,LAI,E_soil,LOWESS,12340,12333,285.7683567554566,1.0,0.6889774872423345,-278.7031923921364,278.7031923921364,-0.975276603597626,0.975276603597626,292.8530994392347,1.0247919075583334,0.90344820343777,0.6335640782629326,2.7108750636620966,1.024816617147289,2.1496534862188734,1.0083704656757304,0.4845029889580706,0.54504238892141,-1.0072128085511274,1.024816617147289,2.1496534862188734,-1.1716853969062833,-0.9801631239500224,-0.8875456718708977,1.1716853969062833,0.9801631239500224,0.8875456718708977,12638.038522660436,4481.696643166528,8597.401600632684,12638.038522660436
all_zones_E_soil,HW,CLASSIC,LAI,E_soil,Polynomial degree 3,12340,300,300.8710871546165,1.0,0.725389640634867,-300.8710871546165,300.8710871546165,-1.0,1.0,300.8710871546165,1.0,1.132016849733311,0.6687550559891716,5.151471279434983,1.0,1.2982427326881318,0.966433011398466,0.1163168104495734,0.1887140118384389,-1.0,1.0,1.2982427326881318,-1.0233720256234669,-0.8876090308440822,-1.0878950338408917,1.0233720256234669,0.8876090308440822,1.0878950338408917,299.0000000000001,102.33720256234668,190.2104966159109,299.0000000000001
all_zones_E_soil,HW,CLASSIC,LAI,E_soil,GAM,12340,300,279.5939331353867,1.0,0.6740911684097501,-264.9861960463238,264.9861960463238,-0.9477537408439064,0.9477537408439064,294.20167022444963,1.0522462591560937,0.8759580663996053,0.6019882813882274,2.6501315525714935,1.0522462591560937,2.0847043227269393,1.028894348548791,0.619216550895281,0.4716187433625941,-0.9477537408439064,1.0522462591560937,2.0847043227269393,-1.215529455884869,-0.9898603547200268,-0.6382924780655853,1.215529455884869,0.9898603547200268,0.6382924780655853,314.62163148767206,121.5529455884869,219.5491207057696,314.62163148767206
all_zones_E_soil,HW,CLASSIC,LAI,E_soil,Piecewise linear,12340,300,283.7218962653577,1.0,0.6840435427629058,-283.7218962653577,283.7218962653577,-1.0,1.0,283.7218962653577,1.0,1.0475396481885453,0.6780520671821567,3.7442598145124064,1.0,1.076696352296527,0.946710497157188,0.0638227039001603,0.1299858551393313,-1.0,1.0,1.076696352296527,-0.9467104971571476,-0.9763567177236075,-1.076696352296481,0.9467104971571476,0.9763567177236075,1.076696352296481,298.99999999999994,94.67104971571474,191.33036477035185,298.99999999999994
all_zones_E_soil,HW,CLASSIC,LAI,E_soil,Symbolic regression,12340,300,278.5586983941779,1.0,0.6715952537507511,-254.0976173910901,254.0976173910901,-0.9121869783851666,0.9121869783851666,303.01977939726567,1.0878130216148334,1.1104181106563584,0.7513888857764403,4.281537678067712,1.0878130216148334,4.1304133956157205,1.0603995560388355,0.6688121804029667,0.1223511390142235,-0.9121869783851664,1.0878130216148334,4.1304133956157205,-0.6322809951856879,-1.038358242243843,-1.0671834103645554,0.6322809951856879,1.038358242243843,1.0671834103645554,325.2560934628354,115.74028644423916,218.5377524263797,325.2560934628354
all_zones_E_soil,HW,LPJ-GUESS,LAI,E_soil,Equal-width bins,12538,10,104.702645,1.0,0.1705927534582978,48.87794500000001,48.87794500000001,0.4668262678559841,0.4668262678559841,164.892103,1.5748609120619634,0.7905166570030085,0.7881521891410698,2.132543136001502,1.5750441886734228,3.551277843063948,1.4165682437783331,1.9461765392920405,2.313777621573176,0.3978133500257093,1.5750441886734228,3.551277843063948,-1.5945720518852335,1.673979277400404,1.1140328245619584,1.5945720518852335,1.673979277400404,1.1140328245619584,14.175397698060806,5.151976018028861,10.808159419104026,14.175397698060806
all_zones_E_soil,HW,LPJ-GUESS,LAI,E_soil,Equal-count bins,12538,10,107.33681,1.0,0.1748846169581499,63.771240000000006,63.771240000000006,0.5941227431670459,0.5941227431670459,159.59542599999995,1.486865745311417,0.8688816758866488,0.7533328922542208,1.640789364858004,1.355979860556901,2.129254594464948,1.4544333413086643,1.474029406898327,2.573351652314328,0.2921881355634692,1.355979860556901,2.129254594464948,-0.8585969576730051,0.5888356501808905,1.6288032501338208,0.8585969576730051,0.5888356501808905,1.6288032501338208,12.20381874501211,4.388192546780575,7.317408994610647,12.20381874501211
all_zones_E_soil,HW,LPJ-GUESS,LAI,E_soil,LOWESS,12538,12535,117.70751080281006,1.0,0.1917816724742121,30.684218772495683,30.684218772495683,0.2606819102979718,0.2606819102979718,216.30037209043633,1.8376089224484096,0.8008642140253633,0.7911308698906444,2.158852538176881,1.7027212489489625,5.257956259399473,1.6508342271009673,2.042247142481422,3.009073161707385,0.2249789504573393,1.7027212489489625,5.257956259399473,-1.154361882005256,1.1820279081250649,1.443699822969697,1.154361882005256,1.1820279081250649,1.443699822969697,21341.90813432627,8328.230317358057,17620.049990710355,21341.90813432627
all_zones_E_soil,HW,LPJ-GUESS,LAI,E_soil,Polynomial degree 3,12538,300,101.61756183164698,1.0,0.1655662058258364,-15.406717496515483,15.406717496515483,-0.151614713232741,0.151614713232741,199.87664859634603,1.9669498558476337,0.5967329908983089,0.6148565555922066,1.029821459171104,1.9669498558476337,7.143435082171816,1.7519216269851114,2.495627002661868,3.12062275821243,-0.151614713232741,1.9669498558476337,7.143435082171816,-2.9806770275235372,1.7069429566208405,0.8374755079030096,2.9806770275235372,1.7069429566208405,0.8374755079030096,588.1180068984436,299.93229724764643,468.91964995310985,588.1180068984436
all_zones_E_soil,HW,LPJ-GUESS,LAI,E_soil,GAM,12538,300,119.00632805829665,1.0,0.1938978445332141,-21.65238107064141,21.65238107064141,-0.1819431069248245,0.1819431069248245,217.12836724130213,1.824511106123191,0.6238916102129619,0.5687081810187944,1.6936343949355832,1.824511106123191,10.90973466233316,1.2984194858464488,2.610130771813934,2.541606191302084,-0.1819431069248245,1.824511106123191,10.90973466233316,-2.917769734021729,1.4877600012905718,0.900877443038838,2.917769734021729,1.4877600012905718,0.900877443038838,545.5288207308342,291.7769734021729,453.5112667255936,545.5288207308342
all_zones_E_soil,HW,LPJ-GUESS,LAI,E_soil,Piecewise linear,12538,300,130.67588547643032,1.0,0.2129111362375366,59.356509563691816,59.356509563691816,0.4542269550903315,0.4542269550903315,201.99526138916883,1.5457730449096685,0.7497976177784007,0.8823698126457196,0.93000656030018,1.5457730449096687,1.5954680962126342,1.5255102040816686,1.4792671673340123,3.120978300294185,0.4542269550903317,1.5457730449096687,1.5954680962126342,-1.5954680962125505,1.4425217049000092,1.5255102040816326,1.5954680962125505,1.4425217049000092,1.5255102040816326,462.1861404279909,159.54680962125508,309.63512001982775,462.1861404279909
all_zones_E_soil,HW,LPJ-GUESS,LAI,E_soil,Symbolic regression,12538,300,130.66151313215818,1.0,0.2128877192762647,6.936645813807047,6.936645813807047,0.0530886689394982,0.0530886689394982,254.3863804505093,1.9469113310605015,0.7983553590168073,0.9060233049286232,1.2501112325759665,1.946911331060502,12.545760342992164,1.445112673052077,2.9316104274060577,1.0424885393786678,0.0530886689394983,1.946911331060502,12.545760342992164,-2.6204082436047984,1.304472161242051,1.4877159241042688,2.6204082436047984,1.304472161242051,1.4877159241042688,582.12648798709,304.2121516137001,433.3548955766631,582.12648798709
all_zones_E_soil,HD,CLASSIC,P,E_soil,Equal-width bins,11147,10,246.82849700000003,1.0,0.5263849655468674,205.25766700000003,205.25766700000003,0.8315801031677473,0.8315801031677473,415.51568700000007,1.683418616773411,0.8331990857925151,0.6787902292632622,2.421726862549727,1.6154440227038367,3.273608904569144,1.5260328998892234,1.8295682338518853,2.191918379450134,0.7459306879693014,1.6154440227038367,3.273608904569144,2.5608086580714153,0.250613948121581,-0.573630542285092,2.5608086580714153,0.250613948121581,0.573630542285092,14.53899620433453,7.682425974214246,8.627890367497862,14.53899620433453
all_zones_E_soil,HD,CLASSIC,P,E_soil,Equal-count bins,11147,10,285.821977,1.0,0.6095422260569958,285.15463700000004,285.15463700000004,0.9976651900354044,0.9976651900354044,286.4893169999999,1.0023348099645957,0.5778291730865779,0.581687258584643,1.0054445653664117,1.6194789420414215,3.8933300052243456,1.4338337347652252,1.1903667064951338,1.1016437864257045,1.6170787113791183,1.6194789420414215,3.8933300052243456,2.384311229555017,1.0610098690246803,0.2550662582938098,2.384311229555017,1.0610098690246803,0.2550662582938098,14.575310478372794,11.921556147775084,14.043575885824444,14.575310478372794
all_zones_E_soil,HD,CLASSIC,P,E_soil,LOWESS,11147,10992,296.4144120843542,1.0,0.6321315892978829,202.31194166009416,202.31194166009416,0.6825307185216076,0.6825307185216076,390.60816268072614,1.3177772292987098,0.5489554306991874,0.5913639195275715,1.021601886270021,2.9609157278424476,7.1399927387473054,2.570770665725405,2.257594089984887,3.9999019578506543,2.9020930314034508,2.9609157278424476,7.1399927387473054,3.7219581417212777,0.3086729730043116,-0.756788656358925,3.7219581417212777,0.3086729730043116,0.756788656358925,32543.424764716194,31227.228809041397,32448.826182671324,32543.424764716194
all_zones_E_soil,HD,CLASSIC,P,E_soil,Polynomial degree 3,11147,300,284.4474774820121,1.0,0.6066109766663704,189.72542575715244,189.72542575715244,0.6669963377303998,0.6669963377303998,379.16952920687174,1.3330036622696002,0.5311876473595795,0.5536279188022125,1.0208138503387727,1.3330036622696004,4.554242876118065,0.8740777304349622,1.636145723373397,2.6261494407581436,0.6669963377304,1.3330036622696004,4.554242876118065,2.7148447659783157,0.1134635958103048,-0.8328546760166213,2.7148447659783157,0.1134635958103048,0.8328546760166213,398.5680950186109,271.48447659783164,315.2826274169486,398.5680950186109
all_zones_E_soil,HD,CLASSIC,P,E_soil,GAM,11147,300,300.53422289103986,1.0,0.6409174730021331,251.8683227666922,251.8683227666922,0.8380686909590601,0.8380686909590601,423.49454751543783,1.4091391770346828,0.6149460908445974,0.5473277227892746,1.5177015260462352,1.409139177034683,7.438039218757517,1.2265497275200383,1.702927689796913,1.9946261619625,0.8380686909590601,1.409139177034683,7.438039218757517,2.6724743175361345,0.139554808392909,-0.3048081918775252,2.6724743175361345,0.139554808392909,0.3048081918775252,421.33261393336994,267.24743175361345,316.9366422154882,421.33261393336994
all_zones_E_soil,HD,CLASSIC,P,E_soil,Piecewise linear,11147,300,274.4312518535475,1.0,0.5852504342394197,274.4312518535475,274.4312518535475,1.0,1.0,274.4312518535475,1.0,0.2497470261871588,0.0728004924699228,0.8785850298106088,1.0,3.1982075042994538,0.1020143054737791,1.4026676085605525,3.096193198825616,1.0,1.0,3.1982075042994538,2.786991532107231,0.1020143054737536,0.1020143054737531,2.786991532107231,0.1020143054737536,0.1020143054737531,299.0000000000015,278.69915321072307,288.7985694526253,299.0000000000015
all_zones_E_soil,HD,CLASSIC,P,E_soil,Symbolic regression,11147,300,409.85496316101376,1.0,0.8740542250383789,398.3071682951215,398.3071682951215,0.9718246796944228,0.9718246796944228,648.0000979841499,1.5810473368101674,1.1858093994109191,0.5058498768541948,38.882887464207805,1.5810473368101707,28.13532516468124,1.037500396667606,2.872311461197261,0.9625854877152712,0.971824679694418,1.5810473368101707,28.13532516468124,1.695900942862545,0.5889220988977956,0.6268219715149467,1.695900942862545,0.5889220988977956,0.6268219715149467,472.7331537062412,186.43893582898977,244.7422236198717,472.7331537062412
all_zones_E_soil,HD,LPJ-GUESS,P,E_soil,Equal-width bins,11341,10,128.06508000000002,1.0,0.5840645214335213,125.91254,125.91254,0.9831918271553804,0.9831918271553804,140.20722000000004,1.094812262640214,0.7721407468641128,0.4532998731536848,2.8981246993606034,1.0872457285239276,3.4583887789216687,0.509731199296018,1.1079933895585805,1.2063058134271647,0.973972128680368,1.0872457285239276,3.4583887789216687,1.1324165793295684,1.35415677413841,0.4353430325731257,1.1324165793295684,1.35415677413841,0.4353430325731257,9.785211556715348,3.397249737988705,7.459720060403935,9.785211556715348
all_zones_E_soil,HD,LPJ-GUESS,P,E_soil,Equal-count bins,11341,10,76.342409,1.0,0.3481736986980927,76.342409,76.342409,1.0,1.0,76.342409,1.0,0.5812195169852509,0.5577189176483529,1.021620777388589,1.278889930366936,2.194128193320332,1.3459416363985417,0.6959802571853841,1.0656402863098335,1.278889930366936,1.278889930366936,2.194128193320332,1.6851834806916088,0.8854996939453365,0.6565462909768538,1.6851834806916088,0.8854996939453365,0.6565462909768538,11.510009373302426,8.425917403458044,10.196916791348718,11.510009373302426
all_zones_E_soil,HD,LPJ-GUESS,P,E_soil,LOWESS,11341,11094,167.34212629638122,1.0,0.7631947671524802,167.34212629638122,167.34212629638122,1.0,1.0,168.54927767618187,1.0072136730094052,0.5240342153803134,0.4551204538631,2.259116731546844,1.0382780392775235,2.511236912784347,1.042500475941771,0.7059478856253099,1.298512381344353,1.0290899790339672,1.0382780392775235,2.511236912784347,1.1614391252401437,0.5733364018152632,1.244798656023112,1.1614391252401437,0.5733364018152632,1.244798656023112,11517.618289705557,9931.182469189078,11371.976846950858,11517.618289705557
all_zones_E_soil,HD,LPJ-GUESS,P,E_soil,Polynomial degree 3,11341,300,163.4530030298612,1.0,0.7454577000342932,163.4530030298612,163.4530030298612,1.0,1.0,163.4530030298612,1.0,0.7890848826204226,0.5890870719073049,2.0156593376515075,1.0000000000000002,2.133877850401913,0.8687082230338316,0.4703392923535815,0.7800908303677898,1.0000000000000002,1.0000000000000002,2.133877850401913,1.1627279900709382,0.5353965268945875,1.29722944830342,1.1627279900709382,0.5353965268945875,1.29722944830342,299.0,116.27279900709378,169.27705516965796,299.0
all_zones_E_soil,HD,LPJ-GUESS,P,E_soil,GAM,11341,300,132.69649791898797,1.0,0.6051869608245897,132.20200640733427,132.20200640733427,0.9962735149803608,0.9962735149803608,153.76166201147683,1.1587469482830606,0.7372507989107686,0.6045111083283287,2.369197413702262,1.1587469482830606,3.100880715669405,1.1245239364342283,1.0319788606872171,1.5834178756230726,0.9962735149803608,1.1587469482830606,3.100880715669405,1.4017028811672971,1.1069708558697895,0.4812537813128897,1.4017028811672971,1.1069708558697895,0.4812537813128897,346.46533753663533,142.39872615847406,259.5152981889,346.46533753663533
all_zones_E_soil,HD,LPJ-GUESS,P,E_soil,Piecewise linear,11341,300,120.4000506064362,1.0,0.5491067349352368,120.4000506064362,120.4000506064362,1.0,1.0,120.4000506064362,1.0,0.5534111766055044,0.5706717260719963,0.8137812844914174,1.0,1.8534423464590504,0.7311502297771001,0.4779772750037441,7.0832228971085e-14,1.0,1.0,1.8534423464590504,1.5350110427436023,0.731150229777084,0.7311502297770844,1.5350110427436023,0.731150229777084,0.7311502297770844,299.0000000000004,153.50110427436022,225.8849770222916,299.0000000000004
all_zones_E_soil,HD,LPJ-GUESS,P,E_soil,Symbolic regression,11341,300,120.1020334227085,1.0,0.5477475723610761,120.1020334227085,120.1020334227085,1.0,1.0,120.1020334227085,1.0,0.5850047557288769,0.5770030352586386,1.0,1.0,7.863165481693778,0.7756545418282446,0.7190790223218982,0.4037548487164086,1.0,1.0,7.863165481693778,1.5919498888209722,0.7850797807698547,0.6208211282168719,1.5919498888209722,0.7850797807698547,0.6208211282168719,299.00000000000017,159.19498888209725,236.9178871783129,299.00000000000017
all_zones_E_soil,HD,CLASSIC,LAI,E_soil,Equal-width bins,11147,10,183.4763,1.0,0.3912804519251547,150.91365500000003,150.91365500000003,0.8225239717609306,0.8225239717609306,302.984135,1.651352981284231,0.369313554230432,0.3112989477337081,0.8303355178215274,1.4762274687980623,5.6388158892502025,1.2611291910443347,2.0584556646573335,2.0706428594508353,0.5889191850249279,1.4762274687980623,5.6388158892502025,1.8396361068998413,-0.1241073373068423,0.0512287854817848,1.8396361068998413,0.1241073373068423,0.0512287854817848,13.28604721918256,8.776039851395016,10.505399112119942,13.28604721918256
all_zones_E_soil,HD,CLASSIC,LAI,E_soil,Equal-count bins,11147,10,257.777154,1.0,0.549734005498804,229.133459,229.133459,0.8888819487858882,0.8888819487858882,286.420849,1.111118051214112,0.2321507077734393,0.2344266221707719,0.4813463680163111,14.552792755089992,85.47058075819447,1.3979350644001642,25.89010037515621,14.233367634411175,14.484878616120469,14.552792755089992,85.47058075819447,18.63169945307367,0.2476249989314129,-0.3056136253628689,18.63169945307367,0.2476249989314129,0.3056136253628689,130.97513479580994,130.42189617151567,130.66952117044707,130.97513479580994
all_zones_E_soil,HD,CLASSIC,LAI,E_soil,LOWESS,11147,9723,255.9269527480351,1.0,0.5457882774564284,229.75564021100791,229.75564021100791,0.8977391312012638,0.8977391312012638,315.62499180609706,1.2332620242496928,0.2119358220872649,0.2274752851716771,0.5040352271693362,40.176529364371206,612.8703683666944,3.0116292441259693,92.35648157131764,30.77136692665681,39.92870008573487,40.176529364371206,612.8703683666944,45.96108613600619,-0.4474399821109087,0.1287942359691734,45.96108613600619,0.4474399821109087,0.1287942359691734,390596.2184804164,390027.848779742,390582.8238798757,390596.2184804164
all_zones_E_soil,HD,CLASSIC,LAI,E_soil,Polynomial degree 3,11147,300,471.6826764919778,1.0,1.005907633972604,471.6826764919778,471.6826764919778,1.0,1.0,769.0575812748604,1.630455430321364,1.466330923124494,0.7940051707375418,5.0866642351666,1.6304554303213643,6.086873192899157,1.065202281095333,1.9427801396669289,3.10863247393534,1.0000000000000004,1.6304554303213643,6.086873192899157,1.2688328547794905,-0.851399830708584,2.5640529776220093,1.2688328547794905,0.851399830708584,2.5640529776220093,487.5061736660877,146.65712908759377,230.9457123277435,487.5061736660877
all_zones_E_soil,HD,CLASSIC,LAI,E_soil,GAM,11147,300,232.00227240707952,1.0,0.4947666483088276,185.1154787543428,185.1154787543428,0.7979037310011021,0.7979037310011021,335.9553554655078,1.4480692450978598,0.2528408936351585,0.2668788704385961,0.5719750327977706,1.44806924509786,24.738142594760365,0.4885608681605594,3.5710444846014164,1.102228344094767,0.797903731001102,1.44806924509786,24.738142594760365,2.456926371460905,-0.0228912742456595,-0.048531854264407,2.456926371460905,0.0228912742456595,0.048531854264407,432.9727042842601,354.9680707215171,389.5096978703054,432.9727042842601
all_zones_E_soil,HD,CLASSIC,LAI,E_soil,Piecewise linear,11147,300,272.9861976927109,1.0,0.5821687204425506,272.9861976927109,272.9861976927109,1.0,1.0,272.9861976927109,1.0,0.1741990004038321,0.1777376499966295,0.7567442394019009,0.9999999999999996,39.33553398154221,0.3492115091519164,4.990353578334609,1.4488410471358293e-14,0.9999999999999996,0.9999999999999996,39.33553398154221,2.295069096787685,0.3492115091519168,0.3492115091519166,2.295069096787685,0.3492115091519168,0.3492115091519166,299.00000000000176,229.5069096787693,264.0788490848093,299.00000000000176
all_zones_E_soil,HD,CLASSIC,LAI,E_soil,Symbolic regression,11147,300,341.7584438480646,1.0,0.728831998236875,341.7584438480646,341.7584438480646,1.0,1.0,364.0066963338279,1.0650993498075914,0.3434305031538665,0.2169928587813463,1.056919133606712,1.0650993498075914,80.573384239426,0.4249061703345112,4.892793320794952,0.852977601985427,1.0,1.0650993498075914,80.573384239426,1.8970862259850003,0.2322388147781168,0.8629973473846638,1.8970862259850003,0.2322388147781168,0.8629973473846638,318.4647055924699,208.13305018744796,232.16497085400331,318.4647055924699
all_zones_E_soil,HD,LPJ-GUESS,LAI,E_soil,Equal-width bins,11341,10,78.005136,1.0,0.3557568732022557,23.985366000000003,23.985366000000003,0.3074844456395795,0.3074844456395795,151.388128,1.9407456452611016,1.5123491001113727,0.651392018107201,8.12611908107546,1.9638063374127777,6.754189889782197,1.063796980584905,2.840797366192155,0.7956665703216776,0.2154967205572976,1.9638063374127777,6.754189889782197,1.8625742418985327,0.6400616402095856,-1.8561457204362253,1.8625742418985327,0.6400616402095856,1.8561457204362253,17.674257036714998,5.587722725695598,9.73431441845928,17.674257036714998
all_zones_E_soil,HD,LPJ-GUESS,LAI,E_soil,Equal-count bins,11341,10,56.086643,1.0,0.2557935254685176,50.521888,50.521888,0.9007828833685052,0.9007828833685052,64.68519599999999,1.1533083910905488,0.5969909936280834,0.5855180227786965,1.6443379254208477,2.058585348869052,5.807346193577582,1.944442253851974,1.8903015004052737,2.671988596611061,1.9278178869849685,2.058585348869052,5.807346193577582,2.733546535277369,0.6176108946240346,-0.2861400180475678,2.733546535277369,0.6176108946240346,0.2861400180475678,18.527268139821462,17.00590633252583,18.241128121773897,18.527268139821462
all_zones_E_soil,HD,LPJ-GUESS,LAI,E_soil,LOWESS,11341,11339,66.4308383718892,1.0,0.302970144727236,66.4308383718892,66.4308383718892,1.0,1.0,79.49197501608344,1.1966125517049195,0.4956934327011527,0.5019688182498585,1.105704102358518,3.0990660552740588,6.968716955541703,2.6499435409376715,2.6842382856154794,5.352726608076959,2.9533872447880216,3.0990660552740588,6.968716955541703,3.691309109786102,-0.2346477780268606,0.4780457554105125,3.691309109786102,0.2346477780268606,0.4780457554105125,35137.21093469723,33966.12137465924,34989.97284203086,35137.21093469723
all_zones_E_soil,HD,LPJ-GUESS,LAI,E_soil,Polynomial degree 3,11341,300,92.46693666046843,1.0,0.4217125941671235,92.46693666046843,92.46693666046843,1.0,1.0,118.03273568764564,1.2764858440271785,0.6360868957445688,0.4200420435788443,2.870753574085024,1.2764858440271785,5.017334031430047,0.5818534786972823,1.482515815878551,2.284271647768046,1.0,1.2764858440271785,5.017334031430047,2.3358700464381923,-0.3604508115246371,1.0109762569711984,2.3358700464381923,0.3604508115246371,1.0109762569711984,381.66926736412665,233.58700464381923,272.92444415956066,381.66926736412665
all_zones_E_soil,HD,LPJ-GUESS,LAI,E_soil,GAM,11341,300,75.02303373131977,1.0,0.3421564433706222,37.56513141618489,37.56513141618489,0.5007146411956228,0.5007146411956228,122.97055536772716,1.6391040091516695,0.8477838435200444,0.347076275109613,6.416653500832225,1.639104009151669,6.251466226959943,0.8794165144389846,2.3272759332580253,1.5183613858885734,0.5007146411956228,1.639104009151669,6.251466226959943,2.777416837126147,0.213762793262463,-1.4919052252810736,2.777416837126147,0.213762793262463,1.4919052252810736,490.0920987363492,277.87257333447747,340.70997669943904,490.0920987363492
all_zones_E_soil,HD,LPJ-GUESS,LAI,E_soil,Piecewise linear,11341,300,75.72367224941762,1.0,0.3453518351258978,75.72367224941762,75.72367224941762,1.0,1.0,75.72367224941762,1.0,0.2217374529077649,0.1223253207291428,0.9446825217582804,1.0000000000000002,5.420205694182784,0.1847754091062272,1.892314175666533,3.855249453010856e-14,1.0000000000000002,1.0000000000000002,5.420205694182784,2.6222969358786243,0.1847754091062194,0.1847754091062194,2.6222969358786243,0.1847754091062194,0.1847754091062194,299.0000000000001,262.2296935878625,280.5224590893782,299.0000000000001
all_zones_E_soil,HD,LPJ-GUESS,LAI,E_soil,Symbolic regression,11341,300,55.17794807764339,1.0,0.2516492539391102,29.753384187511973,29.753384187511973,0.5392259992278915,0.5392259992278915,80.60251196777482,1.4607740007721084,0.6297162236067029,0.6228603687999649,1.695825694404905,1.4607740007721086,18.88994032169661,0.8720877709915068,2.235369542727805,2.317863636269438,0.5392259992278916,1.4607740007721086,18.88994032169661,2.9600118335236094,-0.5543128168022166,-0.7989564071980196,2.9600118335236094,0.5543128168022166,0.7989564071980196,436.7714262308605,296.0011833523611,356.87578551105867,436.7714262308605
all_zones_E_soil,CW,CLASSIC,P,E_soil,Equal-width bins,21322,10,73.357665,1.0,0.2141576066177484,43.92592000000002,43.92592000000002,0.5987911420026799,0.5987911420026799,135.00499000000002,1.840366511120549,0.4633154627675625,0.5294910760202798,1.0677271993122306,1.8305531717864023,2.8480692602569215,2.2524006522148303,1.9632012026557468,3.518305770822793,0.4689325065588426,1.8305531717864023,2.8480692602569215,0.8347493105308774,1.0733403972557811,-0.5012921881101312,0.8347493105308774,1.0733403972557811,0.5012921881101312,16.474978546077622,2.5042479315926323,10.229070427789637,16.474978546077622
all_zones_E_soil,CW,CLASSIC,P,E_soil,Equal-count bins,21322,10,49.457575000000006,1.0,0.1443845832758961,49.457575000000006,49.457575000000006,1.0,1.0,121.37304499999998,2.4540840306060288,0.7276050024082978,0.6500736116907024,1.620040001941342,3.284880457851988,6.746739232588172,4.360642620429321,4.047103814880646,4.229076527256554,0.4306727326565802,3.284880457851988,6.746739232588172,2.401075893682895,-1.4659011588097972,0.1353556544168324,2.401075893682895,1.4659011588097972,0.1353556544168324,29.563924120667888,9.60430357473158,29.428568466251058,29.563924120667888
all_zones_E_soil,CW,CLASSIC,P,E_soil,LOWESS,21322,20661,79.11216948379708,1.0,0.2309570904552054,50.18171351209298,50.18171351209298,0.634310926366021,0.634310926366021,185.4791815580367,2.34450885076568,0.6977465897826863,0.6136279208681754,2.2259604935605117,5.0600317783840065,39.28399788527099,5.5444802669481135,6.041857812363364,8.51746871403181,0.9000198155565545,5.0600317783840065,39.28399788527099,0.5073777699640182,2.5125110193811717,0.1806745336945878,0.5073777699640182,2.5125110193811717,0.1806745336945878,104540.25654141276,93189.31398868749,104486.59620490548,104540.25654141276
all_zones_E_soil,CW,CLASSIC,P,E_soil,Polynomial degree 3,21322,300,59.2844179632327,1.0,0.173072698820664,33.01811483931803,33.01811483931803,0.5569442354953265,0.5569442354953265,85.55072108714737,1.4430557645046735,0.2678274304716391,0.2370464200050147,1.316117231353232,1.4430557645046738,3.8245740972221696,1.5297573139310654,1.5646487504130189,2.170180565750542,0.5569442354953265,1.4430557645046738,3.8245740972221696,0.9236617452041548,1.8494673361623049,-1.08937114387381,0.9236617452041548,1.8494673361623049,1.08937114387381,431.4736735868973,107.57217692579572,290.66944320586373,431.4736735868973
all_zones_E_soil,CW,CLASSIC,P,E_soil,GAM,21322,300,99.56326971360672,1.0,0.2906612628537641,5.274644125023599,5.274644125023599,0.0529778113976779,0.0529778113976779,300.5759892411733,3.018944537536571,0.8108521924305186,0.4722771622136835,4.222987711040834,3.0189445375365707,11.610895622719683,2.7400149146561747,3.6669924564120424,5.834915958608473,0.0529778113976777,3.0189445375365707,11.610895622719683,0.0529025299078371,1.8704742261398732,-1.746268357707255,0.0529025299078371,1.8704742261398732,1.746268357707255,902.6644167234342,296.7915433898013,697.8667861685401,902.6644167234342
all_zones_E_soil,CW,CLASSIC,P,E_soil,Piecewise linear,21322,300,103.17920116265988,1.0,0.3012174770520087,103.17920116265988,103.17920116265988,1.0,1.0,103.17920116265988,1.0,0.3070163563786741,0.3658899380768262,0.5353368831996449,1.0,1.243279410592873,1.2432794105927285,0.3767083641239956,0.826617615043926,1.0,1.0,1.243279410592873,0.5158739729204251,1.2432794105927507,1.2432794105927516,0.5158739729204251,1.2432794105927507,1.2432794105927516,299.00000000000006,51.5873972920425,174.67205894072484,299.00000000000006
all_zones_E_soil,CW,CLASSIC,P,E_soil,Symbolic regression,21322,300,67.74322503140708,1.0,0.1977670218550943,67.74322503140708,67.74322503140708,1.0,1.0,67.74322503140708,1.0,0.0972398657826461,0.1034350777082948,0.134447754632111,1.0,93.06453285287364,0.4847764953851334,5.395974573456258,0.2912054480576042,1.0,1.0,93.06453285287364,2.1259658972202407,0.4918613656479444,0.377091350788295,2.1259658972202407,0.4918613656479444,0.377091350788295,299.0000000000001,212.59658972202405,261.2908649211705,299.0000000000001
all_zones_E_soil,CW,LPJ-GUESS,P,E_soil,Equal-width bins,21472,10,91.918657,1.0,0.403582088364799,47.93595000000002,47.93595000000002,0.521504029372405,0.521504029372405,180.13949999999994,1.9597708003936565,0.884022064586814,1.011845345682068,1.4674312550898148,1.8961793951385693,2.7641506046484765,2.154802199304204,1.933734193737482,2.644517413538991,0.7161976562160981,1.8961793951385693,2.7641506046484765,0.1483962441024441,1.203738483271486,0.7964582412743644,0.1483962441024441,1.203738483271486,0.7964582412743644,17.065614556247123,5.973489941604285,10.366635433815622,17.065614556247123
all_zones_E_soil,CW,LPJ-GUESS,P,E_soil,Equal-count bins,21472,10,54.164145999999995,1.0,0.2378154758851173,47.38916549999999,47.38916549999999,0.8749176161662365,0.8749176161662365,63.59089449999999,1.174040379035977,0.6955648098091469,0.4937109484147261,2.099402321988318,1.113390943693792,2.934193879572294,0.8955924685782966,1.2380098522294498,1.154823598674853,0.7044929977628631,1.113390943693792,2.934193879572294,0.0801899335528515,1.2704681235105626,0.9378047516121129,0.0801899335528515,1.2704681235105626,0.9378047516121129,10.02051849324413,3.199753725872948,9.082713741632016,10.02051849324413
all_zones_E_soil,CW,LPJ-GUESS,P,E_soil,LOWESS,21472,20830,98.26561496124472,1.0,0.4314493204628782,58.08500844193249,58.08500844193249,0.591102070290211,0.591102070290211,140.00667357958156,1.4247778700087437,0.5261279454814752,0.3681476640630763,2.317202464680056,1.158314654265196,9.932096215955436,0.8703328559592506,1.2809657856944114,1.0062335520779373,0.9408615234767448,1.158314654265196,9.932096215955436,0.8252093901107757,1.3937360690161087,1.1293238393957086,0.8252093901107757,1.3937360690161087,1.1293238393957086,24126.535933689735,18126.30638204792,23847.59294535901,24126.535933689735
all_zones_E_soil,CW,LPJ-GUESS,P,E_soil,Polynomial degree 3,21472,300,87.21389207705718,1.0,0.3829251410720778,-29.02581843208032,29.02581843208032,-0.3328118690819895,0.3328118690819895,203.45360258619468,2.3328118690819895,1.2014792608772402,0.7804982991312163,10.351231470754009,2.33281186908199,7.612305690730811,2.2102416530070403,2.801694110729031,4.508287895513586,-0.33281186908199,2.33281186908199,7.612305690730811,-0.788041332446558,2.3522224516264783,-2.5357663832188058,0.788041332446558,2.3522224516264783,2.5357663832188058,697.5107488555146,182.3072890587059,415.1773117697272,697.5107488555146
all_zones_E_soil,CW,LPJ-GUESS,P,E_soil,GAM,21472,300,95.89473946564333,1.0,0.4210396504894826,35.503555135685886,35.503555135685886,0.3702346482562365,0.3702346482562365,158.4376135610928,1.652203389299128,0.5531715738282492,0.4329783999466017,1.3547806851998658,1.6522033892991284,9.17013709098132,1.3729546077197103,2.314912960923035,1.8679157635877237,0.3702346482562367,1.6522033892991284,9.17013709098132,-1.1166245909776276,1.4549809145570705,0.7831950838522752,1.1166245909776276,1.4549809145570705,0.7831950838522752,494.0088134004392,264.9372212450078,414.0294513396513,494.0088134004392
all_zones_E_soil,CW,LPJ-GUESS,P,E_soil,Piecewise linear,21472,300,126.20444429994792,1.0,0.5541187703764203,60.225571236745054,60.225571236745054,0.4772064214601507,0.4772064214601507,192.1833173631508,1.5227935785398494,0.7105139842163748,0.7631348681127262,1.4571740069050136,1.5227935785398492,3.907881999585403,1.1552716870449515,1.7233352339902832,3.8635761256955454e-14,0.4772064214601508,1.5227935785398492,3.907881999585403,-0.8721434570535948,1.155271687044948,1.155271687044947,0.8721434570535948,1.155271687044948,1.155271687044947,455.3152799834152,225.41621426147043,339.7881112789205,455.3152799834152
all_zones_E_soil,CW,LPJ-GUESS,P,E_soil,Symbolic regression,21472,300,162.70018879516704,1.0,0.7143585874117002,76.98484883551977,76.98484883551977,0.4731700030934849,0.4731700030934849,266.2121820156002,1.63621311067285,0.8256345529931676,0.8338055654377337,9.826659623095338,1.63621311067285,157.522169075048,0.9741684391243874,9.211721215304026,0.1526931676530979,0.4731700030934849,1.63621311067285,157.522169075048,-0.4617850216902962,0.9773771216805744,0.908959980476048,0.4617850216902962,0.9773771216805744,0.908959980476048,489.22772009118233,301.5713869972007,398.3317220435773,489.22772009118233
all_zones_E_soil,CW,CLASSIC,LAI,E_soil,Equal-width bins,21322,10,108.64912399999996,1.0,0.3171861639401276,-26.701276000000007,26.701276000000007,-0.2457569377181542,0.2457569377181542,198.72393199999993,1.8290431131317728,1.322207517543563,0.4253811322924196,6.349156973432204,1.8323562600491337,5.490417746025487,1.8746968517147564,2.339051343823518,2.235241432311597,-0.2400733976913991,1.8323562600491337,5.490417746025487,-0.8116943831473457,-0.930944015016842,1.0224182050899902,0.8116943831473457,0.930944015016842,1.0224182050899902,16.4912063404422,5.120331922435306,8.577625463661196,16.4912063404422
all_zones_E_soil,CW,CLASSIC,LAI,E_soil,Equal-count bins,21322,10,103.96954,1.0,0.3035247625118419,-68.56604499999999,68.56604499999999,-0.659482046376275,0.659482046376275,152.469375,1.4664811924723338,0.3762307372610095,0.4205145792286625,0.7487560923080179,1.8870652906199077,6.991146387863234,1.2508524415000737,2.6441831728791976,0.6061371293774407,-0.2401690710999757,1.8870652906199077,6.991146387863234,0.4350661037996453,-1.1884956650632807,-0.7713651637081644,0.4350661037996453,1.1884956650632807,0.7713651637081644,16.983587615579168,12.64673545668116,16.212222451871003,16.983587615579168
all_zones_E_soil,CW,CLASSIC,LAI,E_soil,LOWESS,21322,21316,111.36309994493274,1.0,0.3251092431818803,-90.72250325083576,90.72250325083576,-0.8146549736465362,0.8146549736465362,167.24848635297934,1.5018303768095629,0.341483054913434,0.2933277002448953,1.0082595118929918,2.9160151837415857,11.795781269781266,1.9510843659568868,3.8477480823683488,1.4165530589182609,-0.6243342277459496,2.9160151837415857,11.795781269781266,-0.3790595253747388,-1.3926806895908506,-0.3744301538707253,0.3790595253747388,1.3926806895908506,0.3744301538707253,62154.86364145203,54619.498029453694,61808.515749121645,62154.86364145203
all_zones_E_soil,CW,CLASSIC,LAI,E_soil,Polynomial degree 3,21322,300,84.02545115094473,1.0,0.2453007400584909,9.215545813645091,9.215545813645091,0.1096756481210691,0.1096756481210691,177.26644811553456,2.109675648121069,0.8860053732684472,0.6159291160836298,3.766767821854578,2.1096756481210694,7.242400830230711,1.9929012881531607,2.579540747342392,3.806804460236065,0.1096756481210698,2.1096756481210694,7.242400830230711,-0.1644329036485075,-2.157506174827372,2.628294204609604,0.1644329036485075,2.157506174827372,2.628294204609604,630.7930187882001,138.5707125296774,352.16382383758724,630.7930187882001
all_zones_E_soil,CW,CLASSIC,LAI,E_soil,GAM,21322,300,88.07411651946595,1.0,0.2571202613766608,-25.998390791449552,25.998390791449552,-0.2951876421684394,0.2951876421684394,150.2402194129528,1.7058385068188229,0.5431125341629863,0.3830563326324183,2.124039689488968,1.7058385068188229,4.3331335882054365,1.5490020545718737,1.9843576850610547,3.321887582702184,-0.2951876421684392,1.7058385068188229,4.3331335882054365,-0.0999160259657387,-1.7283367983689604,0.9283584062673764,0.0999160259657387,1.7283367983689604,0.9283584062673764,510.0457135388279,215.5903685318819,386.6957115704092,510.0457135388279
all_zones_E_soil,CW,CLASSIC,LAI,E_soil,Piecewise linear,21322,300,125.82011585927638,1.0,0.3673145113982355,-90.9851261356112,90.9851261356112,-0.7231365629751413,0.7231365629751413,160.6551055829416,1.2768634370248586,0.7743784945368539,0.5639294341856728,2.543256827792781,1.2768634370248586,3.1181263927678833,1.099264705882356,1.196486997655688,6.639133687258436e-14,-0.7231365629751414,1.2768634370248586,3.1181263927678833,0.0253584414102101,-1.0992647058823537,-1.0992647058823533,0.0253584414102101,1.0992647058823537,1.0992647058823533,381.7821676704331,163.02849119984435,271.85569708219737,381.7821676704331
all_zones_E_soil,CW,CLASSIC,LAI,E_soil,Symbolic regression,21322,300,144.06640750118686,1.0,0.4205820485762655,-15.889671255427428,15.889671255427428,-0.1102940757046122,0.1102940757046122,335.40696063045874,2.328141351256334,1.3362880307386331,0.8060158662764884,6.28564457402842,2.328141351256334,234.8225945945985,1.1338213981793632,13.866260353425227,0.0588101589968586,-0.110294075704612,2.328141351256334,234.8225945945985,1.9417539067524536,-1.163640152118276,-1.1195294425121505,1.9417539067524536,1.163640152118276,1.1195294425121505,696.1142640256431,468.9609447147194,584.1613197744285,696.1142640256431
all_zones_E_soil,CW,LPJ-GUESS,LAI,E_soil,Equal-width bins,21472,10,90.1068295,1.0,0.3956269990491797,54.72672499999999,54.72672499999999,0.6073537966397984,0.6073537966397984,166.94406400000005,1.8527348584604235,1.7118012983574078,0.7305048683482661,8.585565864619808,1.803662428976602,8.06065934695993,0.9312677540916788,2.8986829336064943,1.6513230951930695,0.559837037527013,1.803662428976602,8.06065934695993,-0.2191882462804079,-0.7177829524617675,2.6164823113232143,0.2191882462804079,0.7177829524617675,2.6164823113232143,16.232961860789416,4.367630561251112,6.520979418636415,16.232961860789416
all_zones_E_soil,CW,LPJ-GUESS,LAI,E_soil,Equal-count bins,21472,10,37.004695,1.0,0.1624744374518269,-37.004695,37.004695,-1.0,1.0,91.473157,2.471933818127673,0.8794290365612524,0.6439955610378518,2.256408075813907,2.561903403658947,5.153087806417517,2.6273377863729763,2.686892132957727,4.158116266459437,-1.236661955901623,2.561903403658947,5.153087806417517,-1.983117923283262,1.0452485818103785,-2.772116526231985,1.983117923283262,1.0452485818103785,2.772116526231985,23.057130632930523,11.20402934259574,14.740781054234567,23.057130632930523
all_zones_E_soil,CW,LPJ-GUESS,LAI,E_soil,LOWESS,21472,21460,51.203106439678635,1.0,0.2248146056756529,-19.694392618765377,19.694392618765377,-0.3846327691458906,0.3846327691458906,128.0424761167429,2.5006778889008845,0.770859599917741,0.4448149009070827,2.6477981694729698,2.522008131358639,6.412695006364739,2.357819068156136,2.7712443407150964,4.370687287823388,-1.417679069999716,2.522008131358639,6.412695006364739,-1.815678604665653,-1.297242796805469,-0.5607702205963953,1.815678604665653,1.297242796805469,0.5607702205963953,54119.77249082541,32665.06307443514,50052.397976566,54119.77249082541
all_zones_E_soil,CW,LPJ-GUESS,LAI,E_soil,Polynomial degree 3,21472,300,60.17514163188099,1.0,0.2642076170395102,-59.87808238862111,59.87808238862111,-0.9950634226159843,0.9950634226159843,65.03821433767159,1.0808153096762156,1.8442915717179305,0.0871421760879871,28.92505236861469,1.0808153096762154,4.551987185773537,0.3824341873617097,1.3505012159790604,1.847118076765594,-0.995063422615984,1.0808153096762154,4.551987185773537,-0.0227421536567599,-0.2865079166866726,-2.6688546424452273,0.0227421536567599,0.2865079166866726,2.6688546424452273,323.16377759318857,20.41352558969177,56.27831334866568,323.16377759318857
all_zones_E_soil,CW,LPJ-GUESS,LAI,E_soil,GAM,21472,300,123.1629762217384,1.0,0.5407647671875065,74.62934281737594,74.62934281737594,0.6059397483462547,0.6059397483462547,233.74656951074323,1.89786392535622,1.710957155823488,0.811493224828157,5.849650205751111,1.8978639253562195,6.00769128240605,1.5756149638918573,2.449092686425754,3.168071635329059,0.6059397483462547,1.8978639253562195,6.00769128240605,-0.2650809575168523,-0.804927026506562,2.8737185613136504,0.2650809575168523,0.804927026506562,2.8737185613136504,567.4613136815095,168.24619148329276,256.833169812875,567.4613136815095
all_zones_E_soil,CW,LPJ-GUESS,LAI,E_soil,Piecewise linear,21472,300,47.83458777081287,1.0,0.2100246398140252,-34.653768821215195,34.653768821215195,-0.724450035761776,0.724450035761776,61.01540672041054,1.2755499642382242,0.8383359364332674,0.6300193814764811,3.3764600730542704,1.275549964238224,1.9531936307930868,1.953193630792954,1.2585575199809431,2.521396660498036,-0.7244500357617759,1.275549964238224,1.9531936307930868,0.5682030297050275,-0.7890050564037597,-1.9531936307930151,0.5682030297050275,0.7890050564037597,1.9531936307930151,381.3894393072283,56.82030297050272,186.07007622792736,381.3894393072283
all_zones_E_soil,CW,LPJ-GUESS,LAI,E_soil,Symbolic regression,21472,300,53.01440116798443,1.0,0.2327673557804962,-47.611844960617745,47.611844960617745,-0.8980926674952371,0.8980926674952371,94.68750353477672,1.7860713588887769,0.5305653563610438,0.3213295711519306,10.989571048310138,1.7860713588887769,41.06382245500595,0.6461686930544935,4.333982695386212,0.6109984374113986,-0.898092667495237,1.7860713588887769,41.06382245500595,-1.6661367519112604,-0.3047747963538203,-0.7174332755092155,1.6661367519112604,0.3047747963538203,0.7174332755092155,534.0353363077439,431.3863248088739,462.2920087568227,534.0353363077439
all_zones_E_soil,CD,CLASSIC,P,E_soil,Equal-width bins,13445,10,249.848755,1.0,0.6584936484103433,170.85511000000002,170.85511000000002,0.6838341459816362,0.6838341459816362,346.32312,1.3861310615696287,0.7412946047725675,0.6853700215164684,1.4617975332020032,1.3043658532841709,2.6745516885522083,1.1223858033627083,1.4389614603618053,2.257827802158781,0.5971087611537487,1.3043658532841709,2.6745516885522083,2.341797602989255,0.0100552752376647,-0.5605265947656739,2.341797602989255,0.0100552752376647,0.5605265947656739,11.739292679557538,7.025392808967766,9.300330241406176,11.739292679557538
all_zones_E_soil,CD,CLASSIC,P,E_soil,Equal-count bins,13445,9,233.08884,1.0,0.6143217349845701,233.08884,233.08884,1.0,1.0,233.08884,1.0,0.6892866170969298,0.7632542687407589,1.3353123543054015,1.2691216080083916,3.248285581606477,1.2977591103751482,0.9567269180699204,1.0545201712003085,1.2691216080083916,1.2691216080083916,3.248285581606477,1.5836154247595635,1.5797506740012597,0.3314372838923308,1.5836154247595635,1.5797506740012597,0.3314372838923308,10.152972864067133,4.750846274278691,9.49009829628247,10.152972864067133
all_zones_E_soil,CD,CLASSIC,P,E_soil,LOWESS,13445,10280,239.6104960405645,1.0,0.6315100098664228,142.3711259088307,142.3711259088307,0.5941773347221325,0.5941773347221325,339.7529491959177,1.417938507745503,0.6537791782556185,0.658015047209314,16.43202673397133,1.9716494403546032,95.62762512232084,1.9945422898862637,2.335925279197674,1.7079304501337318,1.8749862786782463,1.9716494403546032,95.62762512232084,2.3673298566245977,0.5938548819081497,-0.8073224051741271,2.3673298566245977,0.5938548819081497,0.8073224051741271,20266.584597404883,18046.457773268194,20088.166345861417,20266.584597404883
all_zones_E_soil,CD,CLASSIC,P,E_soil,Polynomial degree 3,13445,300,218.61738818386775,1.0,0.5761812243216317,81.22233813741981,81.22233813741981,0.371527346530679,0.371527346530679,356.01243823031575,1.6284726534693212,1.0487602098471311,0.6380822832287799,6.536631490644466,1.628472653469321,3.270214605195948,1.6399732150746384,1.838315449390169,3.166543096041199,0.3715273465306792,1.628472653469321,3.270214605195948,2.426474680645674,0.4919786416695857,-1.8026667697718337,2.426474680645674,0.4919786416695857,1.8026667697718337,486.913323387327,242.64746806456736,306.6466464101436,486.913323387327
all_zones_E_soil,CD,CLASSIC,P,E_soil,GAM,13445,300,208.6685164564328,1.0,0.5499602858127919,130.17026094895866,130.17026094895866,0.6238136119405271,0.6238136119405271,287.8868134487691,1.3796370355126193,0.6055892617924041,0.5050211594229946,2.8596084372301256,1.3796370355126193,5.397982881863122,1.3146333291795744,1.6970428483357545,2.5895482614414207,0.6238136119405275,1.3796370355126193,5.397982881863122,2.6868131455353472,0.1876565445607307,-1.007390424948293,2.6868131455353472,0.1876565445607307,1.007390424948293,412.5114736182731,268.6813145535346,311.6720639984774,412.5114736182731
all_zones_E_soil,CD,CLASSIC,P,E_soil,Piecewise linear,13445,300,206.24443451100436,1.0,0.5435714504380036,161.09248304759703,161.09248304759703,0.7810755399511243,0.7810755399511243,251.3963859744117,1.2189244600488756,0.4279338079466851,0.3175313280108099,0.8922484221663606,1.2189244600488756,2.6576743716633495,0.3519269545947312,1.4555876924497484,3.009601326257998,0.7810755399511242,1.2189244600488756,2.6576743716633495,2.6576743716633073,0.0299681286719708,-0.3519269545946977,2.6576743716633073,0.0299681286719708,0.3519269545946977,364.45841355461505,265.767437166331,329.2657180951447,364.45841355461505
all_zones_E_soil,CD,CLASSIC,P,E_soil,Symbolic regression,13445,300,314.16911508631614,1.0,0.8280143993954958,163.884321187728,163.884321187728,0.5216436413321588,0.5216436413321588,518.9171387697784,1.6517127682242378,1.1306239474263886,0.606665149855432,163.4111441688991,1.6517127682242383,168.94533447036594,0.9992772577471828,9.856656043944817,1.0235185418167745,0.5216436413321586,1.6517127682242383,168.94533447036594,1.922304254396252,1.0075698233281136,-1.3600838919079297,1.922304254396252,1.0075698233281136,1.3600838919079297,493.8621176990474,192.2304254396252,291.9798379491084,493.8621176990474
all_zones_E_soil,CD,LPJ-GUESS,P,E_soil,Equal-width bins,10397,10,84.67244350000001,1.0,0.3340063898426488,84.67244350000001,84.67244350000001,1.0,1.0,86.45126150000002,1.0210082280193085,0.557579460727776,0.4365143137957665,1.4083788553152128,1.0142107659906674,2.6166773730153485,0.655785252075759,0.784044987723833,1.0092222721813864,0.9903790680744018,1.0142107659906674,2.6166773730153485,1.192347624471646,1.1233384885007125,0.6554510912508471,1.192347624471646,1.1233384885007125,0.6554510912508471,9.127896893916006,3.577042873414938,6.947058338917075,9.127896893916006
all_zones_E_soil,CD,LPJ-GUESS,P,E_soil,Equal-count bins,10397,10,60.87688750000001,1.0,0.2401403405670237,58.063291500000005,58.063291500000005,0.9537821968969752,0.9537821968969752,64.0703915,1.0524583981071634,0.6472367080299612,0.5463724769584768,1.787326228147762,1.0916682448954207,3.4655176722947587,0.9974178991354145,1.0369790097641078,1.0797391804119778,1.035504094216047,1.0916682448954207,3.4655176722947587,1.6296244380497071,0.6404469885604189,1.4290265145214576,1.6296244380497071,0.6404469885604189,1.4290265145214576,9.825014204058784,3.671786468490103,6.96696117501587,9.825014204058784
all_zones_E_soil,CD,LPJ-GUESS,P,E_soil,LOWESS,10397,9840,85.80440386660783,1.0,0.3384716205584204,52.96506101882666,52.96506101882666,0.6172767204485978,0.6172767204485978,118.90621986134296,1.3857822501301391,0.6642010273638687,0.5034559716584343,2.6688893408173273,1.8281768978566983,8.971018386615434,1.2679367929077665,2.167496488732172,1.706928574969062,1.2537242258314951,1.8281768978566983,8.971018386615434,1.1822247532865444,1.5467782270547177,0.5361578334888218,1.1822247532865444,1.5467782270547177,0.5361578334888218,17987.432498012007,14517.543264951755,17908.081138655678,17987.432498012007
all_zones_E_soil,CD,LPJ-GUESS,P,E_soil,Polynomial degree 3,10397,300,78.872106454845,1.0,0.3111258686690417,7.117523969922075,7.117523969922075,0.0902413323269985,0.0902413323269985,150.62668893976792,1.9097586676730016,1.2054109255156311,0.771118747202881,10.301957133501444,1.9097586676730012,6.4909451841286865,1.8096166221378425,2.3444379830404993,3.0694664177417046,0.0902413323269988,1.9097586676730012,6.4909451841286865,0.8654821602111356,1.918311209056078,-2.4947886735189257,0.8654821602111356,1.918311209056078,2.4947886735189257,571.0178416342275,123.0548043541339,312.9676140506857,571.0178416342275
all_zones_E_soil,CD,LPJ-GUESS,P,E_soil,GAM,10397,300,96.85478902742491,1.0,0.3820619446517046,52.6774844299516,52.6774844299516,0.5438810507866132,0.5438810507866132,154.22665428086754,1.592349287315029,0.627027217126423,0.557113298749992,1.457183268297675,1.592349287315029,15.987674586452174,1.0320459218403302,2.586789097825176,1.9768603668776852,0.5438810507866133,1.592349287315029,15.987674586452174,0.0270706437066576,1.2651660298348035,0.3466193286088605,0.0270706437066576,1.2651660298348035,0.3466193286088605,476.1124369071937,275.46619600027117,420.2175534718013,476.1124369071937
all_zones_E_soil,CD,LPJ-GUESS,P,E_soil,Piecewise linear,10397,300,140.4069247024756,1.0,0.5538615409012319,92.07809335388905,92.07809335388905,0.6557945311387163,0.6557945311387163,188.7357560510622,1.3442054688612837,0.7463242504119155,0.8133727636647513,1.6538195519996823,1.3442054688612837,26.203618997424854,1.0135593220338996,3.0738747311507826,3.3306690738754696e-14,0.6557945311387162,1.3442054688612837,26.203618997424854,-0.0561574027426959,1.013559322033898,1.0135593220338983,0.0561574027426959,1.013559322033898,1.0135593220338983,401.9174351895241,200.21913010477812,300.5615029861342,401.9174351895241
all_zones_E_soil,CD,LPJ-GUESS,P,E_soil,Symbolic regression,10397,300,157.21605089795943,1.0,0.6201683028758411,98.16948894809236,98.16948894809236,0.6244240863918464,0.6244240863918464,216.26261284782652,1.3755759136081536,0.8493508055489296,0.8490910189336355,1.7459142552256817,1.3755759136081538,112.29719816883792,0.9415344091516498,6.544565831920213,0.1372073954133574,0.6244240863918463,1.3755759136081538,112.29719816883792,0.0478120786998946,0.9444413137518316,0.8842190389974129,0.0478120786998946,0.9444413137518316,0.8842190389974129,411.2971981688378,229.3756042076652,322.87529426909657,411.2971981688378
all_zones_E_soil,CD,CLASSIC,LAI,E_soil,Equal-width bins,13445,10,150.878287,1.0,0.3976501450748989,38.979117,38.979117,0.258348088217624,0.258348088217624,266.28329699999995,1.764888124690864,0.5917814366276003,0.3748830050121317,3.117178427612194,1.6185397999521596,6.593745948688833,0.8712131467583311,2.5773313654394174,1.1956864636967648,0.0366308211742328,1.6185397999521596,6.593745948688833,2.442868309545782,-0.7634903519040276,-1.569485494119056,2.442868309545782,0.7634903519040276,1.569485494119056,14.566858199569436,7.328604928637346,9.858401717212269,14.566858199569436
all_zones_E_soil,CD,CLASSIC,LAI,E_soil,Equal-count bins,13445,9,233.03582,1.0,0.6141819971129977,226.82916,226.82916,0.9733660687871932,0.9733660687871932,239.24248,1.0266339312128068,0.3344635880209615,0.1734825716030959,1.0,80.39364290955335,593.9662695932864,3.6501206608561385,194.3872853498756,12.408710576773384,80.38370522004351,80.39364290955335,593.9662695932864,91.87277035976965,-0.0397507580393713,,91.87277035976965,0.0397507580393713,,643.1491432764269,643.1093925183875,643.1491432764269,643.1491432764269
all_zones_E_soil,CD,CLASSIC,LAI,E_soil,LOWESS,13445,10459,240.95614566730745,1.0,0.6350565623885516,171.79133436633936,171.79133436633936,0.7129568490173925,0.7129568490173925,323.8003468040074,1.3438144352254224,0.2147549395721895,0.2057368193713534,1.6049817293762267,1187.863359763193,3749849.84138699,5.332720674201655,42207.44182332996,10.414539243340704,472.1454271932108,1187.863359763193,3749849.84138699,517.7766672731617,-0.3498123809031743,-0.4403495869262812,517.7766672731617,0.3498123809031743,0.4403495869262812,12422675.016403476,12422335.818205956,12422592.230681133,12422675.016403476
all_zones_E_soil,CD,CLASSIC,LAI,E_soil,Polynomial degree 3,13445,300,318.3414469505489,1.0,0.839010868165802,318.3414469505489,318.3414469505489,1.0,1.0,616.972063211243,1.9380827382715369,1.3419269137114622,0.7609589750777267,5.15368652868617,1.938082738271537,6.185713995345836,1.438460239964545,2.290970580260314,3.82763678572836,0.9999999999999998,1.938082738271537,6.185713995345836,2.0507779926705174,-1.279657187461169,2.20608262291604,2.0507779926705174,1.279657187461169,2.20608262291604,579.4867387431899,220.2682635636212,346.95432512227706,579.4867387431899
all_zones_E_soil,CD,CLASSIC,LAI,E_soil,GAM,13445,300,205.4919259392651,1.0,0.5415881621287837,103.18422018263854,103.18422018263854,0.5021327223004155,0.5021327223004155,310.67552691353,1.5118624514977432,0.4418946821505133,0.2440455757446471,2.213960312903185,1.5118624514977437,25.69114524405412,0.6697465209937774,3.784447626756828,0.5926563084844356,0.5021327223004153,1.5118624514977437,25.69114524405412,2.857035980372857,-0.390043482396243,-0.9695160931223348,2.857035980372857,0.390043482396243,0.9695160931223348,452.0468729978256,316.48095892836415,355.09526368559216,452.0468729978256
all_zones_E_soil,CD,CLASSIC,LAI,E_soil,Piecewise linear,13445,300,197.4926480046523,1.0,0.5205055127002862,197.4926480046523,197.4926480046523,1.0,1.0,197.4926480046523,1.0,0.0846557598075443,0.0696945081898443,0.7984435277153785,1.0000000000000002,25.483779283300823,0.1483134820970565,4.555000800131002,4.9404924595819466e-15,1.0000000000000002,1.0000000000000002,25.483779283300823,2.694856170626869,0.148313482097051,0.1483134820970508,2.694856170626869,0.148313482097051,0.1483134820970508,299.0000000000035,269.4856170626884,284.16865179029776,299.0000000000035
all_zones_E_soil,CD,CLASSIC,LAI,E_soil,Symbolic regression,13445,300,251.80435817953736,1.0,0.6636477756443832,110.06166822241472,110.06166822241472,0.4370919908540279,0.4370919908540279,393.54704813666007,1.5629080091459722,0.7094570295614399,0.2786607785594224,3.40661938357608,1.562908009145972,109.98045301155425,0.8735568590997562,6.732578218130889,1.3346848966518134,0.4370919908540278,1.562908009145972,109.98045301155425,2.9890149541017013,-0.4987938789157163,-1.1883039613215989,2.9890149541017013,0.4987938789157163,1.1883039613215989,467.3094947346458,299.0985045898298,348.4790986024859,467.3094947346458
all_zones_E_soil,CD,LPJ-GUESS,LAI,E_soil,Equal-width bins,10397,9,42.10029599999999,1.0,0.1660725413961498,15.344048,15.344048,0.3644641358341044,0.3644641358341044,68.85654399999999,1.6355358641658957,0.5432244753802313,0.2891708876691354,1.4021260894552652,1.5289051953493558,3.3920138998544265,1.1190334586906618,1.7911145039508083,1.2530181378549583,0.5513625749643504,1.5289051953493558,3.3920138998544265,-1.1269978710145434,0.6736760014004299,1.5479561125141998,1.1269978710145434,0.6736760014004299,1.5479561125141998,12.231241562794846,4.530032057679766,6.551060061881056,12.231241562794846
all_zones_E_soil,CD,LPJ-GUESS,LAI,E_soil,Equal-count bins,10397,10,63.5286305,1.0,0.2506006399231006,6.690939999999998,6.690939999999998,0.1053216470643105,0.1053216470643105,133.748201,2.1053216470643106,0.4232026896509958,0.3955152190164425,0.9901918007122764,300.6514566332935,2538.323158126875,0.9067968871814104,793.3437682911565,1.9913732446052896,298.5264458687953,300.6514566332935,2538.323158126875,537.0186215716585,0.4090178100443344,0.4178515307321738,537.0186215716585,0.4090178100443344,0.4178515307321738,2705.863109699641,2704.218204738776,2705.445258168909,2705.863109699641
all_zones_E_soil,CD,LPJ-GUESS,LAI,E_soil,LOWESS,10397,10252,67.60649612636361,1.0,0.2666865483937253,43.34854444905718,43.34854444905718,0.6411890414795971,0.6411890414795971,179.65544183411737,2.6573695151768044,0.3845076712044383,0.3617738453581149,1.5564121529034212,829.6476735545604,5758.091718822535,1.5374144884415393,1830.4945926187424,1.9276323566616325,826.6296363542391,829.6476735545604,5758.091718822535,1105.1372219784623,0.6709103892096444,0.9808390090408692,1105.1372219784623,0.6709103892096444,0.9808390090408692,8504718.301607812,8502794.664350707,8504515.267932938,8504718.301607812
all_zones_E_soil,CD,LPJ-GUESS,LAI,E_soil,Polynomial degree 3,10397,300,62.225000168155994,1.0,0.245458224718931,-51.00057206538886,51.00057206538886,-0.8196154588600338,0.8196154588600338,119.71872665113096,1.923965067538846,1.959446594231906,0.5995264881264587,33.94127907195723,1.9239650675388456,7.279709093414246,1.5184298248911616,2.3782320047050733,3.650322273684826,-0.8196154588600336,1.9239650675388456,7.279709093414246,-0.8101992088677973,1.3543940841855986,-2.981301156467446,0.8101992088677973,1.3543940841855986,2.981301156467446,575.2655551941148,141.31065650648546,275.39567084085985,575.2655551941148
all_zones_E_soil,CD,LPJ-GUESS,LAI,E_soil,GAM,10397,300,45.87226356534019,1.0,0.1809517773910676,-32.52848187762999,32.52848187762999,-0.7091100231253382,0.7091100231253382,127.23517463968506,2.7736842429511244,1.1477199241527265,0.4185433717560906,8.500356760226696,2.7736842429511244,14.395525723023766,2.0833632396329342,3.700423922099212,4.529303933110834,-0.7091100231253382,2.7736842429511244,14.395525723023766,-0.9466519205658896,1.4915924057988363,-2.6502635303197195,0.9466519205658896,1.4915924057988363,2.6502635303197195,829.3315886423854,335.0374421144076,502.01278201640247,829.3315886423854
all_zones_E_soil,CD,LPJ-GUESS,LAI,E_soil,Piecewise linear,10397,300,53.18011973248357,1.0,0.2097789914760951,19.965642676580487,19.965642676580487,0.3754343310435429,0.3754343310435429,86.39459678838665,1.624565668956457,0.4425729388984816,0.4793469538230642,0.8108832578786226,1.6245656689564572,11.089180833935892,1.0602836879432669,2.791068546382823,4.9293902293356957e-14,0.3754343310435429,1.6245656689564572,11.089180833935892,-0.9874158891868988,1.0602836879432629,1.0602836879432622,0.9874158891868988,1.0602836879432629,1.0602836879432622,485.7451350179808,274.7486811172714,379.71676622365425,485.7451350179808
all_zones_E_soil,CD,LPJ-GUESS,LAI,E_soil,Symbolic regression,10397,300,63.290332567870664,1.0,0.2496606288790413,-4.949749584118997,4.949749584118997,-0.0782070402112522,0.0782070402112522,121.63091555162234,1.921792959788748,0.2833485078407223,0.2637129509373799,7.995714108235033,1.9217929597887475,264.7756253104256,0.4337292139018299,16.51643034241861,0.4092913525605227,-0.0782070402112521,1.9217929597887475,264.7756253104256,-0.9523551334567792,0.4455935077967617,0.2773785105063414,0.9523551334567792,0.4455935077967617,0.2773785105063414,574.6160949768353,502.7644866543219,546.8782439262013,574.6160949768353
